chamber,member_id,name,party,party_code,constituency,state_or_ut,image_url,local_image_path,image_status,source_directory_url,retrieved_at_utc,cloudinary_public_id,cloudinary_url,cloudinary_asset_id,cloudinary_status,uploaded_at_utc
Lok Sabha,5814,Mani A,Dravida Munnetra Kazhagam,DMK,Dharmapuri,Tamil Nadu,https://sansad.in/getFile/dms/fetch/f67837c8-f1e6-4194-9939-01c9dcd4a09f?source=dsp2,/Users/alokkumardalei/Desktop/MPLED/MPLEDs/data/mp_profiles/images/ls_5814.jpg,cached,https://sansad.in/ls/members,2026-08-29T07:57:18.033216+00:00,mplads/mp_profiles/lok_sabha/5814_mani_a,https://res.cloudinary.com/dfgsefn5v/image/upload/v1788003128/mplads/mp_profiles/lok_sabha/5814_mani_a.jpg,19547b87ff57aef696cf298e2a6c9b17,uploaded,2026-08-29T11:32:09.377355+00:00
Lok Sabha,344,Raja A,Dravida Munnetra Kazhagam,DMK,Nilgiris,Tamil Nadu,https://sansad.in/getFile/dms/fetch/aec33db8-0fdb-4cb0-be00-5ba472908abe?source=dsp2,/Users/alokkumardalei/Desktop/MPLED/MPLEDs/data/mp_profiles/images/ls_344.jpg,cached,https://sansad.in/ls/members,2026-08-29T07:57:18.033216+00:00,mplads/mp_profiles/lok_sabha/344_raja_a,https://res.cloudinary.com/dfgsefn5v/image/upload/v1788003128/mplads/mp_profiles/lok_sabha/344_raja_a.jpg,36de2672a286375beec6142c2dee12b3,uploaded,2026-08-29T11:32:08.939582+00:00
Lok Sabha,5677,Brijmohan Agrawal,Bharatiya Janata Party,BJP,Raipur,Chhattisgarh,https://sansad.in/getFile/dms/fetch/91c6f37a-5ddc-4e6c-bab4-bc252c02b77e?source=dsp2,/Users/alokkumardalei/Desktop/MPLED/MPLEDs/data/mp_profiles/images/ls_5677.jpg,cached,https://sansad.in/ls/members,2026-08-29T07:57:18.033216+00:00,mplads/mp_profiles/lok_sabha/5677_brijmohan_agrawal,https://res.cloudinary.com/dfgsefn5v/image/upload/v1788003128/mplads/mp_profiles/lok_sabha/5677_brijmohan_agrawal.jpg,95ed1115f51aa50606b97fff369e1988,uploaded,2026-08-29T11:32:09.308546+00:00
Lok Sabha,5620,Damodar Agrawal,Bharatiya Janata Party,BJP,Bhilwara,Rajasthan,https://sansad.in/getFile/dms/fetch/6be2383e-8431-4612-8d8b-d79e720c899b?source=dsp2,/Users/alokkumardalei/Desktop/MPLED/MPLEDs/data/mp_profiles/images/ls_5620.jpg,cached,https://sansad.in/ls/members,2026-08-29T07:57:18.033216+00:00,mplads/mp_profiles/lok_sabha/5620_damodar_agrawal,https://res.cloudinary.com/dfgsefn5v/image/upload/v1788003128/mplads/mp_profiles/lok_sabha/5620_damodar_agrawal.jpg,b5dd33655f5887946760889429ffbbdb,uploaded,2026-08-29T11:32:09.294973+00:00
Lok Sabha,5782,Narayandas Ahirwar,Samajwadi Party,SP,Jalaun,Uttar Pradesh,https://sansad.in/getFile/dms/fetch/d5445de6-a77e-42cc-9f7e-3063d7cc1cd0?source=dsp2,/Users/alokkumardalei/Desktop/MPLED/MPLEDs/data/mp_profiles/images/ls_5782.jpg,cached,https://sansad.in/ls/members,2026-08-29T07:57:18.033216+00:00,mplads/mp_profiles/lok_sabha/5782_narayandas_ahirwar,https://res.cloudinary.com/dfgsefn5v/image/upload/v1788003129/mplads/mp_profiles/lok_sabha/5782_narayandas_ahirwar.jpg,d222290fb622ddcacb40f6cc1bbd6477,uploaded,2026-08-29T11:32:09.531376+00:00
Lok Sabha,5781,Mian Altaf Ahmad,Jammu and Kashmir National Conference,J&KNC,Anantnag-Rajouri,Jammu and Kashmir,https://sansad.in/getFile/dms/fetch/3d848e17-9f59-45c8-bfd8-b4708e03fec0?source=dsp2,/Users/alokkumardalei/Desktop/MPLED/MPLEDs/data/mp_profiles/images/ls_5781.jpg,cached,https://sansad.in/ls/members,2026-08-29T07:57:18.033216+00:00,mplads/mp_profiles/lok_sabha/5781_mian_altaf_ahmad,https://res.cloudinary.com/dfgsefn5v/image/upload/v1788003129/mplads/mp_profiles/lok_sabha/5781_mian_altaf_ahmad.jpg,6ded78e6d17455e99007d00d0a9f5f64,uploaded,2026-08-29T11:32:09.877824+00:00
Lok Sabha,4944,Sajda Ahmed,All India Trinamool Congress,AITC,Uluberia,West Bengal,https://sansad.in/getFile/dms/fetch/5810d8cd-70e3-4aa4-82fd-65f3a38bf1ff?source=dsp2,/Users/alokkumardalei/Desktop/MPLED/MPLEDs/data/mp_profiles/images/ls_4944.jpg,cached,https://sansad.in/ls/members,2026-08-29T07:57:18.033216+00:00,mplads/mp_profiles/lok_sabha/4944_sajda_ahmed,https://res.cloudinary.com/dfgsefn5v/image/upload/v1788003129/mplads/mp_profiles/lok_sabha/4944_sajda_ahmed.jpg,60c5d8a68b4fb889c68646dd4ae05e43,uploaded,2026-08-29T11:32:09.843028+00:00
Lok Sabha,5788,Angomcha Bimol Akoijam,Indian National Congress,INC,Inner Manipur,Manipur,https://sansad.in/getFile/dms/fetch/6dabbcaf-414f-489a-8309-1ddfa87d800a?source=dsp2,/Users/alokkumardalei/Desktop/MPLED/MPLEDs/data/mp_profiles/images/ls_5788.jpg,cached,https://sansad.in/ls/members,2026-08-29T07:57:18.033216+00:00,mplads/mp_profiles/lok_sabha/5788_angomcha_bimol_akoijam,https://res.cloudinary.com/dfgsefn5v/image/upload/v1788003129/mplads/mp_profiles/lok_sabha/5788_angomcha_bimol_akoijam.jpg,8b36a0f287f7250b9e6236a6cc0bf4bc,uploaded,2026-08-29T11:32:09.993711+00:00
Lok Sabha,3464,Lovely Anand,Janata Dal (United),JD(U),Sheohar,Bihar,https://sansad.in/getFile/dms/fetch/dcf11748-2f54-4bc8-8fa1-a0549e360a43?source=dsp2,/Users/alokkumardalei/Desktop/MPLED/MPLEDs/data/mp_profiles/images/ls_3464.jpg,cached,https://sansad.in/ls/members,2026-08-29T07:57:18.033216+00:00,mplads/mp_profiles/lok_sabha/3464_lovely_anand,https://res.cloudinary.com/dfgsefn5v/image/upload/v1788003129/mplads/mp_profiles/lok_sabha/3464_lovely_anand.jpg,4cb1c31dadf024a242e6190ccf5c952f,uploaded,2026-08-29T11:32:10.093552+00:00
Lok Sabha,5528,D M Kathir Anand,Dravida Munnetra Kazhagam,DMK,Vellore,Tamil Nadu,https://sansad.in/getFile/dms/fetch/be60dd5f-6f56-44bc-9c8f-72d740078961?source=dsp2,/Users/alokkumardalei/Desktop/MPLED/MPLEDs/data/mp_profiles/images/ls_5528.jpg,cached,https://sansad.in/ls/members,2026-08-29T07:57:18.033216+00:00,mplads/mp_profiles/lok_sabha/5528_d_m_kathir_anand,https://res.cloudinary.com/dfgsefn5v/image/upload/v1788003130/mplads/mp_profiles/lok_sabha/5528_d_m_kathir_anand.jpg,5de601931acf34565c522a7fa01906d4,uploaded,2026-08-29T11:32:10.418406+00:00
Lok Sabha,4969,C N Annadurai,Dravida Munnetra Kazhagam,DMK,Tiruvannamalai,Tamil Nadu,https://sansad.in/getFile/dms/fetch/48f19788-c4be-4bc3-82ef-6913af52c792?source=dsp2,/Users/alokkumardalei/Desktop/MPLED/MPLEDs/data/mp_profiles/images/ls_4969.jpg,cached,https://sansad.in/ls/members,2026-08-29T07:57:18.033216+00:00,mplads/mp_profiles/lok_sabha/4969_c_n_annadurai,https://res.cloudinary.com/dfgsefn5v/image/upload/v1788003130/mplads/mp_profiles/lok_sabha/4969_c_n_annadurai.jpg,e5c1f953183b8bb9ccffc454772136f3,uploaded,2026-08-29T11:32:10.538662+00:00
Lok Sabha,4170,Afzal Ansari,Samajwadi Party,SP,Ghazipur,Uttar Pradesh,https://sansad.in/getFile/dms/fetch/cb7f9a3b-959a-4dda-b517-b547b9adff2c?source=dsp2,/Users/alokkumardalei/Desktop/MPLED/MPLEDs/data/mp_profiles/images/ls_4170.jpg,cached,https://sansad.in/ls/members,2026-08-29T07:57:18.033216+00:00,mplads/mp_profiles/lok_sabha/4170_afzal_ansari,https://res.cloudinary.com/dfgsefn5v/image/upload/v1788003130/mplads/mp_profiles/lok_sabha/4170_afzal_ansari.jpg,96aa05f413b6f923364c7f3380c1e61a,uploaded,2026-08-29T11:32:10.804586+00:00
Lok Sabha,4571,Anto Antony,Indian National Congress,INC,Pathanamthitta,Kerala,https://sansad.in/getFile/dms/fetch/5cb6d20f-d249-473d-951e-45bbf45830c1?source=dsp2,/Users/alokkumardalei/Desktop/MPLED/MPLEDs/data/mp_profiles/images/ls_4571.jpg,cached,https://sansad.in/ls/members,2026-08-29T07:57:18.033216+00:00,mplads/mp_profiles/lok_sabha/4571_anto_antony,https://res.cloudinary.com/dfgsefn5v/image/upload/v1788003130/mplads/mp_profiles/lok_sabha/4571_anto_antony.jpg,1a0610ab1f04a6e0edbcb001df8ad56e,uploaded,2026-08-29T11:32:10.690662+00:00
Lok Sabha,2664,Tariq Anwar,Indian National Congress,INC,Katihar,Bihar,https://sansad.in/getFile/dms/fetch/2fcc4f7c-aed3-4c0d-be83-ef5a74c47356?source=dsp2,/Users/alokkumardalei/Desktop/MPLED/MPLEDs/data/mp_profiles/images/ls_2664.jpg,cached,https://sansad.in/ls/members,2026-08-29T07:57:18.033216+00:00,mplads/mp_profiles/lok_sabha/2664_tariq_anwar,https://res.cloudinary.com/dfgsefn5v/image/upload/v1788003130/mplads/mp_profiles/lok_sabha/2664_tariq_anwar.jpg,98dc14f9762fda214e1d35f2120a3692,uploaded,2026-08-29T11:32:11.046447+00:00
Lok Sabha,5582,Alfred Kanngam S Arthur,Indian National Congress,INC,Outer Manipur,Manipur,https://sansad.in/getFile/dms/fetch/4c98bcc6-72dd-4d96-bdf3-518a1f9c907e?source=dsp2,/Users/alokkumardalei/Desktop/MPLED/MPLEDs/data/mp_profiles/images/ls_5582.jpg,cached,https://sansad.in/ls/members,2026-08-29T07:57:18.033216+00:00,mplads/mp_profiles/lok_sabha/5582_alfred_kanngam_s_arthur,https://res.cloudinary.com/dfgsefn5v/image/upload/v1788003130/mplads/mp_profiles/lok_sabha/5582_alfred_kanngam_s_arthur.jpg,6e5d74e634dcc25d5c7c2ee9795f38da,uploaded,2026-08-29T11:32:11.183556+00:00
Lok Sabha,5703,D K Aruna,Bharatiya Janata Party,BJP,Mahbubnagar,Telangana,https://sansad.in/getFile/dms/fetch/d8a8f133-aa5a-4084-bd57-71120274e134?source=dsp2,/Users/alokkumardalei/Desktop/MPLED/MPLEDs/data/mp_profiles/images/ls_5703.jpg,cached,https://sansad.in/ls/members,2026-08-29T07:57:18.033216+00:00,mplads/mp_profiles/lok_sabha/5703_d_k_aruna,https://res.cloudinary.com/dfgsefn5v/image/upload/v1788003130/mplads/mp_profiles/lok_sabha/5703_d_k_aruna.jpg,36d93b947397485065dc2dbb80c3d8dc,uploaded,2026-08-29T11:32:11.214283+00:00
Lok Sabha,5684,Bhumare Sandipanrao Asaram,Shiv Sena,SS,Aurangabad,Maharashtra,https://sansad.in/getFile/dms/fetch/52e2311d-c511-47d6-a349-48ffd4cda800?source=dsp2,/Users/alokkumardalei/Desktop/MPLED/MPLEDs/data/mp_profiles/images/ls_5684.jpg,cached,https://sansad.in/ls/members,2026-08-29T07:57:18.033216+00:00,mplads/mp_profiles/lok_sabha/5684_bhumare_sandipanrao_asaram,https://res.cloudinary.com/dfgsefn5v/image/upload/v1788003131/mplads/mp_profiles/lok_sabha/5684_bhumare_sandipanrao_asaram.jpg,27158756258d4b09464d4ced6898b7c9,uploaded,2026-08-29T11:32:11.375177+00:00
Lok Sabha,4940,Gurjeet Singh Aujla,Indian National Congress,INC,Amritsar,Punjab,https://sansad.in/getFile/dms/fetch/186976f5-baf3-40aa-9f63-d39894a1ae88?source=dsp2,/Users/alokkumardalei/Desktop/MPLED/MPLEDs/data/mp_profiles/images/ls_4940.jpg,cached,https://sansad.in/ls/members,2026-08-29T07:57:18.033216+00:00,mplads/mp_profiles/lok_sabha/4940_gurjeet_singh_aujla,https://res.cloudinary.com/dfgsefn5v/image/upload/v1788003133/mplads/mp_profiles/lok_sabha/4940_gurjeet_singh_aujla.jpg,46a60002af3007043026e240a32b0d25,uploaded,2026-08-29T11:32:13.352190+00:00
Lok Sabha,5608,Ramesh Awasthi,Bharatiya Janata Party,BJP,Kanpur,Uttar Pradesh,https://sansad.in/getFile/dms/fetch/1ac0ea7e-f3a4-4290-a23c-561a2b7f321f?source=dsp2,/Users/alokkumardalei/Desktop/MPLED/MPLEDs/data/mp_profiles/images/ls_5608.jpg,cached,https://sansad.in/ls/members,2026-08-29T07:57:18.033216+00:00,mplads/mp_profiles/lok_sabha/5608_ramesh_awasthi,https://res.cloudinary.com/dfgsefn5v/image/upload/v1788003131/mplads/mp_profiles/lok_sabha/5608_ramesh_awasthi.jpg,bea2125acdee402f433a26eb74655793,uploaded,2026-08-29T11:32:11.796314+00:00
Lok Sabha,4552,Manickam Tagore B,Indian National Congress,INC,Virudhunagar,Tamil Nadu,https://sansad.in/getFile/dms/fetch/bc43776a-5e70-4866-a20f-04f6a72496a9?source=dsp2,/Users/alokkumardalei/Desktop/MPLED/MPLEDs/data/mp_profiles/images/ls_4552.jpg,cached,https://sansad.in/ls/members,2026-08-29T07:57:18.033216+00:00,mplads/mp_profiles/lok_sabha/4552_manickam_tagore_b,https://res.cloudinary.com/dfgsefn5v/image/upload/v1788003131/mplads/mp_profiles/lok_sabha/4552_manickam_tagore_b.jpg,5abdd23ec27f558d4ccf498f777bec68,uploaded,2026-08-29T11:32:11.894337+00:00
Lok Sabha,26,T R Baalu,Dravida Munnetra Kazhagam,DMK,Sriperumbudur,Tamil Nadu,https://sansad.in/getFile/dms/fetch/38fdd995-5190-4811-891e-9c6e49b85211?source=dsp2,/Users/alokkumardalei/Desktop/MPLED/MPLEDs/data/mp_profiles/images/ls_26.jpg,cached,https://sansad.in/ls/members,2026-08-29T07:57:18.033216+00:00,mplads/mp_profiles/lok_sabha/26_t_r_baalu,https://res.cloudinary.com/dfgsefn5v/image/upload/v1788003131/mplads/mp_profiles/lok_sabha/26_t_r_baalu.jpg,e75d4dbd12747a120e1dfb90aa125df0,uploaded,2026-08-29T11:32:12.690577+00:00
Lok Sabha,5655,M Mallesh Babu,Janata Dal (Secular),JD(S),Kolar,Karnataka,https://sansad.in/getFile/dms/fetch/225aa8fe-1f32-4ce6-9358-a04e111ebf42?source=dsp2,/Users/alokkumardalei/Desktop/MPLED/MPLEDs/data/mp_profiles/images/ls_5655.jpg,cached,https://sansad.in/ls/members,2026-08-29T07:57:18.033216+00:00,mplads/mp_profiles/lok_sabha/5655_m_mallesh_babu,https://res.cloudinary.com/dfgsefn5v/image/upload/v1788003132/mplads/mp_profiles/lok_sabha/5655_m_mallesh_babu.jpg,01c2712b3eef9b98b8759b935cb87659,uploaded,2026-08-29T11:32:12.452503+00:00
Lok Sabha,5714,Patel Umeshbhai Babubhai,Independent,Ind.,Daman and Diu,Dadra and Nagar Haveli and Daman and Diu,https://sansad.in/getFile/dms/fetch/e1ed07c1-004e-4f7f-bb4e-fcfa57508fd2?source=dsp2,/Users/alokkumardalei/Desktop/MPLED/MPLEDs/data/mp_profiles/images/ls_5714.jpg,cached,https://sansad.in/ls/members,2026-08-29T07:57:18.033216+00:00,mplads/mp_profiles/lok_sabha/5714_patel_umeshbhai_babubhai,https://res.cloudinary.com/dfgsefn5v/image/upload/v1788003132/mplads/mp_profiles/lok_sabha/5714_patel_umeshbhai_babubhai.jpg,0f9b608df6d955d6c7f364a272cd8492,uploaded,2026-08-29T11:32:12.465918+00:00
Lok Sabha,4433,Harsimrat Kaur Badal,Shiromani Akali Dal,SAD,Bathinda,Punjab,https://sansad.in/getFile/dms/fetch/9ee00122-a9a1-4890-bb39-817061927070?source=dsp2,/Users/alokkumardalei/Desktop/MPLED/MPLEDs/data/mp_profiles/images/ls_4433.jpg,cached,https://sansad.in/ls/members,2026-08-29T07:57:18.033216+00:00,mplads/mp_profiles/lok_sabha/4433_harsimrat_kaur_badal,https://res.cloudinary.com/dfgsefn5v/image/upload/v1788003132/mplads/mp_profiles/lok_sabha/4433_harsimrat_kaur_badal.jpg,aeddf874a8ad07f27fb635601b3e9e32,uploaded,2026-08-29T11:32:13.059669+00:00
Lok Sabha,31,S  P Singh Baghel,Bharatiya Janata Party,BJP,Agra,Uttar Pradesh,https://sansad.in/getFile/dms/fetch/36390271-3bad-42ef-bae3-54e71dd5e829?source=dsp2,/Users/alokkumardalei/Desktop/MPLED/MPLEDs/data/mp_profiles/images/ls_31.jpg,cached,https://sansad.in/ls/members,2026-08-29T07:57:18.033216+00:00,mplads/mp_profiles/lok_sabha/31_s_p_singh_baghel,https://res.cloudinary.com/dfgsefn5v/image/upload/v1788003132/mplads/mp_profiles/lok_sabha/31_s_p_singh_baghel.jpg,1c33d2d83018210af41980be5bd37d60,uploaded,2026-08-29T11:32:13.461751+00:00
Lok Sabha,5007,Vijay Baghel,Bharatiya Janata Party,BJP,Durg,Chhattisgarh,https://sansad.in/getFile/dms/fetch/3417c78e-0791-42b7-8ee1-0b875723c616?source=dsp2,/Users/alokkumardalei/Desktop/MPLED/MPLEDs/data/mp_profiles/images/ls_5007.jpg,cached,https://sansad.in/ls/members,2026-08-29T07:57:18.033216+00:00,mplads/mp_profiles/lok_sabha/5007_vijay_baghel,https://res.cloudinary.com/dfgsefn5v/image/upload/v1788003132/mplads/mp_profiles/lok_sabha/5007_vijay_baghel.jpg,fc28172d54444b54cdbac58d0a878cfb,uploaded,2026-08-29T11:32:13.337087+00:00
Lok Sabha,5722,G M Harish Balayogi,Telugu Desam Party,TDP,Amalapuram,Andhra Pradesh,https://sansad.in/getFile/dms/fetch/3eff103b-6c24-42b9-ae07-9f7d4089ea44?source=dsp2,/Users/alokkumardalei/Desktop/MPLED/MPLEDs/data/mp_profiles/images/ls_5722.jpg,cached,https://sansad.in/ls/members,2026-08-29T07:57:18.033216+00:00,mplads/mp_profiles/lok_sabha/5722_g_m_harish_balayogi,https://res.cloudinary.com/dfgsefn5v/image/upload/v1788003133/mplads/mp_profiles/lok_sabha/5722_g_m_harish_balayogi.jpg,9a88d77a876c97bc96136a59cc84c36c,uploaded,2026-08-29T11:32:13.764452+00:00
Lok Sabha,5557,Anil Baluni,Bharatiya Janata Party,BJP,Garhwal,Uttarakhand,https://sansad.in/getFile/dms/fetch/8a15f91d-a77a-448f-8d0c-a206e760b50e?source=dsp2,/Users/alokkumardalei/Desktop/MPLED/MPLEDs/data/mp_profiles/images/ls_5557.jpg,cached,https://sansad.in/ls/members,2026-08-29T07:57:18.033216+00:00,mplads/mp_profiles/lok_sabha/5557_anil_baluni,https://res.cloudinary.com/dfgsefn5v/image/upload/v1788003133/mplads/mp_profiles/lok_sabha/5557_anil_baluni.jpg,a7533aff5b8c4f3215dab5209ba6e53b,uploaded,2026-08-29T11:32:13.873243+00:00
Lok Sabha,5614,Nimuben Jayantibhai Bambhaniya,Bharatiya Janata Party,BJP,Bhavnagar,Gujarat,https://sansad.in/getFile/dms/fetch/993a6795-bf6e-4df7-92f8-71ea6c7a5a3d?source=dsp2,/Users/alokkumardalei/Desktop/MPLED/MPLEDs/data/mp_profiles/images/ls_5614.jpg,cached,https://sansad.in/ls/members,2026-08-29T07:57:18.033216+00:00,mplads/mp_profiles/lok_sabha/5614_nimuben_jayantibhai_bambhaniya,https://res.cloudinary.com/dfgsefn5v/image/upload/v1788003133/mplads/mp_profiles/lok_sabha/5614_nimuben_jayantibhai_bambhaniya.jpg,0538c0eede42a04cfb9c19cfcadb5225,uploaded,2026-08-29T11:32:14.302356+00:00
Lok Sabha,38,Sudip Bandyopadhyay,All India Trinamool Congress,AITC,Kolkata Uttar,West Bengal,https://sansad.in/getFile/dms/fetch/d67ddb50-8104-441f-8eb3-222cf14e83f6?source=dsp2,/Users/alokkumardalei/Desktop/MPLED/MPLEDs/data/mp_profiles/images/ls_38.jpg,cached,https://sansad.in/ls/members,2026-08-29T07:57:18.033216+00:00,mplads/mp_profiles/lok_sabha/38_sudip_bandyopadhyay,https://res.cloudinary.com/dfgsefn5v/image/upload/v1788003133/mplads/mp_profiles/lok_sabha/38_sudip_bandyopadhyay.jpg,003744c79e5611e987cab89957bd3a05,uploaded,2026-08-29T11:32:14.045870+00:00
Lok Sabha,4843,Abhishek Banerjee,All India Trinamool Congress,AITC,Diamond Harbour,West Bengal,https://sansad.in/getFile/dms/fetch/9ddf9df2-5eba-438f-a8c8-fc305ed81eab?source=dsp2,/Users/alokkumardalei/Desktop/MPLED/MPLEDs/data/mp_profiles/images/ls_4843.jpg,cached,https://sansad.in/ls/members,2026-08-29T07:57:18.033216+00:00,mplads/mp_profiles/lok_sabha/4843_abhishek_banerjee,https://res.cloudinary.com/dfgsefn5v/image/upload/v1788003134/mplads/mp_profiles/lok_sabha/4843_abhishek_banerjee.jpg,95505e35ba6a291f008fcf19944bce46,uploaded,2026-08-29T11:32:14.427256+00:00
Lok Sabha,4498,Kalyan Banerjee,All India Trinamool Congress,AITC,Sreerampur,West Bengal,https://sansad.in/getFile/dms/fetch/b1e8201a-6044-4517-bfad-80feb3faaebd?source=dsp2,/Users/alokkumardalei/Desktop/MPLED/MPLEDs/data/mp_profiles/images/ls_4498.jpg,cached,https://sansad.in/ls/members,2026-08-29T07:57:18.033216+00:00,mplads/mp_profiles/lok_sabha/4498_kalyan_banerjee,https://res.cloudinary.com/dfgsefn5v/image/upload/v1788003134/mplads/mp_profiles/lok_sabha/4498_kalyan_banerjee.jpg,e69d96ed1e94ff470c5f8cb7bf0bbe00,uploaded,2026-08-29T11:32:14.400530+00:00
Lok Sabha,4583,Prasun Banerjee,All India Trinamool Congress,AITC,Howrah,West Bengal,https://sansad.in/getFile/dms/fetch/b6837ecb-e5aa-4a2e-ae00-ccb662d7ac78?source=dsp2,/Users/alokkumardalei/Desktop/MPLED/MPLEDs/data/mp_profiles/images/ls_4583.jpg,cached,https://sansad.in/ls/members,2026-08-29T07:57:18.033216+00:00,mplads/mp_profiles/lok_sabha/4583_prasun_banerjee,https://res.cloudinary.com/dfgsefn5v/image/upload/v1788003134/mplads/mp_profiles/lok_sabha/4583_prasun_banerjee.jpg,ea79c09a9405df63ed0126f0695c9241,uploaded,2026-08-29T11:32:14.821107+00:00
Lok Sabha,5638,Rachna Banerjee,All India Trinamool Congress,AITC,Hooghly,West Bengal,https://sansad.in/getFile/dms/fetch/d7dcc7f5-7d99-4cf4-994f-014aaf1818f2?source=dsp2,/Users/alokkumardalei/Desktop/MPLED/MPLEDs/data/mp_profiles/images/ls_5638.jpg,cached,https://sansad.in/ls/members,2026-08-29T07:57:18.033216+00:00,mplads/mp_profiles/lok_sabha/5638_rachna_banerjee,https://res.cloudinary.com/dfgsefn5v/image/upload/v1788003134/mplads/mp_profiles/lok_sabha/5638_rachna_banerjee.jpg,fd36f79dba4f0053dbcc8e706808f61e,uploaded,2026-08-29T11:32:15.020469+00:00
Lok Sabha,5640,Aashtikar Patil Nagesh Bapurao,Shiv Sena,SS,Hingoli,Maharashtra,https://sansad.in/getFile/dms/fetch/ede241bd-54d5-408c-a4b5-b65cd92cd150?source=dsp2,/Users/alokkumardalei/Desktop/MPLED/MPLEDs/data/mp_profiles/images/ls_5640.jpg,cached,https://sansad.in/ls/members,2026-08-29T07:57:18.033216+00:00,mplads/mp_profiles/lok_sabha/5640_aashtikar_patil_nagesh_bapurao,https://res.cloudinary.com/dfgsefn5v/image/upload/v1788003134/mplads/mp_profiles/lok_sabha/5640_aashtikar_patil_nagesh_bapurao.jpg,a55a4f4a656895c2820449d8235b30a6,uploaded,2026-08-29T11:32:14.989718+00:00
Lok Sabha,5611,Shobhanaben Mahendrasinh Baraiya,Bharatiya Janata Party,BJP,Sabarkantha,Gujarat,https://sansad.in/getFile/dms/fetch/1cc7a6de-284e-4ee1-b8c9-bca95cb7613d?source=dsp2,/Users/alokkumardalei/Desktop/MPLED/MPLEDs/data/mp_profiles/images/ls_5611.jpg,cached,https://sansad.in/ls/members,2026-08-29T07:57:18.033216+00:00,mplads/mp_profiles/lok_sabha/5611_shobhanaben_mahendrasinh_baraiya,https://res.cloudinary.com/dfgsefn5v/image/upload/v1788003134/mplads/mp_profiles/lok_sabha/5611_shobhanaben_mahendrasinh_baraiya.jpg,9bffb482a25bf3aee8a63a23f496cd7b,uploaded,2026-08-29T11:32:15.009759+00:00
Lok Sabha,4781,Shrirang Appa Chandu Barne,Shiv Sena,SS,Maval,Maharashtra,https://sansad.in/getFile/dms/fetch/62da597b-75c4-4cb1-8c4f-6c09d605ef86?source=dsp2,/Users/alokkumardalei/Desktop/MPLED/MPLEDs/data/mp_profiles/images/ls_4781.jpg,cached,https://sansad.in/ls/members,2026-08-29T07:57:18.033216+00:00,mplads/mp_profiles/lok_sabha/4781_shrirang_appa_chandu_barne,https://res.cloudinary.com/dfgsefn5v/image/upload/v1788003135/mplads/mp_profiles/lok_sabha/4781_shrirang_appa_chandu_barne.jpg,cf78f5b0753f80c6b1aa086e50ae11b5,uploaded,2026-08-29T11:32:18.074886+00:00
Lok Sabha,4937,Pradan Baruah,Bharatiya Janata Party,BJP,Lakhimpur,Assam,https://sansad.in/getFile/dms/fetch/55acf9a9-80dc-4610-b823-01b65152546f?source=dsp2,/Users/alokkumardalei/Desktop/MPLED/MPLEDs/data/mp_profiles/images/ls_4937.jpg,cached,https://sansad.in/ls/members,2026-08-29T07:57:18.033216+00:00,mplads/mp_profiles/lok_sabha/4937_pradan_baruah,https://res.cloudinary.com/dfgsefn5v/image/upload/v1788003135/mplads/mp_profiles/lok_sabha/4937_pradan_baruah.jpg,d75cdbe6e987ae04620ad529b8d754ee,uploaded,2026-08-29T11:32:15.542127+00:00
Lok Sabha,5736,Shyamkumar Daulat Barve,Indian National Congress,INC,Ramtek,Maharashtra,https://sansad.in/getFile/dms/fetch/53138461-4087-476a-b9d2-e1dff1dfdd8e?source=dsp2,/Users/alokkumardalei/Desktop/MPLED/MPLEDs/data/mp_profiles/images/ls_5736.jpg,cached,https://sansad.in/ls/members,2026-08-29T07:57:18.033216+00:00,mplads/mp_profiles/lok_sabha/5736_shyamkumar_daulat_barve,https://res.cloudinary.com/dfgsefn5v/image/upload/v1788003135/mplads/mp_profiles/lok_sabha/5736_shyamkumar_daulat_barve.jpg,e9f4ff1a0245b7f3064af3315177f218,uploaded,2026-08-29T11:32:15.604285+00:00
Lok Sabha,4561,E T Mohammed Basheer,Indian Union Muslim League,IUML,Malappuram,Kerala,https://sansad.in/getFile/dms/fetch/b3f8ff8f-cf5f-4272-8514-14209307a8a0?source=dsp2,/Users/alokkumardalei/Desktop/MPLED/MPLEDs/data/mp_profiles/images/ls_4561.jpg,cached,https://sansad.in/ls/members,2026-08-29T07:57:18.033216+00:00,mplads/mp_profiles/lok_sabha/4561_e_t_mohammed_basheer,https://res.cloudinary.com/dfgsefn5v/image/upload/v1788003135/mplads/mp_profiles/lok_sabha/4561_e_t_mohammed_basheer.jpg,5679790c83c0743eb4aade1147aeff82,uploaded,2026-08-29T11:32:15.619418+00:00
Lok Sabha,5548,Joyanta Basumatary,"United Peoples Party, Liberal",UPPL,Kokrajhar,Assam,https://sansad.in/getFile/dms/fetch/5effa193-5359-4d3f-a2a5-3c70d88ff5e5?source=dsp2,/Users/alokkumardalei/Desktop/MPLED/MPLEDs/data/mp_profiles/images/ls_5548.jpg,cached,https://sansad.in/ls/members,2026-08-29T07:57:18.033216+00:00,mplads/mp_profiles/lok_sabha/5548_joyanta_basumatary,https://res.cloudinary.com/dfgsefn5v/image/upload/v1788003135/mplads/mp_profiles/lok_sabha/5548_joyanta_basumatary.jpg,dcb59f24ae3b78b73b280ef96d57bf3a,uploaded,2026-08-29T11:32:16.212697+00:00
Lok Sabha,5833,Jagadish Chandra Barma Basunia,All India Trinamool Congress,AITC,Coochbehar,West Bengal,https://sansad.in/getFile/dms/fetch/3aeeffd4-e1e0-4f30-be4c-08a48b9ba3ed?source=dsp2,/Users/alokkumardalei/Desktop/MPLED/MPLEDs/data/mp_profiles/images/ls_5833.jpg,cached,https://sansad.in/ls/members,2026-08-29T07:57:18.033216+00:00,mplads/mp_profiles/lok_sabha/5833_jagadish_chandra_barma_basunia,https://res.cloudinary.com/dfgsefn5v/image/upload/v1788003135/mplads/mp_profiles/lok_sabha/5833_jagadish_chandra_barma_basunia.jpg,3e07769aa435c715e5efd402b268a82d,uploaded,2026-08-29T11:32:16.211368+00:00
Lok Sabha,5124,Benny Behanan,Indian National Congress,INC,Chalakudy,Kerala,https://sansad.in/getFile/dms/fetch/a150eccd-5cfc-42c4-a0c8-884b24935873?source=dsp2,/Users/alokkumardalei/Desktop/MPLED/MPLEDs/data/mp_profiles/images/ls_5124.jpg,cached,https://sansad.in/ls/members,2026-08-29T07:57:18.033216+00:00,mplads/mp_profiles/lok_sabha/5124_benny_behanan,https://res.cloudinary.com/dfgsefn5v/image/upload/v1788003135/mplads/mp_profiles/lok_sabha/5124_benny_behanan.jpg,258acc04408e9bb4398463dca823a293,uploaded,2026-08-29T11:32:16.209445+00:00
Lok Sabha,5595,Rabindra Narayan Behera,Bharatiya Janata Party,BJP,Jajpur,Odisha,https://sansad.in/getFile/dms/fetch/baaefc25-f6f8-4f4f-8750-b65f4178bac3?source=dsp2,/Users/alokkumardalei/Desktop/MPLED/MPLEDs/data/mp_profiles/images/ls_5595.jpg,cached,https://sansad.in/ls/members,2026-08-29T07:57:18.033216+00:00,mplads/mp_profiles/lok_sabha/5595_rabindra_narayan_behera,https://res.cloudinary.com/dfgsefn5v/image/upload/v1788003137/mplads/mp_profiles/lok_sabha/5595_rabindra_narayan_behera.jpg,1da484dc3a91febbd1373fcc2850848f,uploaded,2026-08-29T11:32:17.745535+00:00
Lok Sabha,5205,Hanuman Beniwal,Rashtriya Loktantrik Party,RLP,Nagaur,Rajasthan,https://sansad.in/getFile/dms/fetch/00ae1848-6579-4e73-be16-b5636b3aa57e?source=dsp2,/Users/alokkumardalei/Desktop/MPLED/MPLEDs/data/mp_profiles/images/ls_5205.jpg,cached,https://sansad.in/ls/members,2026-08-29T07:57:18.033216+00:00,mplads/mp_profiles/lok_sabha/5205_hanuman_beniwal,https://res.cloudinary.com/dfgsefn5v/image/upload/v1788003137/mplads/mp_profiles/lok_sabha/5205_hanuman_beniwal.jpg,78d64d0c72d6303646b3b898969dfadc,uploaded,2026-08-29T11:32:17.731208+00:00
Lok Sabha,5762,Ummeda Ram Beniwal,Indian National Congress,INC,Barmer,Rajasthan,https://sansad.in/getFile/dms/fetch/e6760166-3aa8-46f7-a98e-d3d5aa228eec?source=dsp2,/Users/alokkumardalei/Desktop/MPLED/MPLEDs/data/mp_profiles/images/ls_5762.jpg,cached,https://sansad.in/ls/members,2026-08-29T07:57:18.033216+00:00,mplads/mp_profiles/lok_sabha/5762_ummeda_ram_beniwal,https://res.cloudinary.com/dfgsefn5v/image/upload/v1788003136/mplads/mp_profiles/lok_sabha/5762_ummeda_ram_beniwal.jpg,59d2b5ab5abe8d0d385662bfb5e83a6e,uploaded,2026-08-29T11:32:16.924665+00:00
Lok Sabha,4857,Jaswantsinh Sumanbhai Bhabhor,Bharatiya Janata Party,BJP,Dahod,Gujarat,https://sansad.in/getFile/dms/fetch/7bd62b88-4ee3-4b75-825a-b1089bb47f11?source=dsp2,/Users/alokkumardalei/Desktop/MPLED/MPLEDs/data/mp_profiles/images/ls_4857.jpg,cached,https://sansad.in/ls/members,2026-08-29T07:57:18.033216+00:00,mplads/mp_profiles/lok_sabha/4857_jaswantsinh_sumanbhai_bhabhor,https://res.cloudinary.com/dfgsefn5v/image/upload/v1788003137/mplads/mp_profiles/lok_sabha/4857_jaswantsinh_sumanbhai_bhabhor.jpg,17d153ad4c08d68f4f6b442561a6097b,uploaded,2026-08-29T11:32:17.486604+00:00
Lok Sabha,5815,Anand Bhadauria,Samajwadi Party,SP,Dhaurahra,Uttar Pradesh,https://sansad.in/getFile/dms/fetch/a77788f7-c9d5-45a0-bd61-3714bf2d77a9?source=dsp2,/Users/alokkumardalei/Desktop/MPLED/MPLEDs/data/mp_profiles/images/ls_5815.jpg,cached,https://sansad.in/ls/members,2026-08-29T07:57:18.033216+00:00,mplads/mp_profiles/lok_sabha/5815_anand_bhadauria,https://res.cloudinary.com/dfgsefn5v/image/upload/v1788003137/mplads/mp_profiles/lok_sabha/5815_anand_bhadauria.jpg,5ee589d8f6307e79c6aa0c8e0f9a8dea,uploaded,2026-08-29T11:32:18.094542+00:00
Lok Sabha,5741,Bhaskar Murlidhar Bhagare,Nationalist Congress Party - Sharadchandra Pawar,NCPSP,Dindori,Maharashtra,https://sansad.in/getFile/dms/fetch/06783f09-1c54-4b66-8e18-80f5bf0ca7e4?source=dsp2,/Users/alokkumardalei/Desktop/MPLED/MPLEDs/data/mp_profiles/images/ls_5741.jpg,cached,https://sansad.in/ls/members,2026-08-29T07:57:18.033216+00:00,mplads/mp_profiles/lok_sabha/5741_bhaskar_murlidhar_bhagare,https://res.cloudinary.com/dfgsefn5v/image/upload/v1788003138/mplads/mp_profiles/lok_sabha/5741_bhaskar_murlidhar_bhagare.jpg,c47799b065f31ef518a956a7bef4dc36,uploaded,2026-08-29T11:32:18.701221+00:00
Lok Sabha,5742,Sukhdeo Bhagat,Indian National Congress,INC,Lohardaga,Jharkhand,https://sansad.in/getFile/dms/fetch/410393b5-97b5-4990-8910-7a79b432ca99?source=dsp2,/Users/alokkumardalei/Desktop/MPLED/MPLEDs/data/mp_profiles/images/ls_5742.jpg,cached,https://sansad.in/ls/members,2026-08-29T07:57:18.033216+00:00,mplads/mp_profiles/lok_sabha/5742_sukhdeo_bhagat,https://res.cloudinary.com/dfgsefn5v/image/upload/v1788003137/mplads/mp_profiles/lok_sabha/5742_sukhdeo_bhagat.jpg,a83d66c9f869be1d74b6a842aacc5512,uploaded,2026-08-29T11:32:18.320379+00:00
Lok Sabha,5695,Rajeev Bharadwaj,Bharatiya Janata Party,BJP,Kangra,Himachal Pradesh,https://sansad.in/getFile/dms/fetch/8f4ab699-9f50-4ff8-9ac5-d82bfd990d38?source=dsp2,/Users/alokkumardalei/Desktop/MPLED/MPLEDs/data/mp_profiles/images/ls_5695.jpg,cached,https://sansad.in/ls/members,2026-08-29T07:57:18.033216+00:00,mplads/mp_profiles/lok_sabha/5695_rajeev_bharadwaj,https://res.cloudinary.com/dfgsefn5v/image/upload/v1788003138/mplads/mp_profiles/lok_sabha/5695_rajeev_bharadwaj.jpg,e5f9eeb7d275124795695ebeee63a5c2,uploaded,2026-08-29T11:32:18.670716+00:00
Lok Sabha,5740,Arun Bharti,Lok Jan Shakti Party (Ram Vilas),LJSP(RV),Jamui,Bihar,https://sansad.in/getFile/dms/fetch/1a51415d-76bf-479c-b475-b01f6b28dca2?source=dsp2,/Users/alokkumardalei/Desktop/MPLED/MPLEDs/data/mp_profiles/images/ls_5740.jpg,cached,https://sansad.in/ls/members,2026-08-29T07:57:18.033216+00:00,mplads/mp_profiles/lok_sabha/5740_arun_bharti,https://res.cloudinary.com/dfgsefn5v/image/upload/v1788003138/mplads/mp_profiles/lok_sabha/5740_arun_bharti.jpg,be51070c02cae1646f8024a2f9972681,uploaded,2026-08-29T11:32:18.709744+00:00
Lok Sabha,5824,Misha Bharti,Rashtriya Janata Dal,RJD,Pataliputra,Bihar,https://sansad.in/getFile/dms/fetch/cdf84460-48fe-43b4-812e-39eb877a59c3?source=dsp2,/Users/alokkumardalei/Desktop/MPLED/MPLEDs/data/mp_profiles/images/ls_5824.jpg,cached,https://sansad.in/ls/members,2026-08-29T07:57:18.033216+00:00,mplads/mp_profiles/lok_sabha/5824_misha_bharti,https://res.cloudinary.com/dfgsefn5v/image/upload/v1788003138/mplads/mp_profiles/lok_sabha/5824_misha_bharti.jpg,c08a84aa51430cdc103bcad2a5c02e01,uploaded,2026-08-29T11:32:18.973497+00:00
Lok Sabha,5003,Ajay Bhatt,Bharatiya Janata Party,BJP,Nainital-Udhamsingh Nagar,Uttarakhand,https://sansad.in/getFile/dms/fetch/34cde72d-512f-4eaf-91f1-ec36924da785?source=dsp2,/Users/alokkumardalei/Desktop/MPLED/MPLEDs/data/mp_profiles/images/ls_5003.jpg,cached,https://sansad.in/ls/members,2026-08-29T07:57:18.033216+00:00,mplads/mp_profiles/lok_sabha/5003_ajay_bhatt,https://res.cloudinary.com/dfgsefn5v/image/upload/v1788003138/mplads/mp_profiles/lok_sabha/5003_ajay_bhatt.jpg,c0eacb58b9c51be244d373264ad43bb7,uploaded,2026-08-29T11:32:19.218931+00:00
Lok Sabha,4389,Udayanraje Pratapsinha Maharaj Bhonsle,Bharatiya Janata Party,BJP,Satara,Maharashtra,https://sansad.in/getFile/dms/fetch/4b6b4b54-2658-46b4-9551-33e8d2fb1692?source=dsp2,/Users/alokkumardalei/Desktop/MPLED/MPLEDs/data/mp_profiles/images/ls_4389.jpg,cached,https://sansad.in/ls/members,2026-08-29T07:57:18.033216+00:00,mplads/mp_profiles/lok_sabha/4389_udayanraje_pratapsinha_maharaj_bhonsle,https://res.cloudinary.com/dfgsefn5v/image/upload/v1788003138/mplads/mp_profiles/lok_sabha/4389_udayanraje_pratapsinha_maharaj_bhonsle.jpg,f446ec2d707f36f4d06e712fa513a488,uploaded,2026-08-29T11:32:19.276434+00:00
Lok Sabha,5660,Partha Bhowmick,All India Trinamool Congress,AITC,Barrackpur,West Bengal,https://sansad.in/getFile/dms/fetch/b691b827-fb50-430c-9221-901ca8bbf61b?source=dsp2,/Users/alokkumardalei/Desktop/MPLED/MPLEDs/data/mp_profiles/images/ls_5660.jpg,cached,https://sansad.in/ls/members,2026-08-29T07:57:18.033216+00:00,mplads/mp_profiles/lok_sabha/5660_partha_bhowmick,https://res.cloudinary.com/dfgsefn5v/image/upload/v1788003138/mplads/mp_profiles/lok_sabha/5660_partha_bhowmick.jpg,0b13729d37335efb902251790821d67d,uploaded,2026-08-29T11:32:19.334503+00:00
Lok Sabha,5745,Srinivasa Varma B J P Varma Bhupathiraju,Bharatiya Janata Party,BJP,Narsapuram,Andhra Pradesh,https://sansad.in/getFile/dms/fetch/2fdef988-93f9-4667-9ec6-ccdd3fab3022?source=dsp2,/Users/alokkumardalei/Desktop/MPLED/MPLEDs/data/mp_profiles/images/ls_5745.jpg,cached,https://sansad.in/ls/members,2026-08-29T07:57:18.033216+00:00,mplads/mp_profiles/lok_sabha/5745_srinivasa_varma_b_j_p_varma_bhupathiraju,https://res.cloudinary.com/dfgsefn5v/image/upload/v1788003139/mplads/mp_profiles/lok_sabha/5745_srinivasa_varma_b_j_p_varma_bhupathiraju.jpg,95b3c81fc54297a24a220a9bd0350724,uploaded,2026-08-29T11:32:19.540333+00:00
Lok Sabha,5543,Ramvir Singh Bidhuri,Bharatiya Janata Party,BJP,South Delhi,NCT of Delhi,https://sansad.in/getFile/dms/fetch/47a7b86f-772d-469a-b72a-c57969e07a11?source=dsp2,/Users/alokkumardalei/Desktop/MPLED/MPLEDs/data/mp_profiles/images/ls_5543.jpg,cached,https://sansad.in/ls/members,2026-08-29T07:57:18.033216+00:00,mplads/mp_profiles/lok_sabha/5543_ramvir_singh_bidhuri,https://res.cloudinary.com/dfgsefn5v/image/upload/v1788003139/mplads/mp_profiles/lok_sabha/5543_ramvir_singh_bidhuri.jpg,b5c0339d56ffda9e45242a7424bb8400,uploaded,2026-08-29T11:32:19.841645+00:00
Lok Sabha,5607,Vinod Kumar Bind,Bharatiya Janata Party,BJP,Bhadohi,Uttar Pradesh,https://sansad.in/getFile/dms/fetch/a8331b73-11c7-401c-96a6-3e3941b81fef?source=dsp2,/Users/alokkumardalei/Desktop/MPLED/MPLEDs/data/mp_profiles/images/ls_5607.jpg,cached,https://sansad.in/ls/members,2026-08-29T07:57:18.033216+00:00,mplads/mp_profiles/lok_sabha/5607_vinod_kumar_bind,https://res.cloudinary.com/dfgsefn5v/image/upload/v1788003139/mplads/mp_profiles/lok_sabha/5607_vinod_kumar_bind.jpg,c815df907abd3e68db7fa91f90bf32eb,uploaded,2026-08-29T11:32:19.825000+00:00
Lok Sabha,4716,Om Birla,Bharatiya Janata Party,BJP,Kota,Rajasthan,https://sansad.in/getFile/dms/fetch/fad38e8d-6630-48e7-867e-a4d565ba6b29?source=dsp2,/Users/alokkumardalei/Desktop/MPLED/MPLEDs/data/mp_profiles/images/ls_4716.jpg,cached,https://sansad.in/ls/members,2026-08-29T07:57:18.033216+00:00,mplads/mp_profiles/lok_sabha/4716_om_birla,https://res.cloudinary.com/dfgsefn5v/image/upload/v1788003139/mplads/mp_profiles/lok_sabha/4716_om_birla.jpg,b61e39766cc5f1288c8d1804b1e4baf5,uploaded,2026-08-29T11:32:19.934760+00:00
Lok Sabha,5042,Raju Bista,Bharatiya Janata Party,BJP,Darjeeling,West Bengal,https://sansad.in/getFile/dms/fetch/e023036d-86ab-456c-ac4d-bb2b5174efa4?source=dsp2,/Users/alokkumardalei/Desktop/MPLED/MPLEDs/data/mp_profiles/images/ls_5042.jpg,cached,https://sansad.in/ls/members,2026-08-29T07:57:18.033216+00:00,mplads/mp_profiles/lok_sabha/5042_raju_bista,https://res.cloudinary.com/dfgsefn5v/image/upload/v1788003139/mplads/mp_profiles/lok_sabha/5042_raju_bista.jpg,a087ea086703b50128b987d90b9d3ef1,uploaded,2026-08-29T11:32:20.067342+00:00
Lok Sabha,5561,Basavaraj Bommai,Bharatiya Janata Party,BJP,Haveri,Karnataka,https://sansad.in/getFile/dms/fetch/9d2ba245-1a94-4b18-91d9-40766d6c746d?source=dsp2,/Users/alokkumardalei/Desktop/MPLED/MPLEDs/data/mp_profiles/images/ls_5561.jpg,cached,https://sansad.in/ls/members,2026-08-29T07:57:18.033216+00:00,mplads/mp_profiles/lok_sabha/5561_basavaraj_bommai,https://res.cloudinary.com/dfgsefn5v/image/upload/v1788003140/mplads/mp_profiles/lok_sabha/5561_basavaraj_bommai.jpg,a694d685048543cd41f62ce437829295,uploaded,2026-08-29T11:32:20.560331+00:00
Lok Sabha,5758,Sunil Bose,Indian National Congress,INC,Chamarajanagar,Karnataka,https://sansad.in/getFile/dms/fetch/452d9190-907f-49bf-b3b3-3a01bb575a71?source=dsp2,/Users/alokkumardalei/Desktop/MPLED/MPLEDs/data/mp_profiles/images/ls_5758.jpg,cached,https://sansad.in/ls/members,2026-08-29T07:57:18.033216+00:00,mplads/mp_profiles/lok_sabha/5758_sunil_bose,https://res.cloudinary.com/dfgsefn5v/image/upload/v1788003140/mplads/mp_profiles/lok_sabha/5758_sunil_bose.jpg,84203a88fe7f9e3a3ef89d52f46babc0,uploaded,2026-08-29T11:32:20.484459+00:00
Lok Sabha,5585,Satpal Brahamchari,Indian National Congress,INC,Sonipat,Haryana,https://sansad.in/getFile/dms/fetch/25ba8a9f-91c8-4a32-b8ff-79e1779d4837?source=dsp2,/Users/alokkumardalei/Desktop/MPLED/MPLEDs/data/mp_profiles/images/ls_5585.jpg,cached,https://sansad.in/ls/members,2026-08-29T07:57:18.033216+00:00,mplads/mp_profiles/lok_sabha/5585_satpal_brahamchari,https://res.cloudinary.com/dfgsefn5v/image/upload/v1788003140/mplads/mp_profiles/lok_sabha/5585_satpal_brahamchari.jpg,e889e672ab0ec4391087abd5f1dbe01a,uploaded,2026-08-29T11:32:20.894402+00:00
Lok Sabha,5629,Robert Bruce C,Indian National Congress,INC,Tirunelveli,Tamil Nadu,https://sansad.in/getFile/dms/fetch/66b58107-eb65-4513-98b5-4634c985f7bc?source=dsp2,/Users/alokkumardalei/Desktop/MPLED/MPLEDs/data/mp_profiles/images/ls_5629.jpg,cached,https://sansad.in/ls/members,2026-08-29T07:57:18.033216+00:00,mplads/mp_profiles/lok_sabha/5629_robert_bruce_c,https://res.cloudinary.com/dfgsefn5v/image/upload/v1788003140/mplads/mp_profiles/lok_sabha/5629_robert_bruce_c.jpg,f7e2c27cca6d303cf737c9e2fc4db141,uploaded,2026-08-29T11:32:20.607542+00:00
Lok Sabha,5779,Raj Kumar Chabbewal,Aam Aadmi Party,AAP,Hoshiarpur,Punjab,https://sansad.in/getFile/dms/fetch/b3e24b20-2005-416b-815b-dbaf05a6bb3c?source=dsp2,/Users/alokkumardalei/Desktop/MPLED/MPLEDs/data/mp_profiles/images/ls_5779.jpg,cached,https://sansad.in/ls/members,2026-08-29T07:57:18.033216+00:00,mplads/mp_profiles/lok_sabha/5779_raj_kumar_chabbewal,https://res.cloudinary.com/dfgsefn5v/image/upload/v1788003141/mplads/mp_profiles/lok_sabha/5779_raj_kumar_chabbewal.jpg,dc2420b02eb3bf5e8ba8ad62b87e97f7,uploaded,2026-08-29T11:32:21.549962+00:00
Lok Sabha,5142,Rajkumar Chahar,Bharatiya Janata Party,BJP,Fatehpur Sikri,Uttar Pradesh,https://sansad.in/getFile/dms/fetch/046bc160-b0f0-4a4d-8722-45dd133da20b?source=dsp2,/Users/alokkumardalei/Desktop/MPLED/MPLEDs/data/mp_profiles/images/ls_5142.jpg,cached,https://sansad.in/ls/members,2026-08-29T07:57:18.033216+00:00,mplads/mp_profiles/lok_sabha/5142_rajkumar_chahar,https://res.cloudinary.com/dfgsefn5v/image/upload/v1788003141/mplads/mp_profiles/lok_sabha/5142_rajkumar_chahar.jpg,2de0dd91a25bbe7dff8b77ce750e40d0,uploaded,2026-08-29T11:32:21.302616+00:00
Lok Sabha,5778,Arup Chakraborty,All India Trinamool Congress,AITC,Bankura,West Bengal,https://sansad.in/getFile/dms/fetch/43ae895a-036c-40eb-ac0e-bbf4f1d67714?source=dsp2,/Users/alokkumardalei/Desktop/MPLED/MPLEDs/data/mp_profiles/images/ls_5778.jpg,cached,https://sansad.in/ls/members,2026-08-29T07:57:18.033216+00:00,mplads/mp_profiles/lok_sabha/5778_arup_chakraborty,https://res.cloudinary.com/dfgsefn5v/image/upload/v1788003141/mplads/mp_profiles/lok_sabha/5778_arup_chakraborty.jpg,e93b145da4bc74c95b116fb0ff0eed89,uploaded,2026-08-29T11:32:21.372764+00:00
Lok Sabha,3984,Gaddigoudar Parvatagouda Chandanagouda,Bharatiya Janata Party,BJP,Bagalkot,Karnataka,https://sansad.in/getFile/dms/fetch/471289e1-04da-477e-a831-d0b33cc87a79?source=dsp2,/Users/alokkumardalei/Desktop/MPLED/MPLEDs/data/mp_profiles/images/ls_3984.jpg,cached,https://sansad.in/ls/members,2026-08-29T07:57:18.033216+00:00,mplads/mp_profiles/lok_sabha/3984_gaddigoudar_parvatagouda_chandanagouda,https://res.cloudinary.com/dfgsefn5v/image/upload/v1788003141/mplads/mp_profiles/lok_sabha/3984_gaddigoudar_parvatagouda_chandanagouda.jpg,d6ae8928fc0dc71d1a325616e1eeece1,uploaded,2026-08-29T11:32:22.219864+00:00
Lok Sabha,5587,Yogender Chandolia,Bharatiya Janata Party,BJP,North West Delhi,NCT of Delhi,https://sansad.in/getFile/dms/fetch/c5910c59-af53-46d8-a55d-59a7e5836c1f?source=dsp2,/Users/alokkumardalei/Desktop/MPLED/MPLEDs/data/mp_profiles/images/ls_5587.jpg,cached,https://sansad.in/ls/members,2026-08-29T07:57:18.033216+00:00,mplads/mp_profiles/lok_sabha/5587_yogender_chandolia,https://res.cloudinary.com/dfgsefn5v/image/upload/v1788003141/mplads/mp_profiles/lok_sabha/5587_yogender_chandolia.jpg,a603333e9e753535f5bc2afc055315fa,uploaded,2026-08-29T11:32:21.908616+00:00
Lok Sabha,5750,Charanjit Singh Channi,Indian National Congress,INC,Jalandhar,Punjab,https://sansad.in/getFile/dms/fetch/e4edffee-44ed-4db7-afb6-790238ebfd68?source=dsp2,/Users/alokkumardalei/Desktop/MPLED/MPLEDs/data/mp_profiles/images/ls_5750.jpg,cached,https://sansad.in/ls/members,2026-08-29T07:57:18.033216+00:00,mplads/mp_profiles/lok_sabha/5750_charanjit_singh_channi,https://res.cloudinary.com/dfgsefn5v/image/upload/v1788003141/mplads/mp_profiles/lok_sabha/5750_charanjit_singh_channi.jpg,2a065691c31eaf4444eb5ae3f2ab8154,uploaded,2026-08-29T11:32:21.988627+00:00
Lok Sabha,4597,P P Chaudhary,Bharatiya Janata Party,BJP,Pali,Rajasthan,https://sansad.in/getFile/dms/fetch/54b8ca3a-0869-405a-9515-e543558e7e04?source=dsp2,/Users/alokkumardalei/Desktop/MPLED/MPLEDs/data/mp_profiles/images/ls_4597.jpg,cached,https://sansad.in/ls/members,2026-08-29T07:57:18.033216+00:00,mplads/mp_profiles/lok_sabha/4597_p_p_chaudhary,https://res.cloudinary.com/dfgsefn5v/image/upload/v1788003142/mplads/mp_profiles/lok_sabha/4597_p_p_chaudhary.jpg,3d084a7a6434d5f09af536e0c416b6e0,uploaded,2026-08-29T11:32:22.907054+00:00
Lok Sabha,5803,R K Chaudhary,Samajwadi Party,SP,Mohanlalganj,Uttar Pradesh,https://sansad.in/getFile/dms/fetch/80e4da25-7e76-44cb-8c7d-588e1a08ef43?source=dsp2,/Users/alokkumardalei/Desktop/MPLED/MPLEDs/data/mp_profiles/images/ls_5803.jpg,cached,https://sansad.in/ls/members,2026-08-29T07:57:18.033216+00:00,mplads/mp_profiles/lok_sabha/5803_r_k_chaudhary,https://res.cloudinary.com/dfgsefn5v/image/upload/v1788003142/mplads/mp_profiles/lok_sabha/5803_r_k_chaudhary.jpg,bbc08e54a87c2b5b945b8966e5f5c328,uploaded,2026-08-29T11:32:22.484395+00:00
Lok Sabha,3261,Ram Prasad Chaudhary,Samajwadi Party,SP,Basti,Uttar Pradesh,https://sansad.in/getFile/dms/fetch/7c9c74f3-f9c8-4bb1-8b51-3b5fc063da42?source=dsp2,/Users/alokkumardalei/Desktop/MPLED/MPLEDs/data/mp_profiles/images/ls_3261.jpg,cached,https://sansad.in/ls/members,2026-08-29T07:57:18.033216+00:00,mplads/mp_profiles/lok_sabha/3261_ram_prasad_chaudhary,https://res.cloudinary.com/dfgsefn5v/image/upload/v1788003142/mplads/mp_profiles/lok_sabha/3261_ram_prasad_chaudhary.jpg,34bb79a6917d927f885dd8812f4e4b07,uploaded,2026-08-29T11:32:22.538326+00:00
Lok Sabha,5545,Varun Chaudhry,Indian National Congress,INC,Ambala,Haryana,https://sansad.in/getFile/dms/fetch/96b5d1c1-a773-4e24-af01-7afd8f2f3c61?source=dsp2,/Users/alokkumardalei/Desktop/MPLED/MPLEDs/data/mp_profiles/images/ls_5545.jpg,cached,https://sansad.in/ls/members,2026-08-29T07:57:18.033216+00:00,mplads/mp_profiles/lok_sabha/5545_varun_chaudhry,https://res.cloudinary.com/dfgsefn5v/image/upload/v1788003142/mplads/mp_profiles/lok_sabha/5545_varun_chaudhry.jpg,68288779fe05685f30bbd4585b266db3,uploaded,2026-08-29T11:32:22.859842+00:00
Lok Sabha,5547,Chandan Chauhan,Rashtriya Lok Dal,RLD,Bijnor,Uttar Pradesh,https://sansad.in/getFile/dms/fetch/0ca71087-da5a-4d19-8bd1-85dc17e66266?source=dsp2,/Users/alokkumardalei/Desktop/MPLED/MPLEDs/data/mp_profiles/images/ls_5547.jpg,cached,https://sansad.in/ls/members,2026-08-29T07:57:18.033216+00:00,mplads/mp_profiles/lok_sabha/5547_chandan_chauhan,https://res.cloudinary.com/dfgsefn5v/image/upload/v1788003142/mplads/mp_profiles/lok_sabha/5547_chandan_chauhan.jpg,c83ebbbd2741fc6f29d35188c9653644,uploaded,2026-08-29T11:32:23.067428+00:00
Lok Sabha,4858,Devusinh Chauhan,Bharatiya Janata Party,BJP,Kheda,Gujarat,https://sansad.in/getFile/dms/fetch/c61d55e2-e3ba-4021-a0d3-3eb145425040?source=dsp2,/Users/alokkumardalei/Desktop/MPLED/MPLEDs/data/mp_profiles/images/ls_4858.jpg,cached,https://sansad.in/ls/members,2026-08-29T07:57:18.033216+00:00,mplads/mp_profiles/lok_sabha/4858_devusinh_chauhan,https://res.cloudinary.com/dfgsefn5v/image/upload/v1788003142/mplads/mp_profiles/lok_sabha/4858_devusinh_chauhan.jpg,a01dd6b21d62f6e28e62525a5e17aa79,uploaded,2026-08-29T11:32:23.148278+00:00
Lok Sabha,5766,Shahu Shahaji Chhatrapati,Indian National Congress,INC,Kolhapur,Maharashtra,https://sansad.in/getFile/dms/fetch/31e4e99d-758b-43a7-8aa8-cb5fb0990f53?source=dsp2,/Users/alokkumardalei/Desktop/MPLED/MPLEDs/data/mp_profiles/images/ls_5766.jpg,cached,https://sansad.in/ls/members,2026-08-29T07:57:18.033216+00:00,mplads/mp_profiles/lok_sabha/5766_shahu_shahaji_chhatrapati,https://res.cloudinary.com/dfgsefn5v/image/upload/v1788003143/mplads/mp_profiles/lok_sabha/5766_shahu_shahaji_chhatrapati.jpg,9939fec4a9582fe39fe5e35368edadf9,uploaded,2026-08-29T11:32:23.415360+00:00
Lok Sabha,4859,Chhotelal,Samajwadi Party,SP,Robertsganj,Uttar Pradesh,https://sansad.in/getFile/dms/fetch/ffbb8083-2aa6-4600-a966-ee40407a571a?source=dsp2,/Users/alokkumardalei/Desktop/MPLED/MPLEDs/data/mp_profiles/images/ls_4859.jpg,cached,https://sansad.in/ls/members,2026-08-29T07:57:18.033216+00:00,mplads/mp_profiles/lok_sabha/4859_chhotelal,https://res.cloudinary.com/dfgsefn5v/image/upload/v1788003143/mplads/mp_profiles/lok_sabha/4859_chhotelal.jpg,7fb3b0345825d8a9ab5f03f6929fc87a,uploaded,2026-08-29T11:32:23.562309+00:00
Lok Sabha,4967,Karti P Chidambaram,Indian National Congress,INC,Sivaganga,Tamil Nadu,https://sansad.in/getFile/dms/fetch/4d547648-0546-448c-958a-740995664b5b?source=dsp2,/Users/alokkumardalei/Desktop/MPLED/MPLEDs/data/mp_profiles/images/ls_4967.jpg,cached,https://sansad.in/ls/members,2026-08-29T07:57:18.033216+00:00,mplads/mp_profiles/lok_sabha/4967_karti_p_chidambaram,https://res.cloudinary.com/dfgsefn5v/image/upload/v1788003143/mplads/mp_profiles/lok_sabha/4967_karti_p_chidambaram.jpg,52a74c2451cd152bd4b949ad57a441f4,uploaded,2026-08-29T11:32:23.625261+00:00
Lok Sabha,5568,Raj Bhushan Choudhary,Bharatiya Janata Party,BJP,Muzaffarpur,Bihar,https://sansad.in/getFile/dms/fetch/bc9dc621-c27a-4d11-b9f2-6e2527b839ac?source=dsp2,/Users/alokkumardalei/Desktop/MPLED/MPLEDs/data/mp_profiles/images/ls_5568.jpg,cached,https://sansad.in/ls/members,2026-08-29T07:57:18.033216+00:00,mplads/mp_profiles/lok_sabha/5568_raj_bhushan_choudhary,https://res.cloudinary.com/dfgsefn5v/image/upload/v1788003143/mplads/mp_profiles/lok_sabha/5568_raj_bhushan_choudhary.jpg,7196ac5b75b14a809024263c36a46247,uploaded,2026-08-29T11:32:23.691425+00:00
Lok Sabha,5795,Iqra Choudhary,Samajwadi Party,SP,Kairana,Uttar Pradesh,https://sansad.in/getFile/dms/fetch/d6092132-4f3d-4590-bbb7-f7224a3ee545?source=dsp2,/Users/alokkumardalei/Desktop/MPLED/MPLEDs/data/mp_profiles/images/ls_5795.jpg,cached,https://sansad.in/ls/members,2026-08-29T07:57:18.033216+00:00,mplads/mp_profiles/lok_sabha/5795_iqra_choudhary,https://res.cloudinary.com/dfgsefn5v/image/upload/v1788003143/mplads/mp_profiles/lok_sabha/5795_iqra_choudhary.jpg,eeef1c6dae31caadcdd4f939407bf6b9,uploaded,2026-08-29T11:32:23.979580+00:00
Lok Sabha,5203,Bhagirath Choudhary,Bharatiya Janata Party,BJP,Ajmer,Rajasthan,https://sansad.in/getFile/dms/fetch/999684a0-e482-4cce-b6b2-670433815624?source=dsp2,/Users/alokkumardalei/Desktop/MPLED/MPLEDs/data/mp_profiles/images/ls_5203.jpg,cached,https://sansad.in/ls/members,2026-08-29T07:57:18.033216+00:00,mplads/mp_profiles/lok_sabha/5203_bhagirath_choudhary,https://res.cloudinary.com/dfgsefn5v/image/upload/v1788003143/mplads/mp_profiles/lok_sabha/5203_bhagirath_choudhary.jpg,5ecaf182dd2fbd5e653d465ee7259d47,uploaded,2026-08-29T11:32:25.022167+00:00
Lok Sabha,5115,Chandra Prakash Choudhary,AJSU Party,AJSU,Giridih,Jharkhand,https://sansad.in/getFile/dms/fetch/dc5c06e9-18e2-4089-ba59-a4bc3669a925?source=dsp2,/Users/alokkumardalei/Desktop/MPLED/MPLEDs/data/mp_profiles/images/ls_5115.jpg,cached,https://sansad.in/ls/members,2026-08-29T07:57:18.033216+00:00,mplads/mp_profiles/lok_sabha/5115_chandra_prakash_choudhary,https://res.cloudinary.com/dfgsefn5v/image/upload/v1788003143/mplads/mp_profiles/lok_sabha/5115_chandra_prakash_choudhary.jpg,d97ac741bfc948de1ae041c44c86c330,uploaded,2026-08-29T11:32:24.301971+00:00
Lok Sabha,5613,Darshan Singh Choudhary,Bharatiya Janata Party,BJP,Hoshangabad,Madhya Pradesh,https://sansad.in/getFile/dms/fetch/17e41954-3210-4667-ba8c-cd8550ca526b?source=dsp2,/Users/alokkumardalei/Desktop/MPLED/MPLEDs/data/mp_profiles/images/ls_5613.jpg,cached,https://sansad.in/ls/members,2026-08-29T07:57:18.033216+00:00,mplads/mp_profiles/lok_sabha/5613_darshan_singh_choudhary,https://res.cloudinary.com/dfgsefn5v/image/upload/v1788003143/mplads/mp_profiles/lok_sabha/5613_darshan_singh_choudhary.jpg,cdfeb7794d0f3f7f6a2e681429bd5226,uploaded,2026-08-29T11:32:24.300250+00:00
Lok Sabha,5621,Lumbaram Choudhary,Bharatiya Janata Party,BJP,Jalore,Rajasthan,https://sansad.in/getFile/dms/fetch/abe26d64-0afa-47c9-9033-4da643120dfb?source=dsp2,/Users/alokkumardalei/Desktop/MPLED/MPLEDs/data/mp_profiles/images/ls_5621.jpg,cached,https://sansad.in/ls/members,2026-08-29T07:57:18.033216+00:00,mplads/mp_profiles/lok_sabha/5621_lumbaram_choudhary,https://res.cloudinary.com/dfgsefn5v/image/upload/v1788003144/mplads/mp_profiles/lok_sabha/5621_lumbaram_choudhary.jpg,cd8098191c8a4f7f679a686171aa1235,uploaded,2026-08-29T11:32:24.605295+00:00
Lok Sabha,3479,Pankaj Choudhary,Bharatiya Janata Party,BJP,Maharajganj,Uttar Pradesh,https://sansad.in/getFile/dms/fetch/f70cae03-2464-4cda-ad56-e3338fc2749d?source=dsp2,/Users/alokkumardalei/Desktop/MPLED/MPLEDs/data/mp_profiles/images/ls_3479.jpg,cached,https://sansad.in/ls/members,2026-08-29T07:57:18.033216+00:00,mplads/mp_profiles/lok_sabha/3479_pankaj_choudhary,https://res.cloudinary.com/dfgsefn5v/image/upload/v1788003144/mplads/mp_profiles/lok_sabha/3479_pankaj_choudhary.jpg,7f840fdff3e1b9117a2e07fa4a9b10b4,uploaded,2026-08-29T11:32:24.868853+00:00
Lok Sabha,5707,Roopkumari Choudhary,Bharatiya Janata Party,BJP,Mahasamund,Chhattisgarh,https://sansad.in/getFile/dms/fetch/dcb33df3-0e9a-4144-8f97-a1165a334a63?source=dsp2,/Users/alokkumardalei/Desktop/MPLED/MPLEDs/data/mp_profiles/images/ls_5707.jpg,cached,https://sansad.in/ls/members,2026-08-29T07:57:18.033216+00:00,mplads/mp_profiles/lok_sabha/5707_roopkumari_choudhary,https://res.cloudinary.com/dfgsefn5v/image/upload/v1788003145/mplads/mp_profiles/lok_sabha/5707_roopkumari_choudhary.jpg,7a57ac08c7f4db93b8c4369967f5b874,uploaded,2026-08-29T11:32:25.992148+00:00
Lok Sabha,5834,Isha Khan Choudhury,Indian National Congress,INC,Maldaha Dakshin,West Bengal,https://sansad.in/getFile/dms/fetch/5339d553-0357-4f5a-a8ef-305df483a78f?source=dsp2,/Users/alokkumardalei/Desktop/MPLED/MPLEDs/data/mp_profiles/images/ls_5834.jpg,cached,https://sansad.in/ls/members,2026-08-29T07:57:18.033216+00:00,mplads/mp_profiles/lok_sabha/5834_isha_khan_choudhury,https://res.cloudinary.com/dfgsefn5v/image/upload/v1788003144/mplads/mp_profiles/lok_sabha/5834_isha_khan_choudhury.jpg,e0210c7977f71ff4a6ef1fea9d691739,uploaded,2026-08-29T11:32:25.235674+00:00
Lok Sabha,5569,Phani Bhusan Choudhury,Asom Gana Parishad,AGP,Barpeta,Assam,https://sansad.in/getFile/dms/fetch/f01f344e-20ea-4c2e-aec6-498a3fa7c4e0?source=dsp2,/Users/alokkumardalei/Desktop/MPLED/MPLEDs/data/mp_profiles/images/ls_5569.jpg,cached,https://sansad.in/ls/members,2026-08-29T07:57:18.033216+00:00,mplads/mp_profiles/lok_sabha/5569_phani_bhusan_choudhury,https://res.cloudinary.com/dfgsefn5v/image/upload/v1788003145/mplads/mp_profiles/lok_sabha/5569_phani_bhusan_choudhury.jpg,d8d037e64b3c3a53e1dcadb6c281d296,uploaded,2026-08-29T11:32:25.551148+00:00
Lok Sabha,96,Shivraj Singh Chouhan,Bharatiya Janata Party,BJP,Vidisha,Madhya Pradesh,https://sansad.in/getFile/dms/fetch/ba838b9b-fdcd-4c7c-9255-2bbba3e84c3d?source=dsp2,/Users/alokkumardalei/Desktop/MPLED/MPLEDs/data/mp_profiles/images/ls_96.jpg,cached,https://sansad.in/ls/members,2026-08-29T07:57:18.033216+00:00,mplads/mp_profiles/lok_sabha/96_shivraj_singh_chouhan,https://res.cloudinary.com/dfgsefn5v/image/upload/v1788003145/mplads/mp_profiles/lok_sabha/96_shivraj_singh_chouhan.jpg,92317426f90cbc3e3e90004d846008b4,uploaded,2026-08-29T11:32:25.549765+00:00
Lok Sabha,5663,Anita Nagarsingh Chouhan,Bharatiya Janata Party,BJP,Ratlam,Madhya Pradesh,https://sansad.in/getFile/dms/fetch/81c66a49-604e-49d1-8973-1ee6b3762dd9?source=dsp2,/Users/alokkumardalei/Desktop/MPLED/MPLEDs/data/mp_profiles/images/ls_5663.jpg,cached,https://sansad.in/ls/members,2026-08-29T07:57:18.033216+00:00,mplads/mp_profiles/lok_sabha/5663_anita_nagarsingh_chouhan,https://res.cloudinary.com/dfgsefn5v/image/upload/v1788003145/mplads/mp_profiles/lok_sabha/5663_anita_nagarsingh_chouhan.jpg,799fedf23f34108b0c6ee709a134d5a0,uploaded,2026-08-29T11:32:25.837196+00:00
Lok Sabha,5627,Captain Brijesh Chowta,Bharatiya Janata Party,BJP,Dakshina Kannada,Karnataka,https://sansad.in/getFile/dms/fetch/b37bd5e6-69f9-4d34-956a-f53540727cca?source=dsp2,/Users/alokkumardalei/Desktop/MPLED/MPLEDs/data/mp_profiles/images/ls_5627.jpg,cached,https://sansad.in/ls/members,2026-08-29T07:57:18.033216+00:00,mplads/mp_profiles/lok_sabha/5627_captain_brijesh_chowta,https://res.cloudinary.com/dfgsefn5v/image/upload/v1788003145/mplads/mp_profiles/lok_sabha/5627_captain_brijesh_chowta.jpg,f7c2208b5cd0122a997bcd00a0cdb165,uploaded,2026-08-29T11:32:26.204977+00:00
Lok Sabha,4865,Rajesh Naranbhai Chudasama,Bharatiya Janata Party,BJP,Junagadh,Gujarat,https://sansad.in/getFile/dms/fetch/9c5bebe6-f10d-41b6-aa74-6aa503a45c30?source=dsp2,/Users/alokkumardalei/Desktop/MPLED/MPLEDs/data/mp_profiles/images/ls_4865.jpg,cached,https://sansad.in/ls/members,2026-08-29T07:57:18.033216+00:00,mplads/mp_profiles/lok_sabha/4865_rajesh_naranbhai_chudasama,https://res.cloudinary.com/dfgsefn5v/image/upload/v1788003145/mplads/mp_profiles/lok_sabha/4865_rajesh_naranbhai_chudasama.jpg,3178690a9877c59078d2cf29bf8d1fa4,uploaded,2026-08-29T11:32:26.166138+00:00
Lok Sabha,5817,Malaiyarasan D,Dravida Munnetra Kazhagam,DMK,Kallakurichi,Tamil Nadu,https://sansad.in/getFile/dms/fetch/7b67ff7d-63a4-4503-8eed-fcb685df537e?source=dsp2,/Users/alokkumardalei/Desktop/MPLED/MPLEDs/data/mp_profiles/images/ls_5817.jpg,cached,https://sansad.in/ls/members,2026-08-29T07:57:18.033216+00:00,mplads/mp_profiles/lok_sabha/5817_malaiyarasan_d,https://res.cloudinary.com/dfgsefn5v/image/upload/v1788003146/mplads/mp_profiles/lok_sabha/5817_malaiyarasan_d.jpg,3f03a2868db2e2d3cd1845f126c97dc4,uploaded,2026-08-29T11:32:26.445737+00:00
Lok Sabha,5024,Bharatsinhji Shankarji Dabhi,Bharatiya Janata Party,BJP,Patan,Gujarat,https://sansad.in/getFile/dms/fetch/57b8932e-18bf-4d5f-9aa3-2a11133061ff?source=dsp2,/Users/alokkumardalei/Desktop/MPLED/MPLEDs/data/mp_profiles/images/ls_5024.jpg,cached,https://sansad.in/ls/members,2026-08-29T07:57:18.033216+00:00,mplads/mp_profiles/lok_sabha/5024_bharatsinhji_shankarji_dabhi,https://res.cloudinary.com/dfgsefn5v/image/upload/v1788003146/mplads/mp_profiles/lok_sabha/5024_bharatsinhji_shankarji_dabhi.jpg,b923cded0bf6c41786ca041ae7302114,uploaded,2026-08-29T11:32:26.588812+00:00
Lok Sabha,5574,Mukeshkumar Chandrakaant Dalal,Bharatiya Janata Party,BJP,Surat,Gujarat,https://sansad.in/getFile/dms/fetch/bcf52bf7-db72-45f7-bf4c-5b032b670ebf?source=dsp2,/Users/alokkumardalei/Desktop/MPLED/MPLEDs/data/mp_profiles/images/ls_5574.jpg,cached,https://sansad.in/ls/members,2026-08-29T07:57:18.033216+00:00,mplads/mp_profiles/lok_sabha/5574_mukeshkumar_chandrakaant_dalal,https://res.cloudinary.com/dfgsefn5v/image/upload/v1788003146/mplads/mp_profiles/lok_sabha/5574_mukeshkumar_chandrakaant_dalal.jpg,fc061e6c5ff9a561cdb9f22e8c05d5f9,uploaded,2026-08-29T11:32:26.909032+00:00
Lok Sabha,4489,Kakoli Ghosh Dastidar,All India Trinamool Congress,AITC,Barasat,West Bengal,https://sansad.in/getFile/dms/fetch/3db65198-4169-4628-8b4b-3dc859c9fa32?source=dsp2,/Users/alokkumardalei/Desktop/MPLED/MPLEDs/data/mp_profiles/images/ls_4489.jpg,cached,https://sansad.in/ls/members,2026-08-29T07:57:18.033216+00:00,mplads/mp_profiles/lok_sabha/4489_kakoli_ghosh_dastidar,https://res.cloudinary.com/dfgsefn5v/image/upload/v1788003146/mplads/mp_profiles/lok_sabha/4489_kakoli_ghosh_dastidar.jpg,aea77c43d7be3d80233e70017cf043b4,uploaded,2026-08-29T11:32:26.759713+00:00
Lok Sabha,5199,Tatkare Sunil Dattatrey,Nationalist Congress Party,NCP,Raigad,Maharashtra,https://sansad.in/getFile/dms/fetch/caf48e21-52e8-476f-a20e-f200d976ac4e?source=dsp2,/Users/alokkumardalei/Desktop/MPLED/MPLEDs/data/mp_profiles/images/ls_5199.jpg,cached,https://sansad.in/ls/members,2026-08-29T07:57:18.033216+00:00,mplads/mp_profiles/lok_sabha/5199_tatkare_sunil_dattatrey,https://res.cloudinary.com/dfgsefn5v/image/upload/v1788003146/mplads/mp_profiles/lok_sabha/5199_tatkare_sunil_dattatrey.jpg,03bf9294814c9018261e13b3f8b0a90f,uploaded,2026-08-29T11:32:26.976052+00:00
Lok Sabha,5671,Biplab Kumar Deb,Bharatiya Janata Party,BJP,Tripura West,Tripura,https://sansad.in/getFile/dms/fetch/37318587-27e9-45da-b28c-4e834ed90864?source=dsp2,/Users/alokkumardalei/Desktop/MPLED/MPLEDs/data/mp_profiles/images/ls_5671.jpg,cached,https://sansad.in/ls/members,2026-08-29T07:57:18.033216+00:00,mplads/mp_profiles/lok_sabha/5671_biplab_kumar_deb,https://res.cloudinary.com/dfgsefn5v/image/upload/v1788003146/mplads/mp_profiles/lok_sabha/5671_biplab_kumar_deb.jpg,f7a4ae7caa3b4956fc446e89a25ba2b8,uploaded,2026-08-29T11:32:27.122639+00:00
Lok Sabha,5575,Kriti Devi Debbarman,Bharatiya Janata Party,BJP,Tripura East,Tripura,https://sansad.in/getFile/dms/fetch/5a105b3e-fdd5-4d68-a061-511449d7c8fd?source=dsp2,/Users/alokkumardalei/Desktop/MPLED/MPLEDs/data/mp_profiles/images/ls_5575.jpg,cached,https://sansad.in/ls/members,2026-08-29T07:57:18.033216+00:00,mplads/mp_profiles/lok_sabha/5575_kriti_devi_debbarman,https://res.cloudinary.com/dfgsefn5v/image/upload/v1788003147/mplads/mp_profiles/lok_sabha/5575_kriti_devi_debbarman.jpg,837171b2569ab9451f921198bcf9e474,uploaded,2026-08-29T11:32:27.690691+00:00
Lok Sabha,426,Sangeeta Kumari Singh Deo,Bharatiya Janata Party,BJP,Bolangir,Odisha,https://sansad.in/getFile/dms/fetch/f50f3922-4654-4d0c-a1ca-e4a47eb178e7?source=dsp2,/Users/alokkumardalei/Desktop/MPLED/MPLEDs/data/mp_profiles/images/ls_426.jpg,cached,https://sansad.in/ls/members,2026-08-29T07:57:18.033216+00:00,mplads/mp_profiles/lok_sabha/426_sangeeta_kumari_singh_deo,https://res.cloudinary.com/dfgsefn5v/image/upload/v1788003147/mplads/mp_profiles/lok_sabha/426_sangeeta_kumari_singh_deo.jpg,576f4f7e46715bff4472e0a14fc0bbc0,uploaded,2026-08-29T11:32:27.579095+00:00
Lok Sabha,5648,Anil Yeshwant Desai,Shiv Sena (Uddhav Balasaheb Thackrey),SHSUBT,Mumbai South Central,Maharashtra,https://sansad.in/getFile/dms/fetch/5d26988b-9523-494e-82fc-59ac2d64c7d8?source=dsp2,/Users/alokkumardalei/Desktop/MPLED/MPLEDs/data/mp_profiles/images/ls_5648.jpg,cached,https://sansad.in/ls/members,2026-08-29T07:57:18.033216+00:00,mplads/mp_profiles/lok_sabha/5648_anil_yeshwant_desai,https://res.cloudinary.com/dfgsefn5v/image/upload/v1788003147/mplads/mp_profiles/lok_sabha/5648_anil_yeshwant_desai.jpg,e278a709e571786dfbd4c3829aec4d57,uploaded,2026-08-29T11:32:27.543258+00:00
Lok Sabha,5725,Sanjay Uttamrao Deshmukh,Shiv Sena,SS,Yavatmal-Washim,Maharashtra,https://sansad.in/getFile/dms/fetch/9e57d892-17c6-4153-8277-0a0effbd7e6a?source=dsp2,/Users/alokkumardalei/Desktop/MPLED/MPLEDs/data/mp_profiles/images/ls_5725.jpg,cached,https://sansad.in/ls/members,2026-08-29T07:57:18.033216+00:00,mplads/mp_profiles/lok_sabha/5725_sanjay_uttamrao_deshmukh,https://res.cloudinary.com/dfgsefn5v/image/upload/v1788003147/mplads/mp_profiles/lok_sabha/5725_sanjay_uttamrao_deshmukh.jpg,de9d0e15f487fe8eacb4653ef838a1a4,uploaded,2026-08-29T11:32:27.761202+00:00
Lok Sabha,4847,Adhikari Deepak Dev,All India Trinamool Congress,AITC,Ghatal,West Bengal,https://sansad.in/getFile/dms/fetch/6908179a-d72a-49ad-a477-e5bc889ae45d?source=dsp2,/Users/alokkumardalei/Desktop/MPLED/MPLEDs/data/mp_profiles/images/ls_4847.jpg,cached,https://sansad.in/ls/members,2026-08-29T07:57:18.033216+00:00,mplads/mp_profiles/lok_sabha/4847_adhikari_deepak_dev,https://res.cloudinary.com/dfgsefn5v/image/upload/v1788003147/mplads/mp_profiles/lok_sabha/4847_adhikari_deepak_dev.jpg,65dda8eb63d792f2c3027fc72d9d50d6,uploaded,2026-08-29T11:32:28.159047+00:00
Lok Sabha,5096,Lavu Sri Krishna Devarayalu,Telugu Desam Party,TDP,Narasaraopet,Andhra Pradesh,https://sansad.in/getFile/dms/fetch/d12a2213-42de-4b5f-bb83-a165e190f5b3?source=dsp2,/Users/alokkumardalei/Desktop/MPLED/MPLEDs/data/mp_profiles/images/ls_5096.jpg,cached,https://sansad.in/ls/members,2026-08-29T07:57:18.033216+00:00,mplads/mp_profiles/lok_sabha/5096_lavu_sri_krishna_devarayalu,https://res.cloudinary.com/dfgsefn5v/image/upload/v1788003147/mplads/mp_profiles/lok_sabha/5096_lavu_sri_krishna_devarayalu.jpg,b94a1a0e27b060438bdd2b296cf7e3c4,uploaded,2026-08-29T11:32:28.186282+00:00
Lok Sabha,5116,Annpurna Devi,Bharatiya Janata Party,BJP,Kodarma,Jharkhand,https://sansad.in/getFile/dms/fetch/38185697-2a58-48bb-aae0-3429d7429b7c?source=dsp2,/Users/alokkumardalei/Desktop/MPLED/MPLEDs/data/mp_profiles/images/ls_5116.jpg,cached,https://sansad.in/ls/members,2026-08-29T07:57:18.033216+00:00,mplads/mp_profiles/lok_sabha/5116_annpurna_devi,https://res.cloudinary.com/dfgsefn5v/image/upload/v1788003148/mplads/mp_profiles/lok_sabha/5116_annpurna_devi.jpg,846ee06b5a99a69aa1105438c92eb2b3,uploaded,2026-08-29T11:32:29.103396+00:00
Lok Sabha,5624,Malvika Devi,Bharatiya Janata Party,BJP,Kalahandi,Odisha,https://sansad.in/getFile/dms/fetch/c8aedc73-3f46-4108-b593-0a3794dd3b56?source=dsp2,/Users/alokkumardalei/Desktop/MPLED/MPLEDs/data/mp_profiles/images/ls_5624.jpg,cached,https://sansad.in/ls/members,2026-08-29T07:57:18.033216+00:00,mplads/mp_profiles/lok_sabha/5624_malvika_devi,https://res.cloudinary.com/dfgsefn5v/image/upload/v1788003148/mplads/mp_profiles/lok_sabha/5624_malvika_devi.jpg,3bb130db8bf1b90dbeed10ca913bbdd9,uploaded,2026-08-29T11:32:28.585676+00:00
Lok Sabha,5223,Veena Devi,Lok Jan Shakti Party (Ram Vilas),LJSP(RV),Vaishali,Bihar,https://sansad.in/getFile/dms/fetch/2a4441bd-2e6e-4483-9105-be92b92366e6?source=dsp2,/Users/alokkumardalei/Desktop/MPLED/MPLEDs/data/mp_profiles/images/ls_5223.jpg,cached,https://sansad.in/ls/members,2026-08-29T07:57:18.033216+00:00,mplads/mp_profiles/lok_sabha/5223_veena_devi,https://res.cloudinary.com/dfgsefn5v/image/upload/v1788003148/mplads/mp_profiles/lok_sabha/5223_veena_devi.jpg,d8ab9e3202644500f9c847bc1f6d9987,uploaded,2026-08-29T11:32:28.712667+00:00
Lok Sabha,5577,Vijaylakshmi Devi,Janata Dal (United),JD(U),Siwan,Bihar,https://sansad.in/getFile/dms/fetch/e664bcc4-f677-4dca-9fa1-f72ee4fd1aa6?source=dsp2,/Users/alokkumardalei/Desktop/MPLED/MPLEDs/data/mp_profiles/images/ls_5577.jpg,cached,https://sansad.in/ls/members,2026-08-29T07:57:18.033216+00:00,mplads/mp_profiles/lok_sabha/5577_vijaylakshmi_devi,https://res.cloudinary.com/dfgsefn5v/image/upload/v1788003148/mplads/mp_profiles/lok_sabha/5577_vijaylakshmi_devi.jpg,68b0f59bede6788062e0c43cdb22f58e,uploaded,2026-08-29T11:32:28.932292+00:00
Lok Sabha,5082,Arvind Dharmapuri,Bharatiya Janata Party,BJP,Nizamabad,Telangana,https://sansad.in/getFile/dms/fetch/f994396d-7b0b-42d4-92b4-8754598edd38?source=dsp2,/Users/alokkumardalei/Desktop/MPLED/MPLEDs/data/mp_profiles/images/ls_5082.jpg,cached,https://sansad.in/ls/members,2026-08-29T07:57:18.033216+00:00,mplads/mp_profiles/lok_sabha/5082_arvind_dharmapuri,https://res.cloudinary.com/dfgsefn5v/image/upload/v1788003148/mplads/mp_profiles/lok_sabha/5082_arvind_dharmapuri.jpg,a4333568796d16d27b822534ef0879bd,uploaded,2026-08-29T11:32:29.155980+00:00
Lok Sabha,5562,Anup Sanjay Dhotre,Bharatiya Janata Party,BJP,Akola,Maharashtra,https://sansad.in/getFile/dms/fetch/72a01037-1248-4c75-a73d-3a5afb0e285b?source=dsp2,/Users/alokkumardalei/Desktop/MPLED/MPLEDs/data/mp_profiles/images/ls_5562.jpg,cached,https://sansad.in/ls/members,2026-08-29T07:57:18.033216+00:00,mplads/mp_profiles/lok_sabha/5562_anup_sanjay_dhotre,https://res.cloudinary.com/dfgsefn5v/image/upload/v1788003148/mplads/mp_profiles/lok_sabha/5562_anup_sanjay_dhotre.jpg,e6cd38e98894c2e0f1e710cace725903,uploaded,2026-08-29T11:32:29.359482+00:00
Lok Sabha,5773,Bachhav Shobha Dinesh,Indian National Congress,INC,Dhule,Maharashtra,https://sansad.in/getFile/dms/fetch/99fe6957-2a0d-4bf0-bcc4-4fbf767ca049?source=dsp2,/Users/alokkumardalei/Desktop/MPLED/MPLEDs/data/mp_profiles/images/ls_5773.jpg,cached,https://sansad.in/ls/members,2026-08-29T07:57:18.033216+00:00,mplads/mp_profiles/lok_sabha/5773_bachhav_shobha_dinesh,https://res.cloudinary.com/dfgsefn5v/image/upload/v1788003149/mplads/mp_profiles/lok_sabha/5773_bachhav_shobha_dinesh.jpg,a95f17b8a443b62f60b8f44b810d5abe,uploaded,2026-08-29T11:32:29.499151+00:00
Lok Sabha,5657,Jitendra Kumar Dohare,Samajwadi Party,SP,Etawah,Uttar Pradesh,https://sansad.in/getFile/dms/fetch/03a5620b-df47-451a-af55-5716aaf2a979?source=dsp2,/Users/alokkumardalei/Desktop/MPLED/MPLEDs/data/mp_profiles/images/ls_5657.jpg,cached,https://sansad.in/ls/members,2026-08-29T07:57:18.033216+00:00,mplads/mp_profiles/lok_sabha/5657_jitendra_kumar_dohare,https://res.cloudinary.com/dfgsefn5v/image/upload/v1788003149/mplads/mp_profiles/lok_sabha/5657_jitendra_kumar_dohare.jpg,ba148712a7258a16416e89010da01739,uploaded,2026-08-29T11:32:29.621357+00:00
Lok Sabha,4324,Nishikant Dubey,Bharatiya Janata Party,BJP,Godda,Jharkhand,https://sansad.in/getFile/dms/fetch/8c3e7541-7348-42fb-8ecd-121c15689374?source=dsp2,/Users/alokkumardalei/Desktop/MPLED/MPLEDs/data/mp_profiles/images/ls_4324.jpg,cached,https://sansad.in/ls/members,2026-08-29T07:57:18.033216+00:00,mplads/mp_profiles/lok_sabha/4324_nishikant_dubey,https://res.cloudinary.com/dfgsefn5v/image/upload/v1788003149/mplads/mp_profiles/lok_sabha/4324_nishikant_dubey.jpg,0a61fe37d74f3bfc99fb2934b32d05f9,uploaded,2026-08-29T11:32:29.708564+00:00
Lok Sabha,5699,Ashish Dubey,Bharatiya Janata Party,BJP,Jabalpur,Madhya Pradesh,https://sansad.in/getFile/dms/fetch/5cc22022-9f37-42d3-9241-6551a70d124a?source=dsp2,/Users/alokkumardalei/Desktop/MPLED/MPLEDs/data/mp_profiles/images/ls_5699.jpg,cached,https://sansad.in/ls/members,2026-08-29T07:57:18.033216+00:00,mplads/mp_profiles/lok_sabha/5699_ashish_dubey,https://res.cloudinary.com/dfgsefn5v/image/upload/v1788003149/mplads/mp_profiles/lok_sabha/5699_ashish_dubey.jpg,614a29d2bbdc6cca7c681ed73cd6e56d,uploaded,2026-08-29T11:32:29.964317+00:00
Lok Sabha,5151,Vijay Kumar Dubey,Bharatiya Janata Party,BJP,Kushi Nagar,Uttar Pradesh,https://sansad.in/getFile/dms/fetch/5d554880-fad8-4afc-bbbc-0bfca485579e?source=dsp2,/Users/alokkumardalei/Desktop/MPLED/MPLEDs/data/mp_profiles/images/ls_5151.jpg,cached,https://sansad.in/ls/members,2026-08-29T07:57:18.033216+00:00,mplads/mp_profiles/lok_sabha/5151_vijay_kumar_dubey,https://res.cloudinary.com/dfgsefn5v/image/upload/v1788003149/mplads/mp_profiles/lok_sabha/5151_vijay_kumar_dubey.jpg,2238fdba5303bc0262124a88c706d3a3,uploaded,2026-08-29T11:32:30.113412+00:00
Lok Sabha,5606,Ranjit Dutta,Bharatiya Janata Party,BJP,Sonitpur,Assam,https://sansad.in/getFile/dms/fetch/6c6f9d4d-d57a-40e1-a5c1-db7b448f5331?source=dsp2,/Users/alokkumardalei/Desktop/MPLED/MPLEDs/data/mp_profiles/images/ls_5606.jpg,cached,https://sansad.in/ls/members,2026-08-29T07:57:18.033216+00:00,mplads/mp_profiles/lok_sabha/5606_ranjit_dutta,https://res.cloudinary.com/dfgsefn5v/image/upload/v1788003149/mplads/mp_profiles/lok_sabha/5606_ranjit_dutta.jpg,cd319b42aee66f0d65e7572a8f2025dd,uploaded,2026-08-29T11:32:30.272796+00:00
Lok Sabha,5125,Hibi Eden,Indian National Congress,INC,Ernakulam,Kerala,https://sansad.in/getFile/dms/fetch/e9e3b5f6-6323-413e-be99-b26f5378a86e?source=dsp2,/Users/alokkumardalei/Desktop/MPLED/MPLEDs/data/mp_profiles/images/ls_5125.jpg,cached,https://sansad.in/ls/members,2026-08-29T07:57:18.033216+00:00,mplads/mp_profiles/lok_sabha/5125_hibi_eden,https://res.cloudinary.com/dfgsefn5v/image/upload/v1788003149/mplads/mp_profiles/lok_sabha/5125_hibi_eden.jpg,76662e3b5412172713b7456bfde7d944,uploaded,2026-08-29T11:32:30.314463+00:00
Lok Sabha,5710,Captain Viriato Fernandes,Indian National Congress,INC,South Goa,Goa,https://sansad.in/getFile/dms/fetch/4a453a52-696d-431b-9c17-c865efebc5f2?source=dsp2,/Users/alokkumardalei/Desktop/MPLED/MPLEDs/data/mp_profiles/images/ls_5710.jpg,cached,https://sansad.in/ls/members,2026-08-29T07:57:18.033216+00:00,mplads/mp_profiles/lok_sabha/5710_captain_viriato_fernandes,https://res.cloudinary.com/dfgsefn5v/image/upload/v1788003150/mplads/mp_profiles/lok_sabha/5710_captain_viriato_fernandes.jpg,414a4872c25f1c96ef7dc4b77af53485,uploaded,2026-08-29T11:32:30.573804+00:00
Lok Sabha,5071,Anil Firojiya,Bharatiya Janata Party,BJP,Ujjain,Madhya Pradesh,https://sansad.in/getFile/dms/fetch/968834c3-875a-47f0-bbba-0ae4739162dc?source=dsp2,/Users/alokkumardalei/Desktop/MPLED/MPLEDs/data/mp_profiles/images/ls_5071.jpg,cached,https://sansad.in/ls/members,2026-08-29T07:57:18.033216+00:00,mplads/mp_profiles/lok_sabha/5071_anil_firojiya,https://res.cloudinary.com/dfgsefn5v/image/upload/v1788003150/mplads/mp_profiles/lok_sabha/5071_anil_firojiya.jpg,02054ceee7a0e9bdeb5a1ecc31b42960,uploaded,2026-08-29T11:32:30.707654+00:00
Lok Sabha,4963,Selvam G,Dravida Munnetra Kazhagam,DMK,Kancheepuram,Tamil Nadu,https://sansad.in/getFile/dms/fetch/592e3d72-0924-4509-86ab-81de407f9b4b?source=dsp2,/Users/alokkumardalei/Desktop/MPLED/MPLEDs/data/mp_profiles/images/ls_4963.jpg,cached,https://sansad.in/ls/members,2026-08-29T07:57:18.033216+00:00,mplads/mp_profiles/lok_sabha/4963_selvam_g,https://res.cloudinary.com/dfgsefn5v/image/upload/v1788003150/mplads/mp_profiles/lok_sabha/4963_selvam_g.jpg,88b0f56ade12fba0a8f9315aafa55b40,uploaded,2026-08-29T11:32:32.067419+00:00
Lok Sabha,5771,Vamsi Krishna Gaddam,Indian National Congress,INC,Peddapalle,Telangana,https://sansad.in/getFile/dms/fetch/17a7a085-553b-4b92-91e9-6a16f36231bf?source=dsp2,/Users/alokkumardalei/Desktop/MPLED/MPLEDs/data/mp_profiles/images/ls_5771.jpg,cached,https://sansad.in/ls/members,2026-08-29T07:57:18.033216+00:00,mplads/mp_profiles/lok_sabha/5771_vamsi_krishna_gaddam,https://res.cloudinary.com/dfgsefn5v/image/upload/v1788003150/mplads/mp_profiles/lok_sabha/5771_vamsi_krishna_gaddam.jpg,8ff1eb6e87f2f2f32332f540dfc202b6,uploaded,2026-08-29T11:32:30.975256+00:00
Lok Sabha,4923,Nitin Jairam Gadkari,Bharatiya Janata Party,BJP,Nagpur,Maharashtra,https://sansad.in/getFile/dms/fetch/ec130def-6bf1-4481-b3b1-59b1ff236202?source=dsp2,/Users/alokkumardalei/Desktop/MPLED/MPLEDs/data/mp_profiles/images/ls_4923.jpg,cached,https://sansad.in/ls/members,2026-08-29T07:57:18.033216+00:00,mplads/mp_profiles/lok_sabha/4923_nitin_jairam_gadkari,https://res.cloudinary.com/dfgsefn5v/image/upload/v1788003150/mplads/mp_profiles/lok_sabha/4923_nitin_jairam_gadkari.jpg,5f70259e85d314c7251507d1336369ee,uploaded,2026-08-29T11:32:31.133002+00:00
Lok Sabha,5754,Varsha Eknath Gaikwad,Indian National Congress,INC,Mumbai North Central,Maharashtra,https://sansad.in/getFile/dms/fetch/019aa6ec-095d-4911-a8dc-6661d431d2f4?source=dsp2,/Users/alokkumardalei/Desktop/MPLED/MPLEDs/data/mp_profiles/images/ls_5754.jpg,cached,https://sansad.in/ls/members,2026-08-29T07:57:18.033216+00:00,mplads/mp_profiles/lok_sabha/5754_varsha_eknath_gaikwad,https://res.cloudinary.com/dfgsefn5v/image/upload/v1788003150/mplads/mp_profiles/lok_sabha/5754_varsha_eknath_gaikwad.jpg,d7b6bdd93f4e6bd647cc7deaa73c426d,uploaded,2026-08-29T11:32:31.365787+00:00
Lok Sabha,4676,Dharamvira Gandhi,Indian National Congress,INC,Patiala,Punjab,https://sansad.in/getFile/dms/fetch/ccc98708-7e7f-4084-9c3a-46a3051908d9?source=dsp2,/Users/alokkumardalei/Desktop/MPLED/MPLEDs/data/mp_profiles/images/ls_4676.jpg,cached,https://sansad.in/ls/members,2026-08-29T07:57:18.033216+00:00,mplads/mp_profiles/lok_sabha/4676_dharamvira_gandhi,https://res.cloudinary.com/dfgsefn5v/image/upload/v1788003151/mplads/mp_profiles/lok_sabha/4676_dharamvira_gandhi.jpg,50f55cdcb3099a22fa11f733213c0987,uploaded,2026-08-29T11:32:31.557882+00:00
Lok Sabha,4074,Rahul Gandhi,Indian National Congress,INC,Rae Bareli,Uttar Pradesh,https://sansad.in/getFile/dms/fetch/5677656c-0daf-403d-9352-e6bfcb3399d5?source=dsp2,/Users/alokkumardalei/Desktop/MPLED/MPLEDs/data/mp_profiles/images/ls_4074.jpg,cached,https://sansad.in/ls/members,2026-08-29T07:57:18.033216+00:00,mplads/mp_profiles/lok_sabha/4074_rahul_gandhi,https://res.cloudinary.com/dfgsefn5v/image/upload/v1788003151/mplads/mp_profiles/lok_sabha/4074_rahul_gandhi.jpg,69fa761f2af382da9735d41f8ce37aac,uploaded,2026-08-29T11:32:31.672411+00:00
Lok Sabha,5591,Abhijit Gangopadhyay,Bharatiya Janata Party,BJP,Tamluk,West Bengal,https://sansad.in/getFile/dms/fetch/8a9a7faf-3137-46bf-ad0b-959690139dee?source=dsp2,/Users/alokkumardalei/Desktop/MPLED/MPLEDs/data/mp_profiles/images/ls_5591.jpg,cached,https://sansad.in/ls/members,2026-08-29T07:57:18.033216+00:00,mplads/mp_profiles/lok_sabha/5591_abhijit_gangopadhyay,https://res.cloudinary.com/dfgsefn5v/image/upload/v1788003151/mplads/mp_profiles/lok_sabha/5591_abhijit_gangopadhyay.jpg,ca17404d605aa3805bdbfe5079d000d9,uploaded,2026-08-29T11:32:32.019126+00:00
Lok Sabha,5566,Chhatrapal Singh Gangwar,Bharatiya Janata Party,BJP,Bareilly,Uttar Pradesh,https://sansad.in/getFile/dms/fetch/6c4f32e4-4f66-4317-9f79-bf2b57f93001?source=dsp2,/Users/alokkumardalei/Desktop/MPLED/MPLEDs/data/mp_profiles/images/ls_5566.jpg,cached,https://sansad.in/ls/members,2026-08-29T07:57:18.033216+00:00,mplads/mp_profiles/lok_sabha/5566_chhatrapal_singh_gangwar,https://res.cloudinary.com/dfgsefn5v/image/upload/v1788003151/mplads/mp_profiles/lok_sabha/5566_chhatrapal_singh_gangwar.jpg,f8d8cbb12e0c226f0124db5f3b3ee831,uploaded,2026-08-29T11:32:32.085037+00:00
Lok Sabha,3973,Tapir Gao,Bharatiya Janata Party,BJP,Arunachal East,Arunachal Pradesh,https://sansad.in/getFile/dms/fetch/0b816d8a-ce60-4973-a153-3273e5fa8a6d?source=dsp2,/Users/alokkumardalei/Desktop/MPLED/MPLEDs/data/mp_profiles/images/ls_3973.jpg,cached,https://sansad.in/ls/members,2026-08-29T07:57:18.033216+00:00,mplads/mp_profiles/lok_sabha/3973_tapir_gao,https://res.cloudinary.com/dfgsefn5v/image/upload/v1788003151/mplads/mp_profiles/lok_sabha/3973_tapir_gao.jpg,b5c48e6301b066cf635c3b7cc4ace9c8,uploaded,2026-08-29T11:32:32.237676+00:00
Lok Sabha,5549,Atul Garg,Bharatiya Janata Party,BJP,Ghaziabad,Uttar Pradesh,https://sansad.in/getFile/dms/fetch/199d8d92-dc4a-40b5-98f6-7cb990444df0?source=dsp2,/Users/alokkumardalei/Desktop/MPLED/MPLEDs/data/mp_profiles/images/ls_5549.jpg,cached,https://sansad.in/ls/members,2026-08-29T07:57:18.033216+00:00,mplads/mp_profiles/lok_sabha/5549_atul_garg,https://res.cloudinary.com/dfgsefn5v/image/upload/v1788003152/mplads/mp_profiles/lok_sabha/5549_atul_garg.jpg,101f2b63bbe24d217356270c56d66d28,uploaded,2026-08-29T11:32:32.584926+00:00
Lok Sabha,4603,Satish Kumar Gautam,Bharatiya Janata Party,BJP,Aligarh,Uttar Pradesh,https://sansad.in/getFile/dms/fetch/d3c3e728-4688-43d7-8883-cbedccb705f7?source=dsp2,/Users/alokkumardalei/Desktop/MPLED/MPLEDs/data/mp_profiles/images/ls_4603.jpg,cached,https://sansad.in/ls/members,2026-08-29T07:57:18.033216+00:00,mplads/mp_profiles/lok_sabha/4603_satish_kumar_gautam,https://res.cloudinary.com/dfgsefn5v/image/upload/v1788003152/mplads/mp_profiles/lok_sabha/4603_satish_kumar_gautam.jpg,2e7207255505e8103897090bce6df158,uploaded,2026-08-29T11:32:32.644068+00:00
Lok Sabha,138,K. Francis George,Kerala Congress,KEC,Kottayam,Kerala,https://sansad.in/getFile/dms/fetch/80cfd295-2aa1-481f-9d81-7d23d34afe70?source=dsp2,/Users/alokkumardalei/Desktop/MPLED/MPLEDs/data/mp_profiles/images/ls_138.jpg,cached,https://sansad.in/ls/members,2026-08-29T07:57:18.033216+00:00,mplads/mp_profiles/lok_sabha/138_k_francis_george,https://res.cloudinary.com/dfgsefn5v/image/upload/v1788003152/mplads/mp_profiles/lok_sabha/138_k_francis_george.jpg,93f534d32b224f0f6db31f6c94bf38ac,uploaded,2026-08-29T11:32:32.621905+00:00
Lok Sabha,5785,Sayani Ghosh,All India Trinamool Congress,AITC,Jadavpur,West Bengal,https://sansad.in/getFile/dms/fetch/422e4735-bcdf-41f8-9d8e-de23817fa924?source=dsp2,/Users/alokkumardalei/Desktop/MPLED/MPLEDs/data/mp_profiles/images/ls_5785.jpg,cached,https://sansad.in/ls/members,2026-08-29T07:57:18.033216+00:00,mplads/mp_profiles/lok_sabha/5785_sayani_ghosh,https://res.cloudinary.com/dfgsefn5v/image/upload/v1788003152/mplads/mp_profiles/lok_sabha/5785_sayani_ghosh.jpg,3c51e2189a2198ae41fd39f5af8c7387,uploaded,2026-08-29T11:32:33.028346+00:00
Lok Sabha,4432,Sher Singh Ghubaya,Indian National Congress,INC,Firozpur,Punjab,https://sansad.in/getFile/dms/fetch/01f7c9be-95cc-4640-8437-0def1e927e49?source=dsp2,/Users/alokkumardalei/Desktop/MPLED/MPLEDs/data/mp_profiles/images/ls_4432.jpg,cached,https://sansad.in/ls/members,2026-08-29T07:57:18.033216+00:00,mplads/mp_profiles/lok_sabha/4432_sher_singh_ghubaya,https://res.cloudinary.com/dfgsefn5v/image/upload/v1788003152/mplads/mp_profiles/lok_sabha/4432_sher_singh_ghubaya.jpg,862282e047e1c1c76238cf4fb17fd9bb,uploaded,2026-08-29T11:32:33.261844+00:00
Lok Sabha,4788,Gaurav Gogoi,Indian National Congress,INC,Jorhat,Assam,https://sansad.in/getFile/dms/fetch/e31fe9d5-01cf-41f6-9457-6bf740ea2be8?source=dsp2,/Users/alokkumardalei/Desktop/MPLED/MPLEDs/data/mp_profiles/images/ls_4788.jpg,cached,https://sansad.in/ls/members,2026-08-29T07:57:18.033216+00:00,mplads/mp_profiles/lok_sabha/4788_gaurav_gogoi,https://res.cloudinary.com/dfgsefn5v/image/upload/v1788003152/mplads/mp_profiles/lok_sabha/4788_gaurav_gogoi.jpg,fc5949849e99cd0684e7aa47ff403f14,uploaded,2026-08-29T11:32:33.170438+00:00
Lok Sabha,5552,Suresh Gopi,Bharatiya Janata Party,BJP,Thrissur,Kerala,https://sansad.in/getFile/dms/fetch/5c8001df-89b7-437b-bbf9-5d3133da3f95?source=dsp2,/Users/alokkumardalei/Desktop/MPLED/MPLEDs/data/mp_profiles/images/ls_5552.jpg,cached,https://sansad.in/ls/members,2026-08-29T07:57:18.033216+00:00,mplads/mp_profiles/lok_sabha/5552_suresh_gopi,https://res.cloudinary.com/dfgsefn5v/image/upload/v1788003152/mplads/mp_profiles/lok_sabha/5552_suresh_gopi.jpg,a2b66a7b38580c86f955e20f21af6abd,uploaded,2026-08-29T11:32:33.182988+00:00
Lok Sabha,5718,K Gopinath,Indian National Congress,INC,Krishnagiri,Tamil Nadu,https://sansad.in/getFile/dms/fetch/6690d991-6b76-420c-ae53-fa40cdaccbc5?source=dsp2,/Users/alokkumardalei/Desktop/MPLED/MPLEDs/data/mp_profiles/images/ls_5718.jpg,cached,https://sansad.in/ls/members,2026-08-29T07:57:18.033216+00:00,mplads/mp_profiles/lok_sabha/5718_k_gopinath,https://res.cloudinary.com/dfgsefn5v/image/upload/v1788003153/mplads/mp_profiles/lok_sabha/5718_k_gopinath.jpg,5adc8d5e0ea2baad6a241cb34ffcae6c,uploaded,2026-08-29T11:32:33.647915+00:00
Lok Sabha,5564,Arun Govil,Bharatiya Janata Party,BJP,Meerut,Uttar Pradesh,https://sansad.in/getFile/dms/fetch/be507431-747c-4ac0-bc6f-bd201f2c5a3b?source=dsp2,/Users/alokkumardalei/Desktop/MPLED/MPLEDs/data/mp_profiles/images/ls_5564.jpg,cached,https://sansad.in/ls/members,2026-08-29T07:57:18.033216+00:00,mplads/mp_profiles/lok_sabha/5564_arun_govil,https://res.cloudinary.com/dfgsefn5v/image/upload/v1788003153/mplads/mp_profiles/lok_sabha/5564_arun_govil.jpg,8652caf0471d5120cfa0003f3e2381df,uploaded,2026-08-29T11:32:33.829249+00:00
Lok Sabha,5551,Piyush Vedprakash Goyal,Bharatiya Janata Party,BJP,Mumbai North,Maharashtra,https://sansad.in/getFile/dms/fetch/f2c65f45-deed-443a-9921-5cfa98f00613?source=dsp2,/Users/alokkumardalei/Desktop/MPLED/MPLEDs/data/mp_profiles/images/ls_5551.jpg,cached,https://sansad.in/ls/members,2026-08-29T07:57:18.033216+00:00,mplads/mp_profiles/lok_sabha/5551_piyush_vedprakash_goyal,https://res.cloudinary.com/dfgsefn5v/image/upload/v1788003153/mplads/mp_profiles/lok_sabha/5551_piyush_vedprakash_goyal.jpg,9e6cfc08f12e9bd75aec3fb55eaa1c64,uploaded,2026-08-29T11:32:33.711858+00:00
Lok Sabha,4615,Sudheer Gupta,Bharatiya Janata Party,BJP,Mandsour,Madhya Pradesh,https://sansad.in/getFile/dms/fetch/a0de5e24-a107-4446-945e-ede530ba98f8?source=dsp2,/Users/alokkumardalei/Desktop/MPLED/MPLEDs/data/mp_profiles/images/ls_4615.jpg,cached,https://sansad.in/ls/members,2026-08-29T07:57:18.033216+00:00,mplads/mp_profiles/lok_sabha/4615_sudheer_gupta,https://res.cloudinary.com/dfgsefn5v/image/upload/v1788003153/mplads/mp_profiles/lok_sabha/4615_sudheer_gupta.jpg,77a1069e4a877a083a060033fef4b009,uploaded,2026-08-29T11:32:33.802156+00:00
Lok Sabha,4629,Krishan Pal Gurjar,Bharatiya Janata Party,BJP,Faridabad,Haryana,https://sansad.in/getFile/dms/fetch/77f23da5-778e-4564-bf01-f4e00afc41e6?source=dsp2,/Users/alokkumardalei/Desktop/MPLED/MPLEDs/data/mp_profiles/images/ls_4629.jpg,cached,https://sansad.in/ls/members,2026-08-29T07:57:18.033216+00:00,mplads/mp_profiles/lok_sabha/4629_krishan_pal_gurjar,https://res.cloudinary.com/dfgsefn5v/image/upload/v1788003153/mplads/mp_profiles/lok_sabha/4629_krishan_pal_gurjar.jpg,4135866f619a680c179ec6911e0ddbe8,uploaded,2026-08-29T11:32:34.225022+00:00
Lok Sabha,5534,Maddila Gurumoorthy,Yuvajana Sramika Rythu Congress Party,YSR Congress Party,Tirupati,Andhra Pradesh,https://sansad.in/getFile/dms/fetch/8a35ad66-fcf9-4ec3-a499-2bba1cf2a492?source=dsp2,/Users/alokkumardalei/Desktop/MPLED/MPLEDs/data/mp_profiles/images/ls_5534.jpg,cached,https://sansad.in/ls/members,2026-08-29T07:57:18.033216+00:00,mplads/mp_profiles/lok_sabha/5534_maddila_gurumoorthy,https://res.cloudinary.com/dfgsefn5v/image/upload/v1788003153/mplads/mp_profiles/lok_sabha/5534_maddila_gurumoorthy.jpg,1df806867385e42c9155212e163bf079,uploaded,2026-08-29T11:32:34.290308+00:00
Lok Sabha,5774,Bapi Haldar,All India Trinamool Congress,AITC,Mathurapur,West Bengal,https://sansad.in/getFile/dms/fetch/c4fa3be4-f117-48f9-b945-118835d632e0?source=dsp2,/Users/alokkumardalei/Desktop/MPLED/MPLEDs/data/mp_profiles/images/ls_5774.jpg,cached,https://sansad.in/ls/members,2026-08-29T07:57:18.033216+00:00,mplads/mp_profiles/lok_sabha/5774_bapi_haldar,https://res.cloudinary.com/dfgsefn5v/image/upload/v1788003154/mplads/mp_profiles/lok_sabha/5774_bapi_haldar.jpg,905092409c81435735fad8f9ab121ab9,uploaded,2026-08-29T11:32:34.374536+00:00
Lok Sabha,5808,Mohmad Haneefa,Independent,Ind.,Ladakh,Ladakh,https://sansad.in/getFile/dms/fetch/f20c2e99-b2a0-426d-b4ee-a6ecf546e2d0?source=dsp2,/Users/alokkumardalei/Desktop/MPLED/MPLEDs/data/mp_profiles/images/ls_5808.jpg,cached,https://sansad.in/ls/members,2026-08-29T07:57:18.033216+00:00,mplads/mp_profiles/lok_sabha/5808_mohmad_haneefa,https://res.cloudinary.com/dfgsefn5v/image/upload/v1788003154/mplads/mp_profiles/lok_sabha/5808_mohmad_haneefa.jpg,74b1742a35b4776a3145fea626bb068e,uploaded,2026-08-29T11:32:34.479428+00:00
Lok Sabha,4866,Vijay Kumar Hansdak,Jharkhand Mukti Morcha,JMM,Rajmahal,Jharkhand,https://sansad.in/getFile/dms/fetch/67707572-5912-4f93-b825-d48c58239afb?source=dsp2,/Users/alokkumardalei/Desktop/MPLED/MPLEDs/data/mp_profiles/images/ls_4866.jpg,cached,https://sansad.in/ls/members,2026-08-29T07:57:18.033216+00:00,mplads/mp_profiles/lok_sabha/4866_vijay_kumar_hansdak,https://res.cloudinary.com/dfgsefn5v/image/upload/v1788003154/mplads/mp_profiles/lok_sabha/4866_vijay_kumar_hansdak.jpg,5b66cb15302246412187726a031834b6,uploaded,2026-08-29T11:32:34.799679+00:00
Lok Sabha,5829,Gurmeet Singh Meet Hayer,Aam Aadmi Party,AAP,Sangrur,Punjab,https://sansad.in/getFile/dms/fetch/5b8cc637-f7e0-42e9-9b64-722e286ef356?source=dsp2,/Users/alokkumardalei/Desktop/MPLED/MPLEDs/data/mp_profiles/images/ls_5829.jpg,cached,https://sansad.in/ls/members,2026-08-29T07:57:18.033216+00:00,mplads/mp_profiles/lok_sabha/5829_gurmeet_singh_meet_hayer,https://res.cloudinary.com/dfgsefn5v/image/upload/v1788003154/mplads/mp_profiles/lok_sabha/5829_gurmeet_singh_meet_hayer.jpg,5d44afe27bc484efcde7da0f19e32166,uploaded,2026-08-29T11:32:34.904728+00:00
Lok Sabha,5719,K Rajashekar Basavaraj Hitnal,Indian National Congress,INC,Koppal,Karnataka,https://sansad.in/getFile/dms/fetch/7aefa901-c882-436b-b218-32b1d9111cac?source=dsp2,/Users/alokkumardalei/Desktop/MPLED/MPLEDs/data/mp_profiles/images/ls_5719.jpg,cached,https://sansad.in/ls/members,2026-08-29T07:57:18.033216+00:00,mplads/mp_profiles/lok_sabha/5719_k_rajashekar_basavaraj_hitnal,https://res.cloudinary.com/dfgsefn5v/image/upload/v1788003154/mplads/mp_profiles/lok_sabha/5719_k_rajashekar_basavaraj_hitnal.jpg,bbd7f7991837e9e5c58b25c4701f3e27,uploaded,2026-08-29T11:32:34.900979+00:00
Lok Sabha,4207,Deepender Singh Hooda,Indian National Congress,INC,Rohtak,Haryana,https://sansad.in/getFile/dms/fetch/7164d26f-3035-4a44-91d4-6416a9973a53?source=dsp2,/Users/alokkumardalei/Desktop/MPLED/MPLEDs/data/mp_profiles/images/ls_4207.jpg,cached,https://sansad.in/ls/members,2026-08-29T07:57:18.033216+00:00,mplads/mp_profiles/lok_sabha/4207_deepender_singh_hooda,https://res.cloudinary.com/dfgsefn5v/image/upload/v1788003154/mplads/mp_profiles/lok_sabha/4207_deepender_singh_hooda.jpg,ac4a806672c6477b2591c959c45c10cc,uploaded,2026-08-29T11:32:34.990081+00:00
Lok Sabha,5724,Rakibul Hussain,Indian National Congress,INC,Dhubri,Assam,https://sansad.in/getFile/dms/fetch/e765b581-edd5-4cdb-94b6-eac53e376040?source=dsp2,/Users/alokkumardalei/Desktop/MPLED/MPLEDs/data/mp_profiles/images/ls_5724.jpg,cached,https://sansad.in/ls/members,2026-08-29T07:57:18.033216+00:00,mplads/mp_profiles/lok_sabha/5724_rakibul_hussain,https://res.cloudinary.com/dfgsefn5v/image/upload/v1788003155/mplads/mp_profiles/lok_sabha/5724_rakibul_hussain.jpg,312226b690ce8b6df8717e0c0549e388,uploaded,2026-08-29T11:32:35.343555+00:00
Lok Sabha,5730,Kuldeep Indora,Indian National Congress,INC,Ganganagar,Rajasthan,https://sansad.in/getFile/dms/fetch/b6f16892-ffa9-486e-a5d3-69c491c1406c?source=dsp2,/Users/alokkumardalei/Desktop/MPLED/MPLEDs/data/mp_profiles/images/ls_5730.jpg,cached,https://sansad.in/ls/members,2026-08-29T07:57:18.033216+00:00,mplads/mp_profiles/lok_sabha/5730_kuldeep_indora,https://res.cloudinary.com/dfgsefn5v/image/upload/v1788003155/mplads/mp_profiles/lok_sabha/5730_kuldeep_indora.jpg,b4b6cdda605ef0d2ea52e20f35b66601,uploaded,2026-08-29T11:32:35.521176+00:00
Lok Sabha,5571,Rajpalsinh Mahendrasinh Jadav,Bharatiya Janata Party,BJP,Panchmahal,Gujarat,https://sansad.in/getFile/dms/fetch/befeee65-d972-4555-b11c-2855cdd26094?source=dsp2,/Users/alokkumardalei/Desktop/MPLED/MPLEDs/data/mp_profiles/images/ls_5571.jpg,cached,https://sansad.in/ls/members,2026-08-29T07:57:18.033216+00:00,mplads/mp_profiles/lok_sabha/5571_rajpalsinh_mahendrasinh_jadav,https://res.cloudinary.com/dfgsefn5v/image/upload/v1788003155/mplads/mp_profiles/lok_sabha/5571_rajpalsinh_mahendrasinh_jadav.jpg,8191b7fd0c5d222dc23cdfad054f42da,uploaded,2026-08-29T11:32:35.447127+00:00
Lok Sabha,4373,Prataprao Ganpatrao Jadhav,Shiv Sena,SS,Buldhana,Maharashtra,https://sansad.in/getFile/dms/fetch/e214c2ed-5671-4dd9-bfcb-9fcf2b5278ee?source=dsp2,/Users/alokkumardalei/Desktop/MPLED/MPLEDs/data/mp_profiles/images/ls_4373.jpg,cached,https://sansad.in/ls/members,2026-08-29T07:57:18.033216+00:00,mplads/mp_profiles/lok_sabha/4373_prataprao_ganpatrao_jadhav,https://res.cloudinary.com/dfgsefn5v/image/upload/v1788003155/mplads/mp_profiles/lok_sabha/4373_prataprao_ganpatrao_jadhav.jpg,94f5315cc3cf60ceb76e14a0956aa5d8,uploaded,2026-08-29T11:32:35.572471+00:00
Lok Sabha,4735,Sanjay Haribhau Jadhav,Shiv Sena,SS,Parbhani,Maharashtra,https://sansad.in/getFile/dms/fetch/628149e9-f311-4142-97cf-ab16419d9a86?source=dsp2,/Users/alokkumardalei/Desktop/MPLED/MPLEDs/data/mp_profiles/images/ls_4735.jpg,cached,https://sansad.in/ls/members,2026-08-29T07:57:18.033216+00:00,mplads/mp_profiles/lok_sabha/4735_sanjay_haribhau_jadhav,https://res.cloudinary.com/dfgsefn5v/image/upload/v1788003155/mplads/mp_profiles/lok_sabha/4735_sanjay_haribhau_jadhav.jpg,3013d6457adc8f474455b1d6861ded69,uploaded,2026-08-29T11:32:35.915696+00:00
Lok Sabha,157,Dr. S Jagathratchakan,Dravida Munnetra Kazhagam,DMK,Arakkonam,Tamil Nadu,https://sansad.in/getFile/dms/fetch/cf433e65-4070-45bd-806d-3df143e9cc29?source=dsp2,/Users/alokkumardalei/Desktop/MPLED/MPLEDs/data/mp_profiles/images/ls_157.jpg,cached,https://sansad.in/ls/members,2026-08-29T07:57:18.033216+00:00,mplads/mp_profiles/lok_sabha/157_dr_s_jagathratchakan,https://res.cloudinary.com/dfgsefn5v/image/upload/v1788003155/mplads/mp_profiles/lok_sabha/157_dr_s_jagathratchakan.jpg,9a835782600d95e67bc61172cee4e850,uploaded,2026-08-29T11:32:35.990972+00:00
Lok Sabha,4455,Sanjay Jaiswal,Bharatiya Janata Party,BJP,Paschim Champaran,Bihar,https://sansad.in/getFile/dms/fetch/63c1a0ac-a170-4b00-8def-01104dd57611?source=dsp2,/Users/alokkumardalei/Desktop/MPLED/MPLEDs/data/mp_profiles/images/ls_4455.jpg,cached,https://sansad.in/ls/members,2026-08-29T07:57:18.033216+00:00,mplads/mp_profiles/lok_sabha/4455_sanjay_jaiswal,https://res.cloudinary.com/dfgsefn5v/image/upload/v1788003155/mplads/mp_profiles/lok_sabha/4455_sanjay_jaiswal.jpg,1e577c89561fb5c7350ecc4a075621cb,uploaded,2026-08-29T11:32:36.156514+00:00
Lok Sabha,5673,Manish Jaiswal,Bharatiya Janata Party,BJP,Hazaribagh,Jharkhand,https://sansad.in/getFile/dms/fetch/42a12849-c2d9-4fa7-96c6-9c003acf35cb?source=dsp2,/Users/alokkumardalei/Desktop/MPLED/MPLEDs/data/mp_profiles/images/ls_5673.jpg,cached,https://sansad.in/ls/members,2026-08-29T07:57:18.033216+00:00,mplads/mp_profiles/lok_sabha/5673_manish_jaiswal,https://res.cloudinary.com/dfgsefn5v/image/upload/v1788003156/mplads/mp_profiles/lok_sabha/5673_manish_jaiswal.jpg,35e2318210e962afd6b522c8a1c31b2c,uploaded,2026-08-29T11:32:36.490506+00:00
Lok Sabha,5567,S Supongmeren Jamir,Indian National Congress,INC,Nagaland,Nagaland,https://sansad.in/getFile/dms/fetch/db493bfd-f66e-4aa8-b312-d88e9f32f329?source=dsp2,/Users/alokkumardalei/Desktop/MPLED/MPLEDs/data/mp_profiles/images/ls_5567.jpg,cached,https://sansad.in/ls/members,2026-08-29T07:57:18.033216+00:00,mplads/mp_profiles/lok_sabha/5567_s_supongmeren_jamir,https://res.cloudinary.com/dfgsefn5v/image/upload/v1788003156/mplads/mp_profiles/lok_sabha/5567_s_supongmeren_jamir.jpg,9b0d4909b9a503bd3bd8000d8b83667e,uploaded,2026-08-29T11:32:36.813171+00:00
Lok Sabha,5709,Kamlesh Jangde,Bharatiya Janata Party,BJP,Janjgir-Champa,Chhattisgarh,https://sansad.in/getFile/dms/fetch/57591ace-1bc4-489c-b4ab-5bb1ffb06d30?source=dsp2,/Users/alokkumardalei/Desktop/MPLED/MPLEDs/data/mp_profiles/images/ls_5709.jpg,cached,https://sansad.in/ls/members,2026-08-29T07:57:18.033216+00:00,mplads/mp_profiles/lok_sabha/5709_kamlesh_jangde,https://res.cloudinary.com/dfgsefn5v/image/upload/v1788003156/mplads/mp_profiles/lok_sabha/5709_kamlesh_jangde.jpg,147bcff34d1a336d668a27c86ce421f9,uploaded,2026-08-29T11:32:36.574979+00:00
Lok Sabha,5831,Priyanka Satish Jarkiholi,Indian National Congress,INC,Chikkodi,Karnataka,https://sansad.in/getFile/dms/fetch/2f6f41db-42d5-4965-b88f-8d20609aa4e2?source=dsp2,/Users/alokkumardalei/Desktop/MPLED/MPLEDs/data/mp_profiles/images/ls_5831.jpg,cached,https://sansad.in/ls/members,2026-08-29T07:57:18.033216+00:00,mplads/mp_profiles/lok_sabha/5831_priyanka_satish_jarkiholi,https://res.cloudinary.com/dfgsefn5v/image/upload/v1788003156/mplads/mp_profiles/lok_sabha/5831_priyanka_satish_jarkiholi.jpg,0a1f53a3ffa471531d3b9ba3cb8c47fc,uploaded,2026-08-29T11:32:36.708877+00:00
Lok Sabha,5734,Bhajan Lal Jatav,Indian National Congress,INC,Karauli-Dholpur,Rajasthan,https://sansad.in/getFile/dms/fetch/710d0505-a080-4bf0-a4cc-861481b9229a?source=dsp2,/Users/alokkumardalei/Desktop/MPLED/MPLEDs/data/mp_profiles/images/ls_5734.jpg,cached,https://sansad.in/ls/members,2026-08-29T07:57:18.033216+00:00,mplads/mp_profiles/lok_sabha/5734_bhajan_lal_jatav,https://res.cloudinary.com/dfgsefn5v/image/upload/v1788003157/mplads/mp_profiles/lok_sabha/5734_bhajan_lal_jatav.jpg,ab17d28b08e4c5549e91f7d89ed5c522,uploaded,2026-08-29T11:32:37.786266+00:00
Lok Sabha,5690,Sanjna Jatav,Indian National Congress,INC,Bharatpur,Rajasthan,https://sansad.in/getFile/dms/fetch/31c15a41-5606-4fec-a191-9cfcff320a29?source=dsp2,/Users/alokkumardalei/Desktop/MPLED/MPLEDs/data/mp_profiles/images/ls_5690.jpg,cached,https://sansad.in/ls/members,2026-08-29T07:57:18.033216+00:00,mplads/mp_profiles/lok_sabha/5690_sanjna_jatav,https://res.cloudinary.com/dfgsefn5v/image/upload/v1788003157/mplads/mp_profiles/lok_sabha/5690_sanjna_jatav.jpg,b1e15b5870bbe3af045226430f76f0a5,uploaded,2026-08-29T11:32:37.408455+00:00
Lok Sabha,5216,Mohammad Jawed,Indian National Congress,INC,Kishanganj,Bihar,https://sansad.in/getFile/dms/fetch/c3914515-696b-48fe-b492-e4f94ff73395?source=dsp2,/Users/alokkumardalei/Desktop/MPLED/MPLEDs/data/mp_profiles/images/ls_5216.jpg,cached,https://sansad.in/ls/members,2026-08-29T07:57:18.033216+00:00,mplads/mp_profiles/lok_sabha/5216_mohammad_jawed,https://res.cloudinary.com/dfgsefn5v/image/upload/v1788003156/mplads/mp_profiles/lok_sabha/5216_mohammad_jawed.jpg,741432f1dab6287340f7a96727bbb250,uploaded,2026-08-29T11:32:37.263128+00:00
Lok Sabha,25,Azad Kirti Jha,All India Trinamool Congress,AITC,Bardhaman-Durgapur,West Bengal,https://sansad.in/getFile/dms/fetch/eacadb92-3899-4946-b26b-8774bbe25802?source=dsp2,/Users/alokkumardalei/Desktop/MPLED/MPLEDs/data/mp_profiles/images/ls_25.jpg,cached,https://sansad.in/ls/members,2026-08-29T07:57:18.033216+00:00,mplads/mp_profiles/lok_sabha/25_azad_kirti_jha,https://res.cloudinary.com/dfgsefn5v/image/upload/v1788003157/mplads/mp_profiles/lok_sabha/25_azad_kirti_jha.jpg,a735a69756f9af03f3f4a80e7b62d30b,uploaded,2026-08-29T11:32:38.516139+00:00
Lok Sabha,170,Ramesh Chandappa Jigajinagi,Bharatiya Janata Party,BJP,Bijapur,Karnataka,https://sansad.in/getFile/dms/fetch/59932c98-f945-4e0a-8832-64b1887d1694?source=dsp2,/Users/alokkumardalei/Desktop/MPLED/MPLEDs/data/mp_profiles/images/ls_170.jpg,cached,https://sansad.in/ls/members,2026-08-29T07:57:18.033216+00:00,mplads/mp_profiles/lok_sabha/170_ramesh_chandappa_jigajinagi,https://res.cloudinary.com/dfgsefn5v/image/upload/v1788003157/mplads/mp_profiles/lok_sabha/170_ramesh_chandappa_jigajinagi.jpg,c1d21d9e36665a67d5161124169136f5,uploaded,2026-08-29T11:32:37.870161+00:00
Lok Sabha,4041,Naveen Jindal,Bharatiya Janata Party,BJP,Kurukshetra,Haryana,https://sansad.in/getFile/dms/fetch/c94a428c-5eb4-4a02-9195-e641c3783154?source=dsp2,/Users/alokkumardalei/Desktop/MPLED/MPLEDs/data/mp_profiles/images/ls_4041.jpg,cached,https://sansad.in/ls/members,2026-08-29T07:57:18.033216+00:00,mplads/mp_profiles/lok_sabha/4041_naveen_jindal,https://res.cloudinary.com/dfgsefn5v/image/upload/v1788003158/mplads/mp_profiles/lok_sabha/4041_naveen_jindal.jpg,f32a07aa76be3d7c1d44f0de411b0aa5,uploaded,2026-08-29T11:32:38.692713+00:00
Lok Sabha,5570,Hemang Joshi,Bharatiya Janata Party,BJP,Vadodara,Gujarat,https://sansad.in/getFile/dms/fetch/ebaacda3-24db-4ff2-96bc-a2462f2e3c66?source=dsp2,/Users/alokkumardalei/Desktop/MPLED/MPLEDs/data/mp_profiles/images/ls_5570.jpg,cached,https://sansad.in/ls/members,2026-08-29T07:57:18.033216+00:00,mplads/mp_profiles/lok_sabha/5570_hemang_joshi,https://res.cloudinary.com/dfgsefn5v/image/upload/v1788003158/mplads/mp_profiles/lok_sabha/5570_hemang_joshi.jpg,59f1df248ed475730312b0e8eefd9ade,uploaded,2026-08-29T11:32:38.459232+00:00
Lok Sabha,4671,Chandra Prakash Joshi,Bharatiya Janata Party,BJP,Chittorgarh,Rajasthan,https://sansad.in/getFile/dms/fetch/42d8116c-8316-48e7-8169-062325d34f8e?source=dsp2,/Users/alokkumardalei/Desktop/MPLED/MPLEDs/data/mp_profiles/images/ls_4671.jpg,cached,https://sansad.in/ls/members,2026-08-29T07:57:18.033216+00:00,mplads/mp_profiles/lok_sabha/4671_chandra_prakash_joshi,https://res.cloudinary.com/dfgsefn5v/image/upload/v1788003158/mplads/mp_profiles/lok_sabha/4671_chandra_prakash_joshi.jpg,cfd651217bb904cfcb856f3f0a3a30be,uploaded,2026-08-29T11:32:38.431586+00:00
Lok Sabha,3982,Pralhad Joshi,Bharatiya Janata Party,BJP,Dharwad,Karnataka,https://sansad.in/getFile/dms/fetch/0cd4d7fe-e308-464e-8dab-d866716318fd?source=dsp2,/Users/alokkumardalei/Desktop/MPLED/MPLEDs/data/mp_profiles/images/ls_3982.jpg,cached,https://sansad.in/ls/members,2026-08-29T07:57:18.033216+00:00,mplads/mp_profiles/lok_sabha/3982_pralhad_joshi,https://res.cloudinary.com/dfgsefn5v/image/upload/v1788003158/mplads/mp_profiles/lok_sabha/3982_pralhad_joshi.jpg,cb3d8516632a38478af24da840407b90,uploaded,2026-08-29T11:32:38.985448+00:00
Lok Sabha,4981,S Jothimani,Indian National Congress,INC,Karur,Tamil Nadu,https://sansad.in/getFile/dms/fetch/1a555199-7b15-43ee-aaba-c07a9bd3c90d?source=dsp2,/Users/alokkumardalei/Desktop/MPLED/MPLEDs/data/mp_profiles/images/ls_4981.jpg,cached,https://sansad.in/ls/members,2026-08-29T07:57:18.033216+00:00,mplads/mp_profiles/lok_sabha/4981_s_jothimani,https://res.cloudinary.com/dfgsefn5v/image/upload/v1788003158/mplads/mp_profiles/lok_sabha/4981_s_jothimani.jpg,10954a14a770b80bb7eb87fb7d93469e,uploaded,2026-08-29T11:32:38.982213+00:00
Lok Sabha,5806,Eswarasamy K,Dravida Munnetra Kazhagam,DMK,Pollachi,Tamil Nadu,https://sansad.in/getFile/dms/fetch/f4ab7e90-b162-4c40-9172-27aeb6b9007c?source=dsp2,/Users/alokkumardalei/Desktop/MPLED/MPLEDs/data/mp_profiles/images/ls_5806.jpg,cached,https://sansad.in/ls/members,2026-08-29T07:57:18.033216+00:00,mplads/mp_profiles/lok_sabha/5806_eswarasamy_k,https://res.cloudinary.com/dfgsefn5v/image/upload/v1788003158/mplads/mp_profiles/lok_sabha/5806_eswarasamy_k.jpg,c6994b76b8945b4cd48e45291909a7c7,uploaded,2026-08-29T11:32:39.026069+00:00
Lok Sabha,4962,Navaskani K,Indian Union Muslim League,IUML,Ramanathapuram,Tamil Nadu,https://sansad.in/getFile/dms/fetch/6734dc4e-6f3b-45bd-9c52-ac7d9b222f36?source=dsp2,/Users/alokkumardalei/Desktop/MPLED/MPLEDs/data/mp_profiles/images/ls_4962.jpg,cached,https://sansad.in/ls/members,2026-08-29T07:57:18.033216+00:00,mplads/mp_profiles/lok_sabha/4962_navaskani_k,https://res.cloudinary.com/dfgsefn5v/image/upload/v1788003159/mplads/mp_profiles/lok_sabha/4962_navaskani_k.jpg,ee7e998d86c81eb2a2c0c6a2664ce2e8,uploaded,2026-08-29T11:32:39.473850+00:00
Lok Sabha,4086,Subbarayan K,Communist Party of India,CPI,Tiruppur,Tamil Nadu,https://sansad.in/getFile/dms/fetch/74880e6d-d87e-4e89-a5a2-28423dd39a65?source=dsp2,/Users/alokkumardalei/Desktop/MPLED/MPLEDs/data/mp_profiles/images/ls_4086.jpg,cached,https://sansad.in/ls/members,2026-08-29T07:57:18.033216+00:00,mplads/mp_profiles/lok_sabha/4086_subbarayan_k,https://res.cloudinary.com/dfgsefn5v/image/upload/v1788003159/mplads/mp_profiles/lok_sabha/4086_subbarayan_k.jpg,16a830ab2acd3afcb276da9eabb6e8d5,uploaded,2026-08-29T11:32:39.625634+00:00
Lok Sabha,5554,Vishweshwar Hegde Kageri,Bharatiya Janata Party,BJP,Uttara Kannada,Karnataka,https://sansad.in/getFile/dms/fetch/153b0ad4-437c-424c-9f68-1cce3b83d3a0?source=dsp2,/Users/alokkumardalei/Desktop/MPLED/MPLEDs/data/mp_profiles/images/ls_5554.jpg,cached,https://sansad.in/ls/members,2026-08-29T07:57:18.033216+00:00,mplads/mp_profiles/lok_sabha/5554_vishweshwar_hegde_kageri,https://res.cloudinary.com/dfgsefn5v/image/upload/v1788003160/mplads/mp_profiles/lok_sabha/5554_vishweshwar_hegde_kageri.jpg,bc587e6a1c50ce828cce30576b0de0ba,uploaded,2026-08-29T11:32:40.358665+00:00
Lok Sabha,5767,Kalyan Vaijinathrao Kale,Indian National Congress,INC,Jalna,Maharashtra,https://sansad.in/getFile/dms/fetch/8c545260-4974-4a76-b7da-daa277011f82?source=dsp2,/Users/alokkumardalei/Desktop/MPLED/MPLEDs/data/mp_profiles/images/ls_5767.jpg,cached,https://sansad.in/ls/members,2026-08-29T07:57:18.033216+00:00,mplads/mp_profiles/lok_sabha/5767_kalyan_vaijinathrao_kale,https://res.cloudinary.com/dfgsefn5v/image/upload/v1788003159/mplads/mp_profiles/lok_sabha/5767_kalyan_vaijinathrao_kale.jpg,dffff4604a065713cae298b19b79b98b,uploaded,2026-08-29T11:32:39.643816+00:00
Lok Sabha,5820,Amar Sharadrao Kale,Nationalist Congress Party - Sharadchandra Pawar,NCPSP,Wardha,Maharashtra,https://sansad.in/getFile/dms/fetch/c476e490-2b93-486e-b346-37c20a9f1550?source=dsp2,/Users/alokkumardalei/Desktop/MPLED/MPLEDs/data/mp_profiles/images/ls_5820.jpg,cached,https://sansad.in/ls/members,2026-08-29T07:57:18.033216+00:00,mplads/mp_profiles/lok_sabha/5820_amar_sharadrao_kale,https://res.cloudinary.com/dfgsefn5v/image/upload/v1788003159/mplads/mp_profiles/lok_sabha/5820_amar_sharadrao_kale.jpg,1af7a9c7e12e6f6ff8c746dd9abfc5db,uploaded,2026-08-29T11:32:39.981247+00:00
Lok Sabha,5746,Shivaji Bandappa Kalge,Indian National Congress,INC,Latur,Maharashtra,https://sansad.in/getFile/dms/fetch/78d84df4-e34a-4817-a911-6079c20232b5?source=dsp2,/Users/alokkumardalei/Desktop/MPLED/MPLEDs/data/mp_profiles/images/ls_5746.jpg,cached,https://sansad.in/ls/members,2026-08-29T07:57:18.033216+00:00,mplads/mp_profiles/lok_sabha/5746_shivaji_bandappa_kalge,https://res.cloudinary.com/dfgsefn5v/image/upload/v1788003159/mplads/mp_profiles/lok_sabha/5746_shivaji_bandappa_kalge.jpg,561a3a5a008295a8738d1706c233e288,uploaded,2026-08-29T11:32:40.184134+00:00
Lok Sabha,5697,Appalanaidu Kalisetti,Telugu Desam Party,TDP,Vizianagaram,Andhra Pradesh,https://sansad.in/getFile/dms/fetch/0d50ee3e-4b21-4d51-bba5-1764555b91a2?source=dsp2,/Users/alokkumardalei/Desktop/MPLED/MPLEDs/data/mp_profiles/images/ls_5697.jpg,cached,https://sansad.in/ls/members,2026-08-29T07:57:18.033216+00:00,mplads/mp_profiles/lok_sabha/5697_appalanaidu_kalisetti,https://res.cloudinary.com/dfgsefn5v/image/upload/v1788003159/mplads/mp_profiles/lok_sabha/5697_appalanaidu_kalisetti.jpg,39ed2cddd55db36ebfab9b226ed94204,uploaded,2026-08-29T11:32:40.213514+00:00
Lok Sabha,5222,Dileshwar Kamait,Janata Dal (United),JD(U),Supaul,Bihar,https://sansad.in/getFile/dms/fetch/6e30d021-f804-4998-afe2-c07c2e4bf5f7?source=dsp2,/Users/alokkumardalei/Desktop/MPLED/MPLEDs/data/mp_profiles/images/ls_5222.jpg,cached,https://sansad.in/ls/members,2026-08-29T07:57:18.033216+00:00,mplads/mp_profiles/lok_sabha/5222_dileshwar_kamait,https://res.cloudinary.com/dfgsefn5v/image/upload/v1788003160/mplads/mp_profiles/lok_sabha/5222_dileshwar_kamait.jpg,ab5e95dd3382ef25ffb9d337a356b7b4,uploaded,2026-08-29T11:32:40.687699+00:00
Lok Sabha,5721,Malvinder Singh Kang,Aam Aadmi Party,AAP,Anandpur Sahib,Punjab,https://sansad.in/getFile/dms/fetch/78c27aea-c403-405d-8dfb-477bd87b1c84?source=dsp2,/Users/alokkumardalei/Desktop/MPLED/MPLEDs/data/mp_profiles/images/ls_5721.jpg,cached,https://sansad.in/ls/members,2026-08-29T07:57:18.033216+00:00,mplads/mp_profiles/lok_sabha/5721_malvinder_singh_kang,https://res.cloudinary.com/dfgsefn5v/image/upload/v1788003160/mplads/mp_profiles/lok_sabha/5721_malvinder_singh_kang.jpg,66e2f8ec14bd2fa175ee2016284b18bc,uploaded,2026-08-29T11:32:40.726661+00:00
Lok Sabha,4616,Shobha Karandlaje,Bharatiya Janata Party,BJP,Bangalore North,Karnataka,https://sansad.in/getFile/dms/fetch/8cf05d38-67f5-4abd-ab11-7cba3582baf4?source=dsp2,/Users/alokkumardalei/Desktop/MPLED/MPLEDs/data/mp_profiles/images/ls_4616.jpg,cached,https://sansad.in/ls/members,2026-08-29T07:57:18.033216+00:00,mplads/mp_profiles/lok_sabha/4616_shobha_karandlaje,https://res.cloudinary.com/dfgsefn5v/image/upload/v1788003160/mplads/mp_profiles/lok_sabha/4616_shobha_karandlaje.jpg,b9465325c84a0375f2c362aaa387436f,uploaded,2026-08-29T11:32:41.095237+00:00
Lok Sabha,5559,Govind Makthappa Karjol,Bharatiya Janata Party,BJP,Chitradurga,Karnataka,https://sansad.in/getFile/dms/fetch/53ff39bc-dd9d-471d-ae44-73c82b9fb048?source=dsp2,/Users/alokkumardalei/Desktop/MPLED/MPLEDs/data/mp_profiles/images/ls_5559.jpg,cached,https://sansad.in/ls/members,2026-08-29T07:57:18.033216+00:00,mplads/mp_profiles/lok_sabha/5559_govind_makthappa_karjol,https://res.cloudinary.com/dfgsefn5v/image/upload/v1788003160/mplads/mp_profiles/lok_sabha/5559_govind_makthappa_karjol.jpg,0f959cabbade3ac3fd4f4310f41832a6,uploaded,2026-08-29T11:32:41.023095+00:00
Lok Sabha,5626,Mahesh Kashyap,Bharatiya Janata Party,BJP,Bastar,Chhattisgarh,https://sansad.in/getFile/dms/fetch/c4246e7b-65d6-4ba0-9b51-c9c1d0477427?source=dsp2,/Users/alokkumardalei/Desktop/MPLED/MPLEDs/data/mp_profiles/images/ls_5626.jpg,cached,https://sansad.in/ls/members,2026-08-29T07:57:18.033216+00:00,mplads/mp_profiles/lok_sabha/5626_mahesh_kashyap,https://res.cloudinary.com/dfgsefn5v/image/upload/v1788003161/mplads/mp_profiles/lok_sabha/5626_mahesh_kashyap.jpg,f8adf698c3fb577e83789e60cdfc6cb6,uploaded,2026-08-29T11:32:41.712121+00:00
Lok Sabha,5113,Suresh Kumar Kashyap,Bharatiya Janata Party,BJP,Shimla,Himachal Pradesh,https://sansad.in/getFile/dms/fetch/92f6f548-94da-4ab3-a85d-21b0088450e2?source=dsp2,/Users/alokkumardalei/Desktop/MPLED/MPLEDs/data/mp_profiles/images/ls_5113.jpg,cached,https://sansad.in/ls/members,2026-08-29T07:57:18.033216+00:00,mplads/mp_profiles/lok_sabha/5113_suresh_kumar_kashyap,https://res.cloudinary.com/dfgsefn5v/image/upload/v1788003161/mplads/mp_profiles/lok_sabha/5113_suresh_kumar_kashyap.jpg,c50b25dcf9e87c6d732ef6170672bb3c,uploaded,2026-08-29T11:32:41.443501+00:00
Lok Sabha,4654,Rahul Kaswan,Indian National Congress,INC,Churu,Rajasthan,https://sansad.in/getFile/dms/fetch/3218d6f1-a4a3-42f4-bbe6-3cb427d4c2c4?source=dsp2,/Users/alokkumardalei/Desktop/MPLED/MPLEDs/data/mp_profiles/images/ls_4654.jpg,cached,https://sansad.in/ls/members,2026-08-29T07:57:18.033216+00:00,mplads/mp_profiles/lok_sabha/4654_rahul_kaswan,https://res.cloudinary.com/dfgsefn5v/image/upload/v1788003161/mplads/mp_profiles/lok_sabha/4654_rahul_kaswan.jpg,d21539b9fe881023aba544291677e770,uploaded,2026-08-29T11:32:41.575010+00:00
Lok Sabha,5783,Kadiyam Kavya,Indian National Congress,INC,Warangal,Telangana,https://sansad.in/getFile/dms/fetch/add129a5-dede-455b-af49-94ad4b95613f?source=dsp2,/Users/alokkumardalei/Desktop/MPLED/MPLEDs/data/mp_profiles/images/ls_5783.jpg,cached,https://sansad.in/ls/members,2026-08-29T07:57:18.033216+00:00,mplads/mp_profiles/lok_sabha/5783_kadiyam_kavya,https://res.cloudinary.com/dfgsefn5v/image/upload/v1788003161/mplads/mp_profiles/lok_sabha/5783_kadiyam_kavya.jpg,22e9d687670a540eb63ebf418224a402,uploaded,2026-08-29T11:32:41.634014+00:00
Lok Sabha,4722,Raksha Nikhil Khadse,Bharatiya Janata Party,BJP,Raver,Maharashtra,https://sansad.in/getFile/dms/fetch/9e15dff4-821d-4034-9321-e5be40574361?source=dsp2,/Users/alokkumardalei/Desktop/MPLED/MPLEDs/data/mp_profiles/images/ls_4722.jpg,cached,https://sansad.in/ls/members,2026-08-29T07:57:18.033216+00:00,mplads/mp_profiles/lok_sabha/4722_raksha_nikhil_khadse,https://res.cloudinary.com/dfgsefn5v/image/upload/v1788003161/mplads/mp_profiles/lok_sabha/4722_raksha_nikhil_khadse.jpg,9ba9ce86a07f8e97f82fa0aa34b1f53b,uploaded,2026-08-29T11:32:42.007624+00:00
Lok Sabha,5738,Sarabjeet Singh Khalsa,Independent,Ind.,Faridkot,Punjab,https://sansad.in/getFile/dms/fetch/82d3fd67-f07c-486b-8b66-dba51ea60e67?source=dsp2,/Users/alokkumardalei/Desktop/MPLED/MPLEDs/data/mp_profiles/images/ls_5738.jpg,cached,https://sansad.in/ls/members,2026-08-29T07:57:18.033216+00:00,mplads/mp_profiles/lok_sabha/5738_sarabjeet_singh_khalsa,https://res.cloudinary.com/dfgsefn5v/image/upload/v1788003161/mplads/mp_profiles/lok_sabha/5738_sarabjeet_singh_khalsa.jpg,aa88141aa49188b9c9dfe4915185ea35,uploaded,2026-08-29T11:32:42.355564+00:00
Lok Sabha,5052,Abu Taher Khan,All India Trinamool Congress,AITC,Murshidabad,West Bengal,https://sansad.in/getFile/dms/fetch/a3a65a1d-8461-46f8-b0c9-73894c9b5505?source=dsp2,/Users/alokkumardalei/Desktop/MPLED/MPLEDs/data/mp_profiles/images/ls_5052.jpg,cached,https://sansad.in/ls/members,2026-08-29T07:57:18.033216+00:00,mplads/mp_profiles/lok_sabha/5052_abu_taher_khan,https://res.cloudinary.com/dfgsefn5v/image/upload/v1788003161/mplads/mp_profiles/lok_sabha/5052_abu_taher_khan.jpg,bf3a797055876d5aaa5306909f5a8387,uploaded,2026-08-29T11:32:42.276152+00:00
Lok Sabha,4875,Saumitra Khan,Bharatiya Janata Party,BJP,Bishnupur,West Bengal,https://sansad.in/getFile/dms/fetch/02fdc66e-7061-4fe1-8a71-8c3d98714a7d?source=dsp2,/Users/alokkumardalei/Desktop/MPLED/MPLEDs/data/mp_profiles/images/ls_4875.jpg,cached,https://sansad.in/ls/members,2026-08-29T07:57:18.033216+00:00,mplads/mp_profiles/lok_sabha/4875_saumitra_khan,https://res.cloudinary.com/dfgsefn5v/image/upload/v1788003162/mplads/mp_profiles/lok_sabha/4875_saumitra_khan.jpg,eb082c432dae82c0bde2d3bd1baee72f,uploaded,2026-08-29T11:32:43.014039+00:00
Lok Sabha,5661,Praveen Khandelwal,Bharatiya Janata Party,BJP,Chandni Chowk,NCT of Delhi,https://sansad.in/getFile/dms/fetch/82c45461-e892-4ded-93bc-15c5818909d8?source=dsp2,/Users/alokkumardalei/Desktop/MPLED/MPLEDs/data/mp_profiles/images/ls_5661.jpg,cached,https://sansad.in/ls/members,2026-08-29T07:57:18.033216+00:00,mplads/mp_profiles/lok_sabha/5661_praveen_khandelwal,https://res.cloudinary.com/dfgsefn5v/image/upload/v1788003162/mplads/mp_profiles/lok_sabha/5661_praveen_khandelwal.jpg,d3f2310b75fc5b66aabe5fa68761ee08,uploaded,2026-08-29T11:32:42.571846+00:00
Lok Sabha,5791,Sagar Eshwar Khandre,Indian National Congress,INC,Bidar,Karnataka,https://sansad.in/getFile/dms/fetch/88ce1259-10ab-4e11-8489-ddf038b2cf6b?source=dsp2,/Users/alokkumardalei/Desktop/MPLED/MPLEDs/data/mp_profiles/images/ls_5791.jpg,cached,https://sansad.in/ls/members,2026-08-29T07:57:18.033216+00:00,mplads/mp_profiles/lok_sabha/5791_sagar_eshwar_khandre,https://res.cloudinary.com/dfgsefn5v/image/upload/v1788003162/mplads/mp_profiles/lok_sabha/5791_sagar_eshwar_khandre.jpg,114632f8bc1770013c4f26b98d8ab7b9,uploaded,2026-08-29T11:32:42.932326+00:00
Lok Sabha,5825,Kalipada Saren Kherwal,All India Trinamool Congress,AITC,Jhargram,West Bengal,https://sansad.in/getFile/dms/fetch/f3b011ae-3168-460c-809d-0a122969c442?source=dsp2,/Users/alokkumardalei/Desktop/MPLED/MPLEDs/data/mp_profiles/images/ls_5825.jpg,cached,https://sansad.in/ls/members,2026-08-29T07:57:18.033216+00:00,mplads/mp_profiles/lok_sabha/5825_kalipada_saren_kherwal,https://res.cloudinary.com/dfgsefn5v/image/upload/v1788003162/mplads/mp_profiles/lok_sabha/5825_kalipada_saren_kherwal.jpg,8883b01d797c296aaa74d3db41edaa54,uploaded,2026-08-29T11:32:42.868928+00:00
Lok Sabha,5144,Ravindra Shukla Alias Ravi Kishan,Bharatiya Janata Party,BJP,Gorakhpur,Uttar Pradesh,https://sansad.in/getFile/dms/fetch/cd3d3897-ebe1-46f7-b86c-33521d398c2a?source=dsp2,/Users/alokkumardalei/Desktop/MPLED/MPLEDs/data/mp_profiles/images/ls_5144.jpg,cached,https://sansad.in/ls/members,2026-08-29T07:57:18.033216+00:00,mplads/mp_profiles/lok_sabha/5144_ravindra_shukla_alias_ravi_kishan,https://res.cloudinary.com/dfgsefn5v/image/upload/v1788003162/mplads/mp_profiles/lok_sabha/5144_ravindra_shukla_alias_ravi_kishan.jpg,c76881c5a2f33d46f3d3faddf2b09bfb,uploaded,2026-08-29T11:32:43.160770+00:00
Lok Sabha,4720,Jugal Kishore,Bharatiya Janata Party,BJP,Jammu,Jammu and Kashmir,https://sansad.in/getFile/dms/fetch/cddcec48-0c3a-44ce-85cf-b4c59b620bdd?source=dsp2,/Users/alokkumardalei/Desktop/MPLED/MPLEDs/data/mp_profiles/images/ls_4720.jpg,cached,https://sansad.in/ls/members,2026-08-29T07:57:18.033216+00:00,mplads/mp_profiles/lok_sabha/4720_jugal_kishore,https://res.cloudinary.com/dfgsefn5v/image/upload/v1788003163/mplads/mp_profiles/lok_sabha/4720_jugal_kishore.jpg,6632ade2780d7edfdf1a2f2682df894a,uploaded,2026-08-29T11:32:44.033948+00:00
Lok Sabha,5185,Amol Ramsing Kolhe,Nationalist Congress Party - Sharadchandra Pawar,NCPSP,Shirur,Maharashtra,https://sansad.in/getFile/dms/fetch/4fbed70b-5729-4dc1-b19f-5f842f5e5758?source=dsp2,/Users/alokkumardalei/Desktop/MPLED/MPLEDs/data/mp_profiles/images/ls_5185.jpg,cached,https://sansad.in/ls/members,2026-08-29T07:57:18.033216+00:00,mplads/mp_profiles/lok_sabha/5185_amol_ramsing_kolhe,https://res.cloudinary.com/dfgsefn5v/image/upload/v1788003163/mplads/mp_profiles/lok_sabha/5185_amol_ramsing_kolhe.jpg,e989c699b48a8afd2a67fa640784decd,uploaded,2026-08-29T11:32:43.457778+00:00
Lok Sabha,207,Faggan Singh Kulaste,Bharatiya Janata Party,BJP,Mandla,Madhya Pradesh,https://sansad.in/getFile/dms/fetch/9453ad90-7390-4c30-85d4-5feaae820193?source=dsp2,/Users/alokkumardalei/Desktop/MPLED/MPLEDs/data/mp_profiles/images/ls_207.jpg,cached,https://sansad.in/ls/members,2026-08-29T07:57:18.033216+00:00,mplads/mp_profiles/lok_sabha/207_faggan_singh_kulaste,https://res.cloudinary.com/dfgsefn5v/image/upload/v1788003163/mplads/mp_profiles/lok_sabha/207_faggan_singh_kulaste.jpg,f42811a7abf815ba1badb513904d78ad,uploaded,2026-08-29T11:32:43.606003+00:00
Lok Sabha,5612,Anand Kumar,Bharatiya Janata Party,BJP,Bahraich,Uttar Pradesh,https://sansad.in/getFile/dms/fetch/4294c1b4-0c21-4fe8-90b4-ef0f9e68e1ab?source=dsp2,/Users/alokkumardalei/Desktop/MPLED/MPLEDs/data/mp_profiles/images/ls_5612.jpg,cached,https://sansad.in/ls/members,2026-08-29T07:57:18.033216+00:00,mplads/mp_profiles/lok_sabha/5612_anand_kumar,https://res.cloudinary.com/dfgsefn5v/image/upload/v1788003163/mplads/mp_profiles/lok_sabha/5612_anand_kumar.jpg,f8f59c6c2fb3f1ac4a8b67e9d1cfda73,uploaded,2026-08-29T11:32:43.730541+00:00
Lok Sabha,4972,D Ravi Kumar,Viduthalai Chiruthaigal Katchi,VCK,Viluppuram,Tamil Nadu,https://sansad.in/getFile/dms/fetch/417123fe-65d6-4dbb-b52a-d9abf08c5b4b?source=dsp2,/Users/alokkumardalei/Desktop/MPLED/MPLEDs/data/mp_profiles/images/ls_4972.jpg,cached,https://sansad.in/ls/members,2026-08-29T07:57:18.033216+00:00,mplads/mp_profiles/lok_sabha/4972_d_ravi_kumar,https://res.cloudinary.com/dfgsefn5v/image/upload/v1788003163/mplads/mp_profiles/lok_sabha/4972_d_ravi_kumar.jpg,8a06f07da8649100526b6dc2cac9a4dd,uploaded,2026-08-29T11:32:44.093542+00:00
Lok Sabha,515,Virendra Kumar,Bharatiya Janata Party,BJP,Tikamgarh,Madhya Pradesh,https://sansad.in/getFile/dms/fetch/1080f971-0337-41c1-b480-2007faabefa9?source=dsp2,/Users/alokkumardalei/Desktop/MPLED/MPLEDs/data/mp_profiles/images/ls_515.jpg,cached,https://sansad.in/ls/members,2026-08-29T07:57:18.033216+00:00,mplads/mp_profiles/lok_sabha/515_virendra_kumar,https://res.cloudinary.com/dfgsefn5v/image/upload/v1788003163/mplads/mp_profiles/lok_sabha/515_virendra_kumar.jpg,83309dc9a92c2d332667bc592a64b816,uploaded,2026-08-29T11:32:44.160957+00:00
Lok Sabha,5076,Bandi Sanjay Kumar,Bharatiya Janata Party,BJP,Karimnagar,Telangana,https://sansad.in/getFile/dms/fetch/1779b28e-f778-49dd-a507-2ca7f39115ef?source=dsp2,/Users/alokkumardalei/Desktop/MPLED/MPLEDs/data/mp_profiles/images/ls_5076.jpg,cached,https://sansad.in/ls/members,2026-08-29T07:57:18.033216+00:00,mplads/mp_profiles/lok_sabha/5076_bandi_sanjay_kumar,https://res.cloudinary.com/dfgsefn5v/image/upload/v1788003163/mplads/mp_profiles/lok_sabha/5076_bandi_sanjay_kumar.jpg,359bc9ff9022352bffb4278baf1cd7a5,uploaded,2026-08-29T11:32:44.244521+00:00
Lok Sabha,4467,Kaushalendra Kumar,Janata Dal (United),JD(U),Nalanda,Bihar,https://sansad.in/getFile/dms/fetch/108b2122-f851-409c-a3db-4c035dfe35ce?source=dsp2,/Users/alokkumardalei/Desktop/MPLED/MPLEDs/data/mp_profiles/images/ls_4467.jpg,cached,https://sansad.in/ls/members,2026-08-29T07:57:18.033216+00:00,mplads/mp_profiles/lok_sabha/4467_kaushalendra_kumar,https://res.cloudinary.com/dfgsefn5v/image/upload/v1788003164/mplads/mp_profiles/lok_sabha/4467_kaushalendra_kumar.jpg,3f2bdae614f3578d87c821bf6d29da40,uploaded,2026-08-29T11:32:44.538365+00:00
Lok Sabha,5578,Manoj Kumar,Indian National Congress,INC,Sasaram,Bihar,https://sansad.in/getFile/dms/fetch/1c2efa0e-b5eb-400a-9495-0373afe1447c?source=dsp2,/Users/alokkumardalei/Desktop/MPLED/MPLEDs/data/mp_profiles/images/ls_5578.jpg,cached,https://sansad.in/ls/members,2026-08-29T07:57:18.033216+00:00,mplads/mp_profiles/lok_sabha/5578_manoj_kumar,https://res.cloudinary.com/dfgsefn5v/image/upload/v1788003164/mplads/mp_profiles/lok_sabha/5578_manoj_kumar.jpg,f226209761e2f1cd84e84ee9d2a14644,uploaded,2026-08-29T11:32:44.637570+00:00
Lok Sabha,5726,Putta Mahesh Kumar,Telugu Desam Party,TDP,Eluru,Andhra Pradesh,https://sansad.in/getFile/dms/fetch/9ac45a5c-c288-4cae-97f2-5ed96b9bce20?source=dsp2,/Users/alokkumardalei/Desktop/MPLED/MPLEDs/data/mp_profiles/images/ls_5726.jpg,cached,https://sansad.in/ls/members,2026-08-29T07:57:18.033216+00:00,mplads/mp_profiles/lok_sabha/5726_putta_mahesh_kumar,https://res.cloudinary.com/dfgsefn5v/image/upload/v1788003164/mplads/mp_profiles/lok_sabha/5726_putta_mahesh_kumar.jpg,e51aa7b8752195718dda50dd110c858e,uploaded,2026-08-29T11:32:44.701035+00:00
Lok Sabha,5530,Sunil Kumar,Janata Dal (United),JD(U),Valmiki Nagar,Bihar,https://sansad.in/getFile/dms/fetch/b1044fa5-9ee3-448e-8d4e-93e83e84c597?source=dsp2,/Users/alokkumardalei/Desktop/MPLED/MPLEDs/data/mp_profiles/images/ls_5530.jpg,cached,https://sansad.in/ls/members,2026-08-29T07:57:18.033216+00:00,mplads/mp_profiles/lok_sabha/5530_sunil_kumar,https://res.cloudinary.com/dfgsefn5v/image/upload/v1788003164/mplads/mp_profiles/lok_sabha/5530_sunil_kumar.jpg,3c841d39fc0bc25476459466f3d4668c,uploaded,2026-08-29T11:32:44.796776+00:00
Lok Sabha,3711,H D Kumaraswamy,Janata Dal (Secular),JD(S),Mandya,Karnataka,https://sansad.in/getFile/dms/fetch/e790c5a9-01f4-4a83-9dfd-04490743c201?source=dsp2,/Users/alokkumardalei/Desktop/MPLED/MPLEDs/data/mp_profiles/images/ls_3711.jpg,cached,https://sansad.in/ls/members,2026-08-29T07:57:18.033216+00:00,mplads/mp_profiles/lok_sabha/3711_h_d_kumaraswamy,https://res.cloudinary.com/dfgsefn5v/image/upload/v1788003164/mplads/mp_profiles/lok_sabha/3711_h_d_kumaraswamy.jpg,eb5f04ffffd0b38c173b7bfb200e1627,uploaded,2026-08-29T11:32:45.083239+00:00
Lok Sabha,3589,Kumari Selja,Indian National Congress,INC,Sirsa,Haryana,https://sansad.in/getFile/dms/fetch/1018863e-f220-497a-aa56-a44c7cb18311?source=dsp2,/Users/alokkumardalei/Desktop/MPLED/MPLEDs/data/mp_profiles/images/ls_3589.jpg,cached,https://sansad.in/ls/members,2026-08-29T07:57:18.033216+00:00,mplads/mp_profiles/lok_sabha/3589_kumari_selja,https://res.cloudinary.com/dfgsefn5v/image/upload/v1788003164/mplads/mp_profiles/lok_sabha/3589_kumari_selja.jpg,78acb7a91a839362bf7a818739184a3e,uploaded,2026-08-29T11:32:45.431351+00:00
Lok Sabha,5126,Dean Kuriakose,Indian National Congress,INC,Idukki,Kerala,https://sansad.in/getFile/dms/fetch/abf561d8-1a8f-4e46-842f-1db79d004fad?source=dsp2,/Users/alokkumardalei/Desktop/MPLED/MPLEDs/data/mp_profiles/images/ls_5126.jpg,cached,https://sansad.in/ls/members,2026-08-29T07:57:18.033216+00:00,mplads/mp_profiles/lok_sabha/5126_dean_kuriakose,https://res.cloudinary.com/dfgsefn5v/image/upload/v1788003164/mplads/mp_profiles/lok_sabha/5126_dean_kuriakose.jpg,97fc16d67ef8d80ffc8e48d93455c5a6,uploaded,2026-08-29T11:32:45.242036+00:00
Lok Sabha,5609,Bharat Singh Kushwah,Bharatiya Janata Party,BJP,Gwalior,Madhya Pradesh,https://sansad.in/getFile/dms/fetch/cfebc6a0-1ffd-4501-8a5a-5c4632523ff6?source=dsp2,/Users/alokkumardalei/Desktop/MPLED/MPLEDs/data/mp_profiles/images/ls_5609.jpg,cached,https://sansad.in/ls/members,2026-08-29T07:57:18.033216+00:00,mplads/mp_profiles/lok_sabha/5609_bharat_singh_kushwah,https://res.cloudinary.com/dfgsefn5v/image/upload/v1788003165/mplads/mp_profiles/lok_sabha/5609_bharat_singh_kushwah.jpg,c572e1d48f9670b3afe7989aaec80a27,uploaded,2026-08-29T11:32:45.339131+00:00
Lok Sabha,5635,Babu Singh Kushwaha,Samajwadi Party,SP,Jaunpur,Uttar Pradesh,https://sansad.in/getFile/dms/fetch/3d312dd5-c6b6-422a-9d81-0ac7f5a394f0?source=dsp2,/Users/alokkumardalei/Desktop/MPLED/MPLEDs/data/mp_profiles/images/ls_5635.jpg,cached,https://sansad.in/ls/members,2026-08-29T07:57:18.033216+00:00,mplads/mp_profiles/lok_sabha/5635_babu_singh_kushwaha,https://res.cloudinary.com/dfgsefn5v/image/upload/v1788003165/mplads/mp_profiles/lok_sabha/5635_babu_singh_kushwaha.jpg,955c556848140df23855fec5ae5080bf,uploaded,2026-08-29T11:32:45.751987+00:00
Lok Sabha,4741,Chavda Vinod Lakhamshi,Bharatiya Janata Party,BJP,Kachchh,Gujarat,https://sansad.in/getFile/dms/fetch/671d48e7-91b6-4b3c-affc-b011d5cffd7c?source=dsp2,/Users/alokkumardalei/Desktop/MPLED/MPLEDs/data/mp_profiles/images/ls_4741.jpg,cached,https://sansad.in/ls/members,2026-08-29T07:57:18.033216+00:00,mplads/mp_profiles/lok_sabha/4741_chavda_vinod_lakhamshi,https://res.cloudinary.com/dfgsefn5v/image/upload/v1788003165/mplads/mp_profiles/lok_sabha/4741_chavda_vinod_lakhamshi.jpg,43eaa8f36f41e6afc1b0aa855c518a63,uploaded,2026-08-29T11:32:45.935344+00:00
Lok Sabha,5584,G Lakshminarayana,Telugu Desam Party,TDP,Anantapur,Andhra Pradesh,https://sansad.in/getFile/dms/fetch/741fa6b8-157b-4ef2-a639-3a816b19737f?source=dsp2,/Users/alokkumardalei/Desktop/MPLED/MPLEDs/data/mp_profiles/images/ls_5584.jpg,cached,https://sansad.in/ls/members,2026-08-29T07:57:18.033216+00:00,mplads/mp_profiles/lok_sabha/5584_g_lakshminarayana,https://res.cloudinary.com/dfgsefn5v/image/upload/v1788003165/mplads/mp_profiles/lok_sabha/5584_g_lakshminarayana.jpg,24454390ea294369359fb168d7711d06,uploaded,2026-08-29T11:32:45.877127+00:00
Lok Sabha,5546,Kishori Lal,Indian National Congress,INC,Amethi,Uttar Pradesh,https://sansad.in/getFile/dms/fetch/9d43634e-1747-4fb2-9ba2-def73c63aead?source=dsp2,/Users/alokkumardalei/Desktop/MPLED/MPLEDs/data/mp_profiles/images/ls_5546.jpg,cached,https://sansad.in/ls/members,2026-08-29T07:57:18.033216+00:00,mplads/mp_profiles/lok_sabha/5546_kishori_lal,https://res.cloudinary.com/dfgsefn5v/image/upload/v1788003165/mplads/mp_profiles/lok_sabha/5546_kishori_lal.jpg,ff0a3bf288ec1f4db64925c71ed879f9,uploaded,2026-08-29T11:32:46.023302+00:00
Lok Sabha,5792,Manohar Lal,Bharatiya Janata Party,BJP,Karnal,Haryana,https://sansad.in/getFile/dms/fetch/f412a2a9-d6bf-4b8c-b026-2810cb795188?source=dsp2,/Users/alokkumardalei/Desktop/MPLED/MPLEDs/data/mp_profiles/images/ls_5792.jpg,cached,https://sansad.in/ls/members,2026-08-29T07:57:18.033216+00:00,mplads/mp_profiles/lok_sabha/5792_manohar_lal,https://res.cloudinary.com/dfgsefn5v/image/upload/v1788003166/mplads/mp_profiles/lok_sabha/5792_manohar_lal.jpg,57dca1fd548a33a7fa7ccfe2e00b479b,uploaded,2026-08-29T11:32:46.371552+00:00
Lok Sabha,5065,Shankar Lalwani,Bharatiya Janata Party,BJP,Indore,Madhya Pradesh,https://sansad.in/getFile/dms/fetch/2c084977-9cd0-48cf-9682-2a615b00faf9?source=dsp2,/Users/alokkumardalei/Desktop/MPLED/MPLEDs/data/mp_profiles/images/ls_5065.jpg,cached,https://sansad.in/ls/members,2026-08-29T07:57:18.033216+00:00,mplads/mp_profiles/lok_sabha/5065_shankar_lalwani,https://res.cloudinary.com/dfgsefn5v/image/upload/v1788003166/mplads/mp_profiles/lok_sabha/5065_shankar_lalwani.jpg,48267258e239db345e26c98d414e7410,uploaded,2026-08-29T11:32:46.635647+00:00
Lok Sabha,5821,Nilesh Dnyandev Lanke,Nationalist Congress Party - Sharadchandra Pawar,NCPSP,Ahmednagar,Maharashtra,https://sansad.in/getFile/dms/fetch/a5178634-69ff-4131-bdb9-9b5c22559e06?source=dsp2,/Users/alokkumardalei/Desktop/MPLED/MPLEDs/data/mp_profiles/images/ls_5821.jpg,cached,https://sansad.in/ls/members,2026-08-29T07:57:18.033216+00:00,mplads/mp_profiles/lok_sabha/5821_nilesh_dnyandev_lanke,https://res.cloudinary.com/dfgsefn5v/image/upload/v1788003166/mplads/mp_profiles/lok_sabha/5821_nilesh_dnyandev_lanke.jpg,bf8afb518ce51b867aba444c9fa5e083,uploaded,2026-08-29T11:32:46.549207+00:00
Lok Sabha,5784,Ajendra Singh Lodhi,Samajwadi Party,SP,Hamirpur,Uttar Pradesh,https://sansad.in/getFile/dms/fetch/860a8818-da26-484d-9cd5-c4381a0ea12e?source=dsp2,/Users/alokkumardalei/Desktop/MPLED/MPLEDs/data/mp_profiles/images/ls_5784.jpg,cached,https://sansad.in/ls/members,2026-08-29T07:57:18.033216+00:00,mplads/mp_profiles/lok_sabha/5784_ajendra_singh_lodhi,https://res.cloudinary.com/dfgsefn5v/image/upload/v1788003166/mplads/mp_profiles/lok_sabha/5784_ajendra_singh_lodhi.jpg,a121cf01fdd693badb9b2be1c750fc04,uploaded,2026-08-29T11:32:46.696491+00:00
Lok Sabha,5689,Rahul Singh Lodhi,Bharatiya Janata Party,BJP,Damoh,Madhya Pradesh,https://sansad.in/getFile/dms/fetch/e0864abf-84b3-4f0a-b361-27831f995b1c?source=dsp2,/Users/alokkumardalei/Desktop/MPLED/MPLEDs/data/mp_profiles/images/ls_5689.jpg,cached,https://sansad.in/ls/members,2026-08-29T07:57:18.033216+00:00,mplads/mp_profiles/lok_sabha/5689_rahul_singh_lodhi,https://res.cloudinary.com/dfgsefn5v/image/upload/v1788003166/mplads/mp_profiles/lok_sabha/5689_rahul_singh_lodhi.jpg,695c2911b952e8a0344e3f45784389b9,uploaded,2026-08-29T11:32:46.928037+00:00
Lok Sabha,5819,Tharaniventhan M S,Dravida Munnetra Kazhagam,DMK,Arani,Tamil Nadu,https://sansad.in/getFile/dms/fetch/ea106987-03b7-4435-ab79-ceb6052fd216?source=dsp2,/Users/alokkumardalei/Desktop/MPLED/MPLEDs/data/mp_profiles/images/ls_5819.jpg,cached,https://sansad.in/ls/members,2026-08-29T07:57:18.033216+00:00,mplads/mp_profiles/lok_sabha/5819_tharaniventhan_m_s,https://res.cloudinary.com/dfgsefn5v/image/upload/v1788003166/mplads/mp_profiles/lok_sabha/5819_tharaniventhan_m_s.jpg,9edffab657636820f00487ccb7b35f25,uploaded,2026-08-29T11:32:47.242040+00:00
Lok Sabha,4751,Poonamben Hematbhai Maadam,Bharatiya Janata Party,BJP,Jamnagar,Gujarat,https://sansad.in/getFile/dms/fetch/52a1934c-2e73-4cd6-aaed-f862f0fca8f2?source=dsp2,/Users/alokkumardalei/Desktop/MPLED/MPLEDs/data/mp_profiles/images/ls_4751.jpg,cached,https://sansad.in/ls/members,2026-08-29T07:57:18.033216+00:00,mplads/mp_profiles/lok_sabha/4751_poonamben_hematbhai_maadam,https://res.cloudinary.com/dfgsefn5v/image/upload/v1788003166/mplads/mp_profiles/lok_sabha/4751_poonamben_hematbhai_maadam.jpg,e126c0f574137e93296983deb298c44f,uploaded,2026-08-29T11:32:47.238400+00:00
Lok Sabha,5809,Utkarsh Verma Madhur,Samajwadi Party,SP,Kheri,Uttar Pradesh,https://sansad.in/getFile/dms/fetch/c9e7033c-6f5d-4887-89f3-6ab3f991194e?source=dsp2,/Users/alokkumardalei/Desktop/MPLED/MPLEDs/data/mp_profiles/images/ls_5809.jpg,cached,https://sansad.in/ls/members,2026-08-29T07:57:18.033216+00:00,mplads/mp_profiles/lok_sabha/5809_utkarsh_verma_madhur,https://res.cloudinary.com/dfgsefn5v/image/upload/v1788003166/mplads/mp_profiles/lok_sabha/5809_utkarsh_verma_madhur.jpg,8f120163c6eb343251bde71978ac63e0,uploaded,2026-08-29T11:32:47.245500+00:00
Lok Sabha,5011,Jyotsna Charandas Mahant,Indian National Congress,INC,Korba,Chhattisgarh,https://sansad.in/getFile/dms/fetch/60635a9a-8f98-4202-902d-fb16069481f5?source=dsp2,/Users/alokkumardalei/Desktop/MPLED/MPLEDs/data/mp_profiles/images/ls_5011.jpg,cached,https://sansad.in/ls/members,2026-08-29T07:57:18.033216+00:00,mplads/mp_profiles/lok_sabha/5011_jyotsna_charandas_mahant,https://res.cloudinary.com/dfgsefn5v/image/upload/v1788003167/mplads/mp_profiles/lok_sabha/5011_jyotsna_charandas_mahant.jpg,fa82aafe7d7ec1b2a519a0639be3bc4a,uploaded,2026-08-29T11:32:47.535232+00:00
Lok Sabha,5702,Chintamani Maharaj,Bharatiya Janata Party,BJP,Surguja,Chhattisgarh,https://sansad.in/getFile/dms/fetch/36d843f1-4ea2-4fcf-8eed-b37bbd38b02f?source=dsp2,/Users/alokkumardalei/Desktop/MPLED/MPLEDs/data/mp_profiles/images/ls_5702.jpg,cached,https://sansad.in/ls/members,2026-08-29T07:57:18.033216+00:00,mplads/mp_profiles/lok_sabha/5702_chintamani_maharaj,https://res.cloudinary.com/dfgsefn5v/image/upload/v1788003168/mplads/mp_profiles/lok_sabha/5702_chintamani_maharaj.jpg,ec2d166afd9b450bb545b1a32c6da98b,uploaded,2026-08-29T11:32:48.815639+00:00
Lok Sabha,4705,Bidyut Baran Mahato,Bharatiya Janata Party,BJP,Jamshedpur,Jharkhand,https://sansad.in/getFile/dms/fetch/d5141e12-ca12-488c-a11d-6c13e72fd2a5?source=dsp2,/Users/alokkumardalei/Desktop/MPLED/MPLEDs/data/mp_profiles/images/ls_4705.jpg,cached,https://sansad.in/ls/members,2026-08-29T07:57:18.033216+00:00,mplads/mp_profiles/lok_sabha/4705_bidyut_baran_mahato,https://res.cloudinary.com/dfgsefn5v/image/upload/v1788003167/mplads/mp_profiles/lok_sabha/4705_bidyut_baran_mahato.jpg,82c286e98a28ea5aa3eb7ac41aa3c5ee,uploaded,2026-08-29T11:32:47.801537+00:00
Lok Sabha,5664,Dulu Mahato,Bharatiya Janata Party,BJP,Dhanbad,Jharkhand,https://sansad.in/getFile/dms/fetch/cb6aec66-6447-494e-8afc-33268168d9cb?source=dsp2,/Users/alokkumardalei/Desktop/MPLED/MPLEDs/data/mp_profiles/images/ls_5664.jpg,cached,https://sansad.in/ls/members,2026-08-29T07:57:18.033216+00:00,mplads/mp_profiles/lok_sabha/5664_dulu_mahato,https://res.cloudinary.com/dfgsefn5v/image/upload/v1788003168/mplads/mp_profiles/lok_sabha/5664_dulu_mahato.jpg,c9106e791308043a22fb373ff18c590b,uploaded,2026-08-29T11:32:48.775112+00:00
Lok Sabha,5053,Jyotirmay Singh Mahato,Bharatiya Janata Party,BJP,Purulia,West Bengal,https://sansad.in/getFile/dms/fetch/10dc3b2c-492e-4e28-85f0-dd7ccd5caf3c?source=dsp2,/Users/alokkumardalei/Desktop/MPLED/MPLEDs/data/mp_profiles/images/ls_5053.jpg,cached,https://sansad.in/ls/members,2026-08-29T07:57:18.033216+00:00,mplads/mp_profiles/lok_sabha/5053_jyotirmay_singh_mahato,https://res.cloudinary.com/dfgsefn5v/image/upload/v1788003167/mplads/mp_profiles/lok_sabha/5053_jyotirmay_singh_mahato.jpg,83636f1f78087811010d179662fe28e8,uploaded,2026-08-29T11:32:49.003319+00:00
Lok Sabha,225,Bhartruhari Mahtab,Bharatiya Janata Party,BJP,Cuttack,Odisha,https://sansad.in/getFile/dms/fetch/4c179500-da0a-48a1-a238-21583b3941cd?source=dsp2,/Users/alokkumardalei/Desktop/MPLED/MPLEDs/data/mp_profiles/images/ls_225.jpg,cached,https://sansad.in/ls/members,2026-08-29T07:57:18.033216+00:00,mplads/mp_profiles/lok_sabha/225_bhartruhari_mahtab,https://res.cloudinary.com/dfgsefn5v/image/upload/v1788003168/mplads/mp_profiles/lok_sabha/225_bhartruhari_mahtab.jpg,b9321f7b281309f1e7999ad69560ed57,uploaded,2026-08-29T11:32:48.392007+00:00
Lok Sabha,4796,Balabhadra Majhi,Bharatiya Janata Party,BJP,Nabarangpur,Odisha,https://sansad.in/getFile/dms/fetch/e841f062-45a1-4926-80f0-121dba0e20c3?source=dsp2,/Users/alokkumardalei/Desktop/MPLED/MPLEDs/data/mp_profiles/images/ls_4796.jpg,cached,https://sansad.in/ls/members,2026-08-29T07:57:18.033216+00:00,mplads/mp_profiles/lok_sabha/4796_balabhadra_majhi,https://res.cloudinary.com/dfgsefn5v/image/upload/v1788003168/mplads/mp_profiles/lok_sabha/4796_balabhadra_majhi.jpg,85c5314ffd69537dea6ec74f63b591fb,uploaded,2026-08-29T11:32:48.877623+00:00
Lok Sabha,5672,Naba Charan Majhi,Bharatiya Janata Party,BJP,Mayurbhanj,Odisha,https://sansad.in/getFile/dms/fetch/845aed97-13b1-408c-9376-ba42a0225ff8?source=dsp2,/Users/alokkumardalei/Desktop/MPLED/MPLEDs/data/mp_profiles/images/ls_5672.jpg,cached,https://sansad.in/ls/members,2026-08-29T07:57:18.033216+00:00,mplads/mp_profiles/lok_sabha/5672_naba_charan_majhi,https://res.cloudinary.com/dfgsefn5v/image/upload/v1788003169/mplads/mp_profiles/lok_sabha/5672_naba_charan_majhi.jpg,cefadcae1d01bf46db4a27f19ce33c26,uploaded,2026-08-29T11:32:49.302241+00:00
Lok Sabha,5827,Joba Majhi,Jharkhand Mukti Morcha,JMM,Singhbhum,Jharkhand,https://sansad.in/getFile/dms/fetch/d3e078f6-61d0-4e2a-90ae-10d8d82db69f?source=dsp2,/Users/alokkumardalei/Desktop/MPLED/MPLEDs/data/mp_profiles/images/ls_5827.jpg,cached,https://sansad.in/ls/members,2026-08-29T07:57:18.033216+00:00,mplads/mp_profiles/lok_sabha/5827_joba_majhi,https://res.cloudinary.com/dfgsefn5v/image/upload/v1788003169/mplads/mp_profiles/lok_sabha/5827_joba_majhi.jpg,87546925f4f1e22a6fe9559cb98f5c5a,uploaded,2026-08-29T11:32:49.387600+00:00
Lok Sabha,5035,Sukanta Majumdar,Bharatiya Janata Party,BJP,Balurghat,West Bengal,https://sansad.in/getFile/dms/fetch/b49cd9de-16e2-490b-aca6-130e7008c7f5?source=dsp2,/Users/alokkumardalei/Desktop/MPLED/MPLEDs/data/mp_profiles/images/ls_5035.jpg,cached,https://sansad.in/ls/members,2026-08-29T07:57:18.033216+00:00,mplads/mp_profiles/lok_sabha/5035_sukanta_majumdar,https://res.cloudinary.com/dfgsefn5v/image/upload/v1788003169/mplads/mp_profiles/lok_sabha/5035_sukanta_majumdar.jpg,53c4ac53adfe50fe7a48452040c4cc1c,uploaded,2026-08-29T11:32:49.437238+00:00
Lok Sabha,5694,Dineshbhai Makwana,Bharatiya Janata Party,BJP,Ahmedabad West,Gujarat,https://sansad.in/getFile/dms/fetch/71cafcbd-9549-4300-afc0-3620b15b17ad?source=dsp2,/Users/alokkumardalei/Desktop/MPLED/MPLEDs/data/mp_profiles/images/ls_5694.jpg,cached,https://sansad.in/ls/members,2026-08-29T07:57:18.033216+00:00,mplads/mp_profiles/lok_sabha/5694_dineshbhai_makwana,https://res.cloudinary.com/dfgsefn5v/image/upload/v1788003169/mplads/mp_profiles/lok_sabha/5694_dineshbhai_makwana.jpg,5446844650650003153a806f4c8b43a7,uploaded,2026-08-29T11:32:49.547505+00:00
Lok Sabha,5040,Asit Kumar Mal,All India Trinamool Congress,AITC,Bolpur,West Bengal,https://sansad.in/getFile/dms/fetch/9302b59f-fefd-4bea-8ed3-7c046eb3c440?source=dsp2,/Users/alokkumardalei/Desktop/MPLED/MPLEDs/data/mp_profiles/images/ls_5040.jpg,cached,https://sansad.in/ls/members,2026-08-29T07:57:18.033216+00:00,mplads/mp_profiles/lok_sabha/5040_asit_kumar_mal,https://res.cloudinary.com/dfgsefn5v/image/upload/v1788003169/mplads/mp_profiles/lok_sabha/5040_asit_kumar_mal.jpg,e902f6eff86c04f830b364a4e253894a,uploaded,2026-08-29T11:32:49.913200+00:00
Lok Sabha,5563,Harsh Malhotra,Bharatiya Janata Party,BJP,East Delhi,NCT of Delhi,https://sansad.in/getFile/dms/fetch/727fd08d-dc97-4f79-96ac-f675cb4e50f2?source=dsp2,/Users/alokkumardalei/Desktop/MPLED/MPLEDs/data/mp_profiles/images/ls_5563.jpg,cached,https://sansad.in/ls/members,2026-08-29T07:57:18.033216+00:00,mplads/mp_profiles/lok_sabha/5563_harsh_malhotra,https://res.cloudinary.com/dfgsefn5v/image/upload/v1788003169/mplads/mp_profiles/lok_sabha/5563_harsh_malhotra.jpg,50641e8b0cb20a52bce7c77114117ee3,uploaded,2026-08-29T11:32:50.295026+00:00
Lok Sabha,5816,June Maliah,All India Trinamool Congress,AITC,Medinipur,West Bengal,https://sansad.in/getFile/dms/fetch/64f5bde7-efb2-48b1-93bd-35f2691cb7dc?source=dsp2,/Users/alokkumardalei/Desktop/MPLED/MPLEDs/data/mp_profiles/images/ls_5816.jpg,cached,https://sansad.in/ls/members,2026-08-29T07:57:18.033216+00:00,mplads/mp_profiles/lok_sabha/5816_june_maliah,https://res.cloudinary.com/dfgsefn5v/image/upload/v1788003169/mplads/mp_profiles/lok_sabha/5816_june_maliah.jpg,5a9e3af545fc5b3801c4bcea708212fa,uploaded,2026-08-29T11:32:50.029736+00:00
Lok Sabha,5631,Harendra Singh Malik,Samajwadi Party,SP,Muzaffarnagar,Uttar Pradesh,https://sansad.in/getFile/dms/fetch/32ed2793-f02f-4987-825d-5de293bbfcdc?source=dsp2,/Users/alokkumardalei/Desktop/MPLED/MPLEDs/data/mp_profiles/images/ls_5631.jpg,cached,https://sansad.in/ls/members,2026-08-29T07:57:18.033216+00:00,mplads/mp_profiles/lok_sabha/5631_harendra_singh_malik,https://res.cloudinary.com/dfgsefn5v/image/upload/v1788003169/mplads/mp_profiles/lok_sabha/5631_harendra_singh_malik.jpg,3906c063ecbce3d309c8bb036c1fdb3b,uploaded,2026-08-29T11:32:50.379208+00:00
Lok Sabha,4619,Hema Malini,Bharatiya Janata Party,BJP,Mathura,Uttar Pradesh,https://sansad.in/getFile/dms/fetch/ee590942-bf17-4b7e-a8a8-f1224695a2df?source=dsp2,/Users/alokkumardalei/Desktop/MPLED/MPLEDs/data/mp_profiles/images/ls_4619.jpg,cached,https://sansad.in/ls/members,2026-08-29T07:57:18.033216+00:00,mplads/mp_profiles/lok_sabha/4619_hema_malini,https://res.cloudinary.com/dfgsefn5v/image/upload/v1788003170/mplads/mp_profiles/lok_sabha/4619_hema_malini.jpg,dcf8804e2774d7d64e22f222bebd6ddb,uploaded,2026-08-29T11:32:50.615393+00:00
Lok Sabha,5106,Kripanath Mallah,Bharatiya Janata Party,BJP,Karimganj,Assam,https://sansad.in/getFile/dms/fetch/0cf52a50-3547-466f-8373-7e74168b7529?source=dsp2,/Users/alokkumardalei/Desktop/MPLED/MPLEDs/data/mp_profiles/images/ls_5106.jpg,cached,https://sansad.in/ls/members,2026-08-29T07:57:18.033216+00:00,mplads/mp_profiles/lok_sabha/5106_kripanath_mallah,https://res.cloudinary.com/dfgsefn5v/image/upload/v1788003170/mplads/mp_profiles/lok_sabha/5106_kripanath_mallah.jpg,59d45bc00a6925ecdf99fa6567606ead,uploaded,2026-08-29T11:32:50.769821+00:00
Lok Sabha,5753,Prabha Mallikarjun,Indian National Congress,INC,Davanagere,Karnataka,https://sansad.in/getFile/dms/fetch/c61e1e3e-96ea-4f4f-b9bf-44e54b798a6e?source=dsp2,/Users/alokkumardalei/Desktop/MPLED/MPLEDs/data/mp_profiles/images/ls_5753.jpg,cached,https://sansad.in/ls/members,2026-08-29T07:57:18.033216+00:00,mplads/mp_profiles/lok_sabha/5753_prabha_mallikarjun,https://res.cloudinary.com/dfgsefn5v/image/upload/v1788003171/mplads/mp_profiles/lok_sabha/5753_prabha_mallikarjun.jpg,7edd4b8f7152360db6750d600d4fb1fe,uploaded,2026-08-29T11:32:51.743600+00:00
Lok Sabha,5170,Ajay Kumar Mandal,Janata Dal (United),JD(U),Bhagalpur,Bihar,https://sansad.in/getFile/dms/fetch/e6c56ea5-600c-4986-ba16-e203a0ca6274?source=dsp2,/Users/alokkumardalei/Desktop/MPLED/MPLEDs/data/mp_profiles/images/ls_5170.jpg,cached,https://sansad.in/ls/members,2026-08-29T07:57:18.033216+00:00,mplads/mp_profiles/lok_sabha/5170_ajay_kumar_mandal,https://res.cloudinary.com/dfgsefn5v/image/upload/v1788003170/mplads/mp_profiles/lok_sabha/5170_ajay_kumar_mandal.jpg,472d130afe934120841a2b1748ab6f8b,uploaded,2026-08-29T11:32:50.969696+00:00
Lok Sabha,5214,Ramprit Mandal,Janata Dal (United),JD(U),Jhanjharpur,Bihar,https://sansad.in/getFile/dms/fetch/1afec57c-443c-42b0-95f9-fb592b96dc32?source=dsp2,/Users/alokkumardalei/Desktop/MPLED/MPLEDs/data/mp_profiles/images/ls_5214.jpg,cached,https://sansad.in/ls/members,2026-08-29T07:57:18.033216+00:00,mplads/mp_profiles/lok_sabha/5214_ramprit_mandal,https://res.cloudinary.com/dfgsefn5v/image/upload/v1788003170/mplads/mp_profiles/lok_sabha/5214_ramprit_mandal.jpg,c2433f7600807e35ed086e2755695404,uploaded,2026-08-29T11:32:51.223150+00:00
Lok Sabha,5555,Mansukh Mandaviya,Bharatiya Janata Party,BJP,Porbandar,Gujarat,https://sansad.in/getFile/dms/fetch/b1c660e2-c116-4cf3-80b4-e3879ad749f1?source=dsp2,/Users/alokkumardalei/Desktop/MPLED/MPLEDs/data/mp_profiles/images/ls_5555.jpg,cached,https://sansad.in/ls/members,2026-08-29T07:57:18.033216+00:00,mplads/mp_profiles/lok_sabha/5555_mansukh_mandaviya,https://res.cloudinary.com/dfgsefn5v/image/upload/v1788003171/mplads/mp_profiles/lok_sabha/5555_mansukh_mandaviya.jpg,e52c9e7aaaf30bf2c990e88ebb452c2d,uploaded,2026-08-29T11:32:51.400111+00:00
Lok Sabha,5187,Dhairyasheel Sambhajirao Mane,Shiv Sena,SS,Hatkanangle,Maharashtra,https://sansad.in/getFile/dms/fetch/0f9c3e6f-f67c-4379-aec3-16a6099b6ec0?source=dsp2,/Users/alokkumardalei/Desktop/MPLED/MPLEDs/data/mp_profiles/images/ls_5187.jpg,cached,https://sansad.in/ls/members,2026-08-29T07:57:18.033216+00:00,mplads/mp_profiles/lok_sabha/5187_dhairyasheel_sambhajirao_mane,https://res.cloudinary.com/dfgsefn5v/image/upload/v1788003171/mplads/mp_profiles/lok_sabha/5187_dhairyasheel_sambhajirao_mane.jpg,e59d6884d200bc2aff91b367e2e250f3,uploaded,2026-08-29T11:32:51.604184+00:00
Lok Sabha,5688,Shashank Mani,Bharatiya Janata Party,BJP,Deoria,Uttar Pradesh,https://sansad.in/getFile/dms/fetch/f017025c-cd8b-4f90-b247-edf942e1631a?source=dsp2,/Users/alokkumardalei/Desktop/MPLED/MPLEDs/data/mp_profiles/images/ls_5688.jpg,cached,https://sansad.in/ls/members,2026-08-29T07:57:18.033216+00:00,mplads/mp_profiles/lok_sabha/5688_shashank_mani,https://res.cloudinary.com/dfgsefn5v/image/upload/v1788003171/mplads/mp_profiles/lok_sabha/5688_shashank_mani.jpg,9250570a6b0b508d20203ce0183b1360,uploaded,2026-08-29T11:32:51.805100+00:00
Lok Sabha,5558,Jitan Ram Manjhi,Hindustani Awam Morcha (Secular),HAM (S),Gaya,Bihar,https://sansad.in/getFile/dms/fetch/ec63f44e-fe05-4a08-8a9a-863cd1d398cf?source=dsp2,/Users/alokkumardalei/Desktop/MPLED/MPLEDs/data/mp_profiles/images/ls_5558.jpg,cached,https://sansad.in/ls/members,2026-08-29T07:57:18.033216+00:00,mplads/mp_profiles/lok_sabha/5558_jitan_ram_manjhi,https://res.cloudinary.com/dfgsefn5v/image/upload/v1788003171/mplads/mp_profiles/lok_sabha/5558_jitan_ram_manjhi.jpg,4d1010d7a01daa5bb92b1282acf4bba9,uploaded,2026-08-29T11:32:52.491582+00:00
Lok Sabha,5590,C N Manjunath,Bharatiya Janata Party,BJP,Bangalore Rural,Karnataka,https://sansad.in/getFile/dms/fetch/158eaf6b-9f02-4a89-ba65-32a9769daea3?source=dsp2,/Users/alokkumardalei/Desktop/MPLED/MPLEDs/data/mp_profiles/images/ls_5590.jpg,cached,https://sansad.in/ls/members,2026-08-29T07:57:18.033216+00:00,mplads/mp_profiles/lok_sabha/5590_c_n_manjunath,https://res.cloudinary.com/dfgsefn5v/image/upload/v1788003171/mplads/mp_profiles/lok_sabha/5590_c_n_manjunath.jpg,3b50aa42c0ce6d3cfa805291b7913027,uploaded,2026-08-29T11:32:52.682901+00:00
Lok Sabha,4144,Dayanidhi Maran,Dravida Munnetra Kazhagam,DMK,Chennai Central,Tamil Nadu,https://sansad.in/getFile/dms/fetch/6f81359f-e282-4048-bb4e-bae23525dca6?source=dsp2,/Users/alokkumardalei/Desktop/MPLED/MPLEDs/data/mp_profiles/images/ls_4144.jpg,cached,https://sansad.in/ls/members,2026-08-29T07:57:18.033216+00:00,mplads/mp_profiles/lok_sabha/4144_dayanidhi_maran,https://res.cloudinary.com/dfgsefn5v/image/upload/v1788003172/mplads/mp_profiles/lok_sabha/4144_dayanidhi_maran.jpg,12e1a41041a53741263e53112b491b7b,uploaded,2026-08-29T11:32:52.764773+00:00
Lok Sabha,5589,Imran Masood,Indian National Congress,INC,Saharanpur,Uttar Pradesh,https://sansad.in/getFile/dms/fetch/66e5ffef-a5ef-458a-b483-fc85f4cf1ff2?source=dsp2,/Users/alokkumardalei/Desktop/MPLED/MPLEDs/data/mp_profiles/images/ls_5589.jpg,cached,https://sansad.in/ls/members,2026-08-29T07:57:18.033216+00:00,mplads/mp_profiles/lok_sabha/5589_imran_masood,https://res.cloudinary.com/dfgsefn5v/image/upload/v1788003172/mplads/mp_profiles/lok_sabha/5589_imran_masood.jpg,174981a38b0c7d5e61be5caed79bac0b,uploaded,2026-08-29T11:32:52.384737+00:00
Lok Sabha,5623,Sribharat Mathukumilli,Telugu Desam Party,TDP,Visakhapatnam,Andhra Pradesh,https://sansad.in/getFile/dms/fetch/fc010e65-b19a-4c51-923d-cd9cdfc33d39?source=dsp2,/Users/alokkumardalei/Desktop/MPLED/MPLEDs/data/mp_profiles/images/ls_5623.jpg,cached,https://sansad.in/ls/members,2026-08-29T07:57:18.033216+00:00,mplads/mp_profiles/lok_sabha/5623_sribharat_mathukumilli,https://res.cloudinary.com/dfgsefn5v/image/upload/v1788003172/mplads/mp_profiles/lok_sabha/5623_sribharat_mathukumilli.jpg,c969bf567d8a9093a12d66d47c3065f4,uploaded,2026-08-29T11:32:52.976459+00:00
Lok Sabha,5637,Neeraj Maurya,Samajwadi Party,SP,Aonla,Uttar Pradesh,https://sansad.in/getFile/dms/fetch/a92e84ff-f27b-484f-8a28-1415f52ff5f8?source=dsp2,/Users/alokkumardalei/Desktop/MPLED/MPLEDs/data/mp_profiles/images/ls_5637.jpg,cached,https://sansad.in/ls/members,2026-08-29T07:57:18.033216+00:00,mplads/mp_profiles/lok_sabha/5637_neeraj_maurya,https://res.cloudinary.com/dfgsefn5v/image/upload/v1788003172/mplads/mp_profiles/lok_sabha/5637_neeraj_maurya.jpg,b355e9739a1ac992438174f165cfe7d1,uploaded,2026-08-29T11:32:53.039018+00:00
Lok Sabha,5603,Bijuli Kalita Medhi,Bharatiya Janata Party,BJP,Guwahati,Assam,https://sansad.in/getFile/dms/fetch/dcb0d194-fab3-47ab-bdb6-48cf9c0ccee0?source=dsp2,/Users/alokkumardalei/Desktop/MPLED/MPLEDs/data/mp_profiles/images/ls_5603.jpg,cached,https://sansad.in/ls/members,2026-08-29T07:57:18.033216+00:00,mplads/mp_profiles/lok_sabha/5603_bijuli_kalita_medhi,https://res.cloudinary.com/dfgsefn5v/image/upload/v1788003172/mplads/mp_profiles/lok_sabha/5603_bijuli_kalita_medhi.jpg,498f710369f4bf1bff85d58cda90e623,uploaded,2026-08-29T11:32:53.257662+00:00
Lok Sabha,4640,Harish Chandra Meena,Indian National Congress,INC,Tonk-Sawai Madhopur,Rajasthan,https://sansad.in/getFile/dms/fetch/49dcb033-1930-494e-ac90-e317a8bb10b7?source=dsp2,/Users/alokkumardalei/Desktop/MPLED/MPLEDs/data/mp_profiles/images/ls_4640.jpg,cached,https://sansad.in/ls/members,2026-08-29T07:57:18.033216+00:00,mplads/mp_profiles/lok_sabha/4640_harish_chandra_meena,https://res.cloudinary.com/dfgsefn5v/image/upload/v1788003173/mplads/mp_profiles/lok_sabha/4640_harish_chandra_meena.jpg,bc67665047b5703c3165235c91798fe3,uploaded,2026-08-29T11:32:53.573518+00:00
Lok Sabha,5717,Murari Lal Meena,Indian National Congress,INC,Dausa,Rajasthan,https://sansad.in/getFile/dms/fetch/f3112401-ffda-4f2c-8efd-a83d79ae7f8e?source=dsp2,/Users/alokkumardalei/Desktop/MPLED/MPLEDs/data/mp_profiles/images/ls_5717.jpg,cached,https://sansad.in/ls/members,2026-08-29T07:57:18.033216+00:00,mplads/mp_profiles/lok_sabha/5717_murari_lal_meena,https://res.cloudinary.com/dfgsefn5v/image/upload/v1788003173/mplads/mp_profiles/lok_sabha/5717_murari_lal_meena.jpg,2d0b18ac0e5e91e6bd1fec8e28b1dfe9,uploaded,2026-08-29T11:32:53.592571+00:00
Lok Sabha,4399,Arjun Ram Meghwal,Bharatiya Janata Party,BJP,Bikaner,Rajasthan,https://sansad.in/getFile/dms/fetch/fca2b31a-9efa-4352-81b6-493dc850b04d?source=dsp2,/Users/alokkumardalei/Desktop/MPLED/MPLEDs/data/mp_profiles/images/ls_4399.jpg,cached,https://sansad.in/ls/members,2026-08-29T07:57:18.033216+00:00,mplads/mp_profiles/lok_sabha/4399_arjun_ram_meghwal,https://res.cloudinary.com/dfgsefn5v/image/upload/v1788003173/mplads/mp_profiles/lok_sabha/4399_arjun_ram_meghwal.jpg,8077fb55a1b8fa7a8a2869ee241f9293,uploaded,2026-08-29T11:32:53.671510+00:00
Lok Sabha,5761,Aga Syed Ruhullah Mehdi,Jammu and Kashmir National Conference,J&KNC,Srinagar,Jammu and Kashmir,https://sansad.in/getFile/dms/fetch/1fbd6803-e967-4c4e-bd9f-b82df83e9281?source=dsp2,/Users/alokkumardalei/Desktop/MPLED/MPLEDs/data/mp_profiles/images/ls_5761.jpg,cached,https://sansad.in/ls/members,2026-08-29T07:57:18.033216+00:00,mplads/mp_profiles/lok_sabha/5761_aga_syed_ruhullah_mehdi,https://res.cloudinary.com/dfgsefn5v/image/upload/v1788003173/mplads/mp_profiles/lok_sabha/5761_aga_syed_ruhullah_mehdi.jpg,fd0fca303427aa3cd914394eed6e8cc0,uploaded,2026-08-29T11:32:53.806342+00:00
Lok Sabha,5683,Mahima Kumari Mewar,Bharatiya Janata Party,BJP,Rajsamand,Rajasthan,https://sansad.in/getFile/dms/fetch/1e087725-255f-4d95-9584-b5a6e5b8d4d7?source=dsp2,/Users/alokkumardalei/Desktop/MPLED/MPLEDs/data/mp_profiles/images/ls_5683.jpg,cached,https://sansad.in/ls/members,2026-08-29T07:57:18.033216+00:00,mplads/mp_profiles/lok_sabha/5683_mahima_kumari_mewar,https://res.cloudinary.com/dfgsefn5v/image/upload/v1788003174/mplads/mp_profiles/lok_sabha/5683_mahima_kumari_mewar.jpg,2b7adbd43ae1e6aabbad9ea2db589fd8,uploaded,2026-08-29T11:32:54.405556+00:00
Lok Sabha,5693,Naresh Ganpat Mhaske,Shiv Sena,SS,Thane,Maharashtra,https://sansad.in/getFile/dms/fetch/f34f44d1-973b-40e6-9cdf-7bda10e00ec3?source=dsp2,/Users/alokkumardalei/Desktop/MPLED/MPLEDs/data/mp_profiles/images/ls_5693.jpg,cached,https://sansad.in/ls/members,2026-08-29T07:57:18.033216+00:00,mplads/mp_profiles/lok_sabha/5693_naresh_ganpat_mhaske,https://res.cloudinary.com/dfgsefn5v/image/upload/v1788003173/mplads/mp_profiles/lok_sabha/5693_naresh_ganpat_mhaske.jpg,77a87d4587616052c98cd172488af5c1,uploaded,2026-08-29T11:32:54.643417+00:00
Lok Sabha,5644,Balya Mama Suresh Gopinath Mhatre,Nationalist Congress Party - Sharadchandra Pawar,NCPSP,Bhiwandi,Maharashtra,https://sansad.in/getFile/dms/fetch/11f005e8-cfd4-4ef3-8608-2b91b59cf46e?source=dsp2,/Users/alokkumardalei/Desktop/MPLED/MPLEDs/data/mp_profiles/images/ls_5644.jpg,cached,https://sansad.in/ls/members,2026-08-29T07:57:18.033216+00:00,mplads/mp_profiles/lok_sabha/5644_balya_mama_suresh_gopinath_mhatre,https://res.cloudinary.com/dfgsefn5v/image/upload/v1788003173/mplads/mp_profiles/lok_sabha/5644_balya_mama_suresh_gopinath_mhatre.jpg,84ef0edff3f25c4bf30c0abf5544bd66,uploaded,2026-08-29T11:32:54.181519+00:00
Lok Sabha,5579,Rajesh Mishra,Bharatiya Janata Party,BJP,Sidhi,Madhya Pradesh,https://sansad.in/getFile/dms/fetch/d0d57f31-0941-48e8-a9df-553b4049a6df?source=dsp2,/Users/alokkumardalei/Desktop/MPLED/MPLEDs/data/mp_profiles/images/ls_5579.jpg,cached,https://sansad.in/ls/members,2026-08-29T07:57:18.033216+00:00,mplads/mp_profiles/lok_sabha/5579_rajesh_mishra,https://res.cloudinary.com/dfgsefn5v/image/upload/v1788003174/mplads/mp_profiles/lok_sabha/5579_rajesh_mishra.jpg,c58e6a2f6ed3bcf12e2cc17bec32ae21,uploaded,2026-08-29T11:32:54.408994+00:00
Lok Sabha,4728,Janardan Mishra,Bharatiya Janata Party,BJP,Rewa,Madhya Pradesh,https://sansad.in/getFile/dms/fetch/8aedf861-f5b2-4242-ad81-2eb2ff3e9538?source=dsp2,/Users/alokkumardalei/Desktop/MPLED/MPLEDs/data/mp_profiles/images/ls_4728.jpg,cached,https://sansad.in/ls/members,2026-08-29T07:57:18.033216+00:00,mplads/mp_profiles/lok_sabha/4728_janardan_mishra,https://res.cloudinary.com/dfgsefn5v/image/upload/v1788003174/mplads/mp_profiles/lok_sabha/4728_janardan_mishra.jpg,be10eaaf0ce3b09847ca08f62970d4a1,uploaded,2026-08-29T11:32:54.729629+00:00
Lok Sabha,5777,Bag Mitali,All India Trinamool Congress,AITC,Arambag,West Bengal,https://sansad.in/getFile/dms/fetch/cb7ada09-61c3-496d-a1f7-2ac82a516062?source=dsp2,/Users/alokkumardalei/Desktop/MPLED/MPLEDs/data/mp_profiles/images/ls_5777.jpg,cached,https://sansad.in/ls/members,2026-08-29T07:57:18.033216+00:00,mplads/mp_profiles/lok_sabha/5777_bag_mitali,https://res.cloudinary.com/dfgsefn5v/image/upload/v1788003174/mplads/mp_profiles/lok_sabha/5777_bag_mitali.jpg,ea783828c204d7788bfbfb20098c3353,uploaded,2026-08-29T11:32:55.204495+00:00
Lok Sabha,4589,Narendra Modi,Bharatiya Janata Party,BJP,Varanasi,Uttar Pradesh,https://sansad.in/getFile/dms/fetch/8d4c1da4-35a1-493f-9b58-b1d1a6699a66?source=dsp2,/Users/alokkumardalei/Desktop/MPLED/MPLEDs/data/mp_profiles/images/ls_4589.jpg,cached,https://sansad.in/ls/members,2026-08-29T07:57:18.033216+00:00,mplads/mp_profiles/lok_sabha/4589_narendra_modi,https://res.cloudinary.com/dfgsefn5v/image/upload/v1788003175/mplads/mp_profiles/lok_sabha/4589_narendra_modi.jpg,ed2680d7719858725fd9a9257ed8555f,uploaded,2026-08-29T11:32:55.839357+00:00
Lok Sabha,4321,P C Mohan,Bharatiya Janata Party,BJP,Bangalore Central,Karnataka,https://sansad.in/getFile/dms/fetch/5c5218bd-f9ef-4471-bb35-1fea36b58403?source=dsp2,/Users/alokkumardalei/Desktop/MPLED/MPLEDs/data/mp_profiles/images/ls_4321.jpg,cached,https://sansad.in/ls/members,2026-08-29T07:57:18.033216+00:00,mplads/mp_profiles/lok_sabha/4321_p_c_mohan,https://res.cloudinary.com/dfgsefn5v/image/upload/v1788003174/mplads/mp_profiles/lok_sabha/4321_p_c_mohan.jpg,52e197044ca25c5d0e72652b1626a820,uploaded,2026-08-29T11:32:55.202130+00:00
Lok Sabha,5536,Delkar Kalaben Mohanbhai,Bharatiya Janata Party,BJP,Dadra and Nagar Haveli,Dadra and Nagar Haveli and Daman and Diu,https://sansad.in/getFile/dms/fetch/0b69b9de-eba3-43ca-a1eb-b788543480b1?source=dsp2,/Users/alokkumardalei/Desktop/MPLED/MPLEDs/data/mp_profiles/images/ls_5536.jpg,cached,https://sansad.in/ls/members,2026-08-29T07:57:18.033216+00:00,mplads/mp_profiles/lok_sabha/5536_delkar_kalaben_mohanbhai,https://res.cloudinary.com/dfgsefn5v/image/upload/v1788003174/mplads/mp_profiles/lok_sabha/5536_delkar_kalaben_mohanbhai.jpg,faed005c178199bdba5155a410841519,uploaded,2026-08-29T11:32:55.272919+00:00
Lok Sabha,5705,Murlidhar Mohol,Bharatiya Janata Party,BJP,Pune,Maharashtra,https://sansad.in/getFile/dms/fetch/084396e2-782d-4242-9afa-328a349b8c28?source=dsp2,/Users/alokkumardalei/Desktop/MPLED/MPLEDs/data/mp_profiles/images/ls_5705.jpg,cached,https://sansad.in/ls/members,2026-08-29T07:57:18.033216+00:00,mplads/mp_profiles/lok_sabha/5705_murlidhar_mohol,https://res.cloudinary.com/dfgsefn5v/image/upload/v1788003175/mplads/mp_profiles/lok_sabha/5705_murlidhar_mohol.jpg,612040c88f927e9b636e127c22e237e2,uploaded,2026-08-29T11:32:55.736962+00:00
Lok Sabha,5049,Mahua Moitra,All India Trinamool Congress,AITC,Krishnanagar,West Bengal,https://sansad.in/getFile/dms/fetch/fbf51896-be13-42ed-9bcd-3e3792b0df73?source=dsp2,/Users/alokkumardalei/Desktop/MPLED/MPLEDs/data/mp_profiles/images/ls_5049.jpg,cached,https://sansad.in/ls/members,2026-08-29T07:57:18.033216+00:00,mplads/mp_profiles/lok_sabha/5049_mahua_moitra,https://res.cloudinary.com/dfgsefn5v/image/upload/v1788003176/mplads/mp_profiles/lok_sabha/5049_mahua_moitra.jpg,e6e35ab9ec4bf8e1ff700f7c906df1ef,uploaded,2026-08-29T11:32:56.671676+00:00
Lok Sabha,4871,Pratima Mondal,All India Trinamool Congress,AITC,Jaynagar,West Bengal,https://sansad.in/getFile/dms/fetch/af5fa68a-32cc-45ae-9593-a83ad2e5f7ec?source=dsp2,/Users/alokkumardalei/Desktop/MPLED/MPLEDs/data/mp_profiles/images/ls_4871.jpg,cached,https://sansad.in/ls/members,2026-08-29T07:57:18.033216+00:00,mplads/mp_profiles/lok_sabha/4871_pratima_mondal,https://res.cloudinary.com/dfgsefn5v/image/upload/v1788003175/mplads/mp_profiles/lok_sabha/4871_pratima_mondal.jpg,1986ae955d4465b33b6645618d030060,uploaded,2026-08-29T11:32:55.818288+00:00
Lok Sabha,5810,Kali Charan Munda,Indian National Congress,INC,Khunti,Jharkhand,https://sansad.in/getFile/dms/fetch/3d8a3720-f49c-4910-81ef-328ec7f62bf6?source=dsp2,/Users/alokkumardalei/Desktop/MPLED/MPLEDs/data/mp_profiles/images/ls_5810.jpg,cached,https://sansad.in/ls/members,2026-08-29T07:57:18.033216+00:00,mplads/mp_profiles/lok_sabha/5810_kali_charan_munda,https://res.cloudinary.com/dfgsefn5v/image/upload/v1788003176/mplads/mp_profiles/lok_sabha/5810_kali_charan_munda.jpg,6086fe49cbd4efffec1c99e23d703749,uploaded,2026-08-29T11:32:57.384795+00:00
Lok Sabha,5050,Khagen Murmu,Bharatiya Janata Party,BJP,Maldaha Uttar,West Bengal,https://sansad.in/getFile/dms/fetch/2b2a2701-ce11-4e42-9d23-b7813abd3cb5?source=dsp2,/Users/alokkumardalei/Desktop/MPLED/MPLEDs/data/mp_profiles/images/ls_5050.jpg,cached,https://sansad.in/ls/members,2026-08-29T07:57:18.033216+00:00,mplads/mp_profiles/lok_sabha/5050_khagen_murmu,https://res.cloudinary.com/dfgsefn5v/image/upload/v1788003176/mplads/mp_profiles/lok_sabha/5050_khagen_murmu.jpg,982966e05264671f7efe2e2b39daae6a,uploaded,2026-08-29T11:32:56.515855+00:00
Lok Sabha,5732,Bhojraj Nag,Bharatiya Janata Party,BJP,Kanker,Chhattisgarh,https://sansad.in/getFile/dms/fetch/ede5e7e9-c379-4739-b9a4-7f9c1b4b91d7?source=dsp2,/Users/alokkumardalei/Desktop/MPLED/MPLEDs/data/mp_profiles/images/ls_5732.jpg,cached,https://sansad.in/ls/members,2026-08-29T07:57:18.033216+00:00,mplads/mp_profiles/lok_sabha/5732_bhojraj_nag,https://res.cloudinary.com/dfgsefn5v/image/upload/v1788003176/mplads/mp_profiles/lok_sabha/5732_bhojraj_nag.jpg,97d34b8d71992b2f6df300e3b87ad5b6,uploaded,2026-08-29T11:32:56.459979+00:00
Lok Sabha,4702,Rodmal Nagar,Bharatiya Janata Party,BJP,Rajgarh,Madhya Pradesh,https://sansad.in/getFile/dms/fetch/5f5e777f-d675-4038-b1e6-83f8b4bbe63b?source=dsp2,/Users/alokkumardalei/Desktop/MPLED/MPLEDs/data/mp_profiles/images/ls_4702.jpg,cached,https://sansad.in/ls/members,2026-08-29T07:57:18.033216+00:00,mplads/mp_profiles/lok_sabha/4702_rodmal_nagar,https://res.cloudinary.com/dfgsefn5v/image/upload/v1788003176/mplads/mp_profiles/lok_sabha/4702_rodmal_nagar.jpg,d6c3328f7b572e1c5ffd540bf9d18d64,uploaded,2026-08-29T11:32:57.053364+00:00
Lok Sabha,5601,Bastipati Nagaraju,Telugu Desam Party,TDP,Kurnool,Andhra Pradesh,https://sansad.in/getFile/dms/fetch/6b4c04dc-5abe-4b9f-a109-6b43e30a6484?source=dsp2,/Users/alokkumardalei/Desktop/MPLED/MPLEDs/data/mp_profiles/images/ls_5601.jpg,cached,https://sansad.in/ls/members,2026-08-29T07:57:18.033216+00:00,mplads/mp_profiles/lok_sabha/5601_bastipati_nagaraju,https://res.cloudinary.com/dfgsefn5v/image/upload/v1788003176/mplads/mp_profiles/lok_sabha/5601_bastipati_nagaraju.jpg,127394700fa3a7fa3ae1a255ffe8eaed,uploaded,2026-08-29T11:32:57.125281+00:00
Lok Sabha,4804,Godam Nagesh,Bharatiya Janata Party,BJP,Adilabad,Telangana,https://sansad.in/getFile/dms/fetch/9d7019f6-e9d9-4090-80ca-9ed1e40c7b9f?source=dsp2,/Users/alokkumardalei/Desktop/MPLED/MPLEDs/data/mp_profiles/images/ls_4804.jpg,cached,https://sansad.in/ls/members,2026-08-29T07:57:18.033216+00:00,mplads/mp_profiles/lok_sabha/4804_godam_nagesh,https://res.cloudinary.com/dfgsefn5v/image/upload/v1788003176/mplads/mp_profiles/lok_sabha/4804_godam_nagesh.jpg,61b7445cd2c2bd7c8a15d9f22cfda5bf,uploaded,2026-08-29T11:32:57.282637+00:00
Lok Sabha,4771,Kinjarapu Rammohan Naidu,Telugu Desam Party,TDP,Srikakulam,Andhra Pradesh,https://sansad.in/getFile/dms/fetch/b83fca52-58c9-4257-bcc1-fd8700510367?source=dsp2,/Users/alokkumardalei/Desktop/MPLED/MPLEDs/data/mp_profiles/images/ls_4771.jpg,cached,https://sansad.in/ls/members,2026-08-29T07:57:18.033216+00:00,mplads/mp_profiles/lok_sabha/4771_kinjarapu_rammohan_naidu,https://res.cloudinary.com/dfgsefn5v/image/upload/v1788003177/mplads/mp_profiles/lok_sabha/4771_kinjarapu_rammohan_naidu.jpg,27d1cbb7e99c27d684ab49ebf8bf41a0,uploaded,2026-08-29T11:32:57.726297+00:00
Lok Sabha,5737,G Kumar Naik,Indian National Congress,INC,Raichur,Karnataka,https://sansad.in/getFile/dms/fetch/023c75f7-c155-4844-b7c1-b425aa21007c?source=dsp2,/Users/alokkumardalei/Desktop/MPLED/MPLEDs/data/mp_profiles/images/ls_5737.jpg,cached,https://sansad.in/ls/members,2026-08-29T07:57:18.033216+00:00,mplads/mp_profiles/lok_sabha/5737_g_kumar_naik,https://res.cloudinary.com/dfgsefn5v/image/upload/v1788003177/mplads/mp_profiles/lok_sabha/5737_g_kumar_naik.jpg,1161d3a88fbf7b45b11d088101fc2912,uploaded,2026-08-29T11:32:57.634763+00:00
Lok Sabha,273,Shripad Yesso Naik,Bharatiya Janata Party,BJP,North Goa,Goa,https://sansad.in/getFile/dms/fetch/e5b510ec-f1f3-4d7e-82e4-14abff7536e5?source=dsp2,/Users/alokkumardalei/Desktop/MPLED/MPLEDs/data/mp_profiles/images/ls_273.jpg,cached,https://sansad.in/ls/members,2026-08-29T07:57:18.033216+00:00,mplads/mp_profiles/lok_sabha/273_shripad_yesso_naik,https://res.cloudinary.com/dfgsefn5v/image/upload/v1788003177/mplads/mp_profiles/lok_sabha/273_shripad_yesso_naik.jpg,831f1dd11ad2ebcf7bfc495508221532,uploaded,2026-08-29T11:32:57.849239+00:00
Lok Sabha,5727,Kirsan Namdeo,Indian National Congress,INC,Gadchiroli-Chimur,Maharashtra,https://sansad.in/getFile/dms/fetch/3b12abbe-46d3-419f-9b76-d6af031b36e0?source=dsp2,/Users/alokkumardalei/Desktop/MPLED/MPLEDs/data/mp_profiles/images/ls_5727.jpg,cached,https://sansad.in/ls/members,2026-08-29T07:57:18.033216+00:00,mplads/mp_profiles/lok_sabha/5727_kirsan_namdeo,https://res.cloudinary.com/dfgsefn5v/image/upload/v1788003177/mplads/mp_profiles/lok_sabha/5727_kirsan_namdeo.jpg,ead6ccd590eca52af2d1b0f86850bb04,uploaded,2026-08-29T11:32:58.022605+00:00
Lok Sabha,275,Ananta Nayak,Bharatiya Janata Party,BJP,Keonjhar,Odisha,https://sansad.in/getFile/dms/fetch/7f067da3-5c69-4397-b612-2822e952d439?source=dsp2,/Users/alokkumardalei/Desktop/MPLED/MPLEDs/data/mp_profiles/images/ls_275.jpg,cached,https://sansad.in/ls/members,2026-08-29T07:57:18.033216+00:00,mplads/mp_profiles/lok_sabha/275_ananta_nayak,https://res.cloudinary.com/dfgsefn5v/image/upload/v1788003177/mplads/mp_profiles/lok_sabha/275_ananta_nayak.jpg,4b96b98131e28f292a6b5de65aac4f89,uploaded,2026-08-29T11:32:58.466705+00:00
Lok Sabha,5797,Arun Nehru,Dravida Munnetra Kazhagam,DMK,Perambalur,Tamil Nadu,https://sansad.in/getFile/dms/fetch/9122e76f-4110-4f54-8c2b-f5729379f434?source=dsp2,/Users/alokkumardalei/Desktop/MPLED/MPLEDs/data/mp_profiles/images/ls_5797.jpg,cached,https://sansad.in/ls/members,2026-08-29T07:57:18.033216+00:00,mplads/mp_profiles/lok_sabha/5797_arun_nehru,https://res.cloudinary.com/dfgsefn5v/image/upload/v1788003177/mplads/mp_profiles/lok_sabha/5797_arun_nehru.jpg,05bc32ee9b3f93a6ad5fd482624b72d1,uploaded,2026-08-29T11:32:58.509640+00:00
Lok Sabha,5813,Laxmikant Pappu Nishad,Samajwadi Party,SP,Sant Kabir Nagar,Uttar Pradesh,https://sansad.in/getFile/dms/fetch/f87a973a-2dbd-416a-b00b-e9f2533f099a?source=dsp2,/Users/alokkumardalei/Desktop/MPLED/MPLEDs/data/mp_profiles/images/ls_5813.jpg,cached,https://sansad.in/ls/members,2026-08-29T07:57:18.033216+00:00,mplads/mp_profiles/lok_sabha/5813_laxmikant_pappu_nishad,https://res.cloudinary.com/dfgsefn5v/image/upload/v1788003178/mplads/mp_profiles/lok_sabha/5813_laxmikant_pappu_nishad.jpg,037a8daf39d81b4eb3c8ead9e910818f,uploaded,2026-08-29T11:32:58.382195+00:00
Lok Sabha,5786,Rambhual Nishad,Samajwadi Party,SP,Sultanpur,Uttar Pradesh,https://sansad.in/getFile/dms/fetch/2d26e1cf-abe2-420e-8589-86566a07b899?source=dsp2,/Users/alokkumardalei/Desktop/MPLED/MPLEDs/data/mp_profiles/images/ls_5786.jpg,cached,https://sansad.in/ls/members,2026-08-29T07:57:18.033216+00:00,mplads/mp_profiles/lok_sabha/5786_rambhual_nishad,https://res.cloudinary.com/dfgsefn5v/image/upload/v1788003178/mplads/mp_profiles/lok_sabha/5786_rambhual_nishad.jpg,4b37767a7f1eab8544e33ea89acfe6ec,uploaded,2026-08-29T11:32:58.654948+00:00
Lok Sabha,5720,Brijendra Singh Ola,Indian National Congress,INC,Jhunjhunu,Rajasthan,https://sansad.in/getFile/dms/fetch/a5e67711-7c5d-4b11-b591-5451d9e20ae9?source=dsp2,/Users/alokkumardalei/Desktop/MPLED/MPLEDs/data/mp_profiles/images/ls_5720.jpg,cached,https://sansad.in/ls/members,2026-08-29T07:57:18.033216+00:00,mplads/mp_profiles/lok_sabha/5720_brijendra_singh_ola,https://res.cloudinary.com/dfgsefn5v/image/upload/v1788003178/mplads/mp_profiles/lok_sabha/5720_brijendra_singh_ola.jpg,1a540c214032d433ce43d89457795696,uploaded,2026-08-29T11:32:58.944930+00:00
Lok Sabha,279,Jual Oram,Bharatiya Janata Party,BJP,Sundargarh,Odisha,https://sansad.in/getFile/dms/fetch/36d28f52-833c-4e96-80de-63f771ea58ab?source=dsp2,/Users/alokkumardalei/Desktop/MPLED/MPLEDs/data/mp_profiles/images/ls_279.jpg,cached,https://sansad.in/ls/members,2026-08-29T07:57:18.033216+00:00,mplads/mp_profiles/lok_sabha/279_jual_oram,https://res.cloudinary.com/dfgsefn5v/image/upload/v1788003178/mplads/mp_profiles/lok_sabha/279_jual_oram.jpg,3a9e897bde5e3893e2dbc9f35f09d48c,uploaded,2026-08-29T11:32:59.273789+00:00
Lok Sabha,4091,Asaduddin Owaisi,All India Majlis-E-Ittehadul Muslimeen,AIMIM,Hyderabad,Telangana,https://sansad.in/getFile/dms/fetch/f8229ce2-ef98-470b-a580-8248de87620a?source=dsp2,/Users/alokkumardalei/Desktop/MPLED/MPLEDs/data/mp_profiles/images/ls_4091.jpg,cached,https://sansad.in/ls/members,2026-08-29T07:57:18.033216+00:00,mplads/mp_profiles/lok_sabha/4091_asaduddin_owaisi,https://res.cloudinary.com/dfgsefn5v/image/upload/v1788003178/mplads/mp_profiles/lok_sabha/4091_asaduddin_owaisi.jpg,a87185192918287f2728f9a238abfdc4,uploaded,2026-08-29T11:32:59.092345+00:00
Lok Sabha,5807,Ganapathy Rajkumar P,Dravida Munnetra Kazhagam,DMK,Coimbatore,Tamil Nadu,https://sansad.in/getFile/dms/fetch/6e495a5f-8165-4a3a-9138-ce4a1ec3981e?source=dsp2,/Users/alokkumardalei/Desktop/MPLED/MPLEDs/data/mp_profiles/images/ls_5807.jpg,cached,https://sansad.in/ls/members,2026-08-29T07:57:18.033216+00:00,mplads/mp_profiles/lok_sabha/5807_ganapathy_rajkumar_p,https://res.cloudinary.com/dfgsefn5v/image/upload/v1788003178/mplads/mp_profiles/lok_sabha/5807_ganapathy_rajkumar_p.jpg,c93859b8dbd5d116c77de885a83fe2dc,uploaded,2026-08-29T11:32:59.323056+00:00
Lok Sabha,5760,Gowaal Kagada Padavi,Indian National Congress,INC,Nandurbar,Maharashtra,https://sansad.in/getFile/dms/fetch/aecf15b9-270b-4878-ad09-d9261993a1db?source=dsp2,/Users/alokkumardalei/Desktop/MPLED/MPLEDs/data/mp_profiles/images/ls_5760.jpg,cached,https://sansad.in/ls/members,2026-08-29T07:57:18.033216+00:00,mplads/mp_profiles/lok_sabha/5760_gowaal_kagada_padavi,https://res.cloudinary.com/dfgsefn5v/image/upload/v1788003179/mplads/mp_profiles/lok_sabha/5760_gowaal_kagada_padavi.jpg,02134e2c91bbfd11f9c03bdc888ea613,uploaded,2026-08-29T11:32:59.454436+00:00
Lok Sabha,5729,Prashant Yadaorao Padole,Indian National Congress,INC,Bhandara-Gondiya,Maharashtra,https://sansad.in/getFile/dms/fetch/8a5fad24-8acb-4e43-8ed1-2dfcdc223c7f?source=dsp2,/Users/alokkumardalei/Desktop/MPLED/MPLEDs/data/mp_profiles/images/ls_5729.jpg,cached,https://sansad.in/ls/members,2026-08-29T07:57:18.033216+00:00,mplads/mp_profiles/lok_sabha/5729_prashant_yadaorao_padole,https://res.cloudinary.com/dfgsefn5v/image/upload/v1788003179/mplads/mp_profiles/lok_sabha/5729_prashant_yadaorao_padole.jpg,e7b08d80161982880e1c3dc756e6626b,uploaded,2026-08-29T11:32:59.855144+00:00
Lok Sabha,4295,Jagdambika Pal,Bharatiya Janata Party,BJP,Domariyaganj,Uttar Pradesh,https://sansad.in/getFile/dms/fetch/74ec4e7e-c418-4dd8-a5ce-b4ec1cabeab5?source=dsp2,/Users/alokkumardalei/Desktop/MPLED/MPLEDs/data/mp_profiles/images/ls_4295.jpg,cached,https://sansad.in/ls/members,2026-08-29T07:57:18.033216+00:00,mplads/mp_profiles/lok_sabha/4295_jagdambika_pal,https://res.cloudinary.com/dfgsefn5v/image/upload/v1788003179/mplads/mp_profiles/lok_sabha/4295_jagdambika_pal.jpg,4f138c975f0bcba8baf03d882dbcf04a,uploaded,2026-08-29T11:32:59.891352+00:00
Lok Sabha,4422,Baijayant Panda,Bharatiya Janata Party,BJP,Kendrapara,Odisha,https://sansad.in/getFile/dms/fetch/45761b9d-006e-4370-aa8e-c3cd2dae62b5?source=dsp2,/Users/alokkumardalei/Desktop/MPLED/MPLEDs/data/mp_profiles/images/ls_4422.jpg,cached,https://sansad.in/ls/members,2026-08-29T07:57:18.033216+00:00,mplads/mp_profiles/lok_sabha/4422_baijayant_panda,https://res.cloudinary.com/dfgsefn5v/image/upload/v1788003179/mplads/mp_profiles/lok_sabha/4422_baijayant_panda.jpg,18a975f4ada872b83a864accdc20d4b2,uploaded,2026-08-29T11:32:59.863720+00:00
Lok Sabha,5580,Sanatan Pandey,Samajwadi Party,SP,Ballia,Uttar Pradesh,https://sansad.in/getFile/dms/fetch/d31760db-32bd-43f3-86d4-ab01afca3808?source=dsp2,/Users/alokkumardalei/Desktop/MPLED/MPLEDs/data/mp_profiles/images/ls_5580.jpg,cached,https://sansad.in/ls/members,2026-08-29T07:57:18.033216+00:00,mplads/mp_profiles/lok_sabha/5580_sanatan_pandey,https://res.cloudinary.com/dfgsefn5v/image/upload/v1788003179/mplads/mp_profiles/lok_sabha/5580_sanatan_pandey.jpg,df77267fd5b6001a77d212b801af59f5,uploaded,2026-08-29T11:33:00.012531+00:00
Lok Sabha,5015,Santosh Pandey,Bharatiya Janata Party,BJP,Rajnandgaon,Chhattisgarh,https://sansad.in/getFile/dms/fetch/de380219-2988-4036-9183-190ed979d382?source=dsp2,/Users/alokkumardalei/Desktop/MPLED/MPLEDs/data/mp_profiles/images/ls_5015.jpg,cached,https://sansad.in/ls/members,2026-08-29T07:57:18.033216+00:00,mplads/mp_profiles/lok_sabha/5015_santosh_pandey,https://res.cloudinary.com/dfgsefn5v/image/upload/v1788003180/mplads/mp_profiles/lok_sabha/5015_santosh_pandey.jpg,c575a1eefb282260f2715d9141febd0f,uploaded,2026-08-29T11:33:00.526919+00:00
Lok Sabha,5615,Sukanta Kumar Panigrahi,Bharatiya Janata Party,BJP,Kandhamal,Odisha,https://sansad.in/getFile/dms/fetch/227014d4-28f2-46db-9ab0-cd2c371e348b?source=dsp2,/Users/alokkumardalei/Desktop/MPLED/MPLEDs/data/mp_profiles/images/ls_5615.jpg,cached,https://sansad.in/ls/members,2026-08-29T07:57:18.033216+00:00,mplads/mp_profiles/lok_sabha/5615_sukanta_kumar_panigrahi,https://res.cloudinary.com/dfgsefn5v/image/upload/v1788003180/mplads/mp_profiles/lok_sabha/5615_sukanta_kumar_panigrahi.jpg,6045b03eeaa95711928e292a32ff1f79,uploaded,2026-08-29T11:33:00.388750+00:00
Lok Sabha,5708,Pradeep Kumar Panigrahy,Bharatiya Janata Party,BJP,Berhampur,Odisha,https://sansad.in/getFile/dms/fetch/d51ac876-00c1-4551-92ba-da3c38ee4597?source=dsp2,/Users/alokkumardalei/Desktop/MPLED/MPLEDs/data/mp_profiles/images/ls_5708.jpg,cached,https://sansad.in/ls/members,2026-08-29T07:57:18.033216+00:00,mplads/mp_profiles/lok_sabha/5708_pradeep_kumar_panigrahy,https://res.cloudinary.com/dfgsefn5v/image/upload/v1788003180/mplads/mp_profiles/lok_sabha/5708_pradeep_kumar_panigrahy.jpg,8c13b3556bcb836522504c45ee8343e3,uploaded,2026-08-29T11:33:00.471554+00:00
Lok Sabha,5805,Rudra Narayan Pany,Bharatiya Janata Party,BJP,Dhenkanal,Odisha,https://sansad.in/getFile/dms/fetch/69d476a0-139c-4277-96e8-2368402c85ce?source=dsp2,/Users/alokkumardalei/Desktop/MPLED/MPLEDs/data/mp_profiles/images/ls_5805.jpg,cached,https://sansad.in/ls/members,2026-08-29T07:57:18.033216+00:00,mplads/mp_profiles/lok_sabha/5805_rudra_narayan_pany,https://res.cloudinary.com/dfgsefn5v/image/upload/v1788003180/mplads/mp_profiles/lok_sabha/5805_rudra_narayan_pany.jpg,4aae64d78b772bfc74dcdc599d32de88,uploaded,2026-08-29T11:33:00.541379+00:00
Lok Sabha,5698,Shafi Parambil,Indian National Congress,INC,Vadakara,Kerala,https://sansad.in/getFile/dms/fetch/4cf4fc92-0b74-464a-9d7c-790c2a32342c?source=dsp2,/Users/alokkumardalei/Desktop/MPLED/MPLEDs/data/mp_profiles/images/ls_5698.jpg,cached,https://sansad.in/ls/members,2026-08-29T07:57:18.033216+00:00,mplads/mp_profiles/lok_sabha/5698_shafi_parambil,https://res.cloudinary.com/dfgsefn5v/image/upload/v1788003180/mplads/mp_profiles/lok_sabha/5698_shafi_parambil.jpg,3910fb4c1e32753c0d4692696ddb6014,uploaded,2026-08-29T11:33:00.941696+00:00
Lok Sabha,5696,Bharti Pardhi,Bharatiya Janata Party,BJP,Balaghat,Madhya Pradesh,https://sansad.in/getFile/dms/fetch/af1271f5-e9b1-4768-822b-14d03924aa0a?source=dsp2,/Users/alokkumardalei/Desktop/MPLED/MPLEDs/data/mp_profiles/images/ls_5696.jpg,cached,https://sansad.in/ls/members,2026-08-29T07:57:18.033216+00:00,mplads/mp_profiles/lok_sabha/5696_bharti_pardhi,https://res.cloudinary.com/dfgsefn5v/image/upload/v1788003180/mplads/mp_profiles/lok_sabha/5696_bharti_pardhi.jpg,cf2838d23a6a671f6c448386d1010ba5,uploaded,2026-08-29T11:33:01.113609+00:00
Lok Sabha,3289,Jai Parkash,Indian National Congress,INC,Hisar,Haryana,https://sansad.in/getFile/dms/fetch/3112cba1-6cc5-4153-ac70-79968ac1e295?source=dsp2,/Users/alokkumardalei/Desktop/MPLED/MPLEDs/data/mp_profiles/images/ls_3289.jpg,cached,https://sansad.in/ls/members,2026-08-29T07:57:18.033216+00:00,mplads/mp_profiles/lok_sabha/3289_jai_parkash,https://res.cloudinary.com/dfgsefn5v/image/upload/v1788003180/mplads/mp_profiles/lok_sabha/3289_jai_parkash.jpg,de9cfb2e12cb7c49b2698f38cf12a3ab,uploaded,2026-08-29T11:33:01.189512+00:00
Lok Sabha,292,B K Parthasarathi,Telugu Desam Party,TDP,Hindupur,Andhra Pradesh,https://sansad.in/getFile/dms/fetch/e92f0944-d42c-4a23-815f-c20b1b5cb9ed?source=dsp2,/Users/alokkumardalei/Desktop/MPLED/MPLEDs/data/mp_profiles/images/ls_292.jpg,cached,https://sansad.in/ls/members,2026-08-29T07:57:18.033216+00:00,mplads/mp_profiles/lok_sabha/292_b_k_parthasarathi,https://res.cloudinary.com/dfgsefn5v/image/upload/v1788003180/mplads/mp_profiles/lok_sabha/292_b_k_parthasarathi.jpg,42574406aa63a38b017d3cfd33aae7f6,uploaded,2026-08-29T11:33:01.125463+00:00
Lok Sabha,4777,Chirag Paswan,Lok Jan Shakti Party (Ram Vilas),LJSP(RV),Hajipur,Bihar,https://sansad.in/getFile/dms/fetch/1287e7fe-f355-4911-b267-a9980256ebda?source=dsp2,/Users/alokkumardalei/Desktop/MPLED/MPLEDs/data/mp_profiles/images/ls_4777.jpg,cached,https://sansad.in/ls/members,2026-08-29T07:57:18.033216+00:00,mplads/mp_profiles/lok_sabha/4777_chirag_paswan,https://res.cloudinary.com/dfgsefn5v/image/upload/v1788003181/mplads/mp_profiles/lok_sabha/4777_chirag_paswan.jpg,ebe368698cea3114880ab955c547b90d,uploaded,2026-08-29T11:33:01.716601+00:00
Lok Sabha,4303,Kamlesh Paswan,Bharatiya Janata Party,BJP,Bansgaon,Uttar Pradesh,https://sansad.in/getFile/dms/fetch/f4bc390e-2f07-47a3-8e4c-ab39f91bf544?source=dsp2,/Users/alokkumardalei/Desktop/MPLED/MPLEDs/data/mp_profiles/images/ls_4303.jpg,cached,https://sansad.in/ls/members,2026-08-29T07:57:18.033216+00:00,mplads/mp_profiles/lok_sabha/4303_kamlesh_paswan,https://res.cloudinary.com/dfgsefn5v/image/upload/v1788003181/mplads/mp_profiles/lok_sabha/4303_kamlesh_paswan.jpg,2b6a8c3914bc95a29523eff957701fbb,uploaded,2026-08-29T11:33:01.654382+00:00
Lok Sabha,5643,Shiv Pal Singh Patel,Samajwadi Party,SP,Pratapgarh,Uttar Pradesh,https://sansad.in/getFile/dms/fetch/9e2f881a-a31c-473f-8de6-cb7c764020a4?source=dsp2,/Users/alokkumardalei/Desktop/MPLED/MPLEDs/data/mp_profiles/images/ls_5643.jpg,cached,https://sansad.in/ls/members,2026-08-29T07:57:18.033216+00:00,mplads/mp_profiles/lok_sabha/5643_shiv_pal_singh_patel,https://res.cloudinary.com/dfgsefn5v/image/upload/v1788003181/mplads/mp_profiles/lok_sabha/5643_shiv_pal_singh_patel.jpg,c3d465a5df88b20f6a7b0f4998864a02,uploaded,2026-08-29T11:33:01.784145+00:00
Lok Sabha,5665,Dhaval Laxmanbhai Patel,Bharatiya Janata Party,BJP,Valsad,Gujarat,https://sansad.in/getFile/dms/fetch/64cf6f44-fef5-4bb4-bce3-f59b7c4637b0?source=dsp2,/Users/alokkumardalei/Desktop/MPLED/MPLEDs/data/mp_profiles/images/ls_5665.jpg,cached,https://sansad.in/ls/members,2026-08-29T07:57:18.033216+00:00,mplads/mp_profiles/lok_sabha/5665_dhaval_laxmanbhai_patel,https://res.cloudinary.com/dfgsefn5v/image/upload/v1788003181/mplads/mp_profiles/lok_sabha/5665_dhaval_laxmanbhai_patel.jpg,cfa03268a107c61c980a2c892ec1e72e,uploaded,2026-08-29T11:33:01.872236+00:00
Lok Sabha,5067,Gajendra  Singh Patel,Bharatiya Janata Party,BJP,Khargone,Madhya Pradesh,https://sansad.in/getFile/dms/fetch/388995db-f5eb-4f1c-b2be-107f863e6878?source=dsp2,/Users/alokkumardalei/Desktop/MPLED/MPLEDs/data/mp_profiles/images/ls_5067.jpg,cached,https://sansad.in/ls/members,2026-08-29T07:57:18.033216+00:00,mplads/mp_profiles/lok_sabha/5067_gajendra_singh_patel,https://res.cloudinary.com/dfgsefn5v/image/upload/v1788003181/mplads/mp_profiles/lok_sabha/5067_gajendra_singh_patel.jpg,7873a9174146fe71164b29e0185862a4,uploaded,2026-08-29T11:33:02.209058+00:00
Lok Sabha,5560,Haribhai Patel,Bharatiya Janata Party,BJP,Mahesana,Gujarat,https://sansad.in/getFile/dms/fetch/2ee27933-a1dc-4b30-9819-5a916176083f?source=dsp2,/Users/alokkumardalei/Desktop/MPLED/MPLEDs/data/mp_profiles/images/ls_5560.jpg,cached,https://sansad.in/ls/members,2026-08-29T07:57:18.033216+00:00,mplads/mp_profiles/lok_sabha/5560_haribhai_patel,https://res.cloudinary.com/dfgsefn5v/image/upload/v1788003181/mplads/mp_profiles/lok_sabha/5560_haribhai_patel.jpg,e5af2c0888ecbf06e84a2b4781fe6d98,uploaded,2026-08-29T11:33:02.277960+00:00
Lok Sabha,5017,Hasmukhbhai Somabhai Patel,Bharatiya Janata Party,BJP,Ahmedabad East,Gujarat,https://sansad.in/getFile/dms/fetch/67f1af1a-4754-4c7a-90f6-46883ccdf980?source=dsp2,/Users/alokkumardalei/Desktop/MPLED/MPLEDs/data/mp_profiles/images/ls_5017.jpg,cached,https://sansad.in/ls/members,2026-08-29T07:57:18.033216+00:00,mplads/mp_profiles/lok_sabha/5017_hasmukhbhai_somabhai_patel,https://res.cloudinary.com/dfgsefn5v/image/upload/v1788003182/mplads/mp_profiles/lok_sabha/5017_hasmukhbhai_somabhai_patel.jpg,89206e6604517cfaa0044fd0faaecb82,uploaded,2026-08-29T11:33:02.353011+00:00
Lok Sabha,5018,Miteshbhai Rameshbhai Patel,Bharatiya Janata Party,BJP,Anand,Gujarat,https://sansad.in/getFile/dms/fetch/59f3ce65-7eb9-449a-b526-fb963ded918c?source=dsp2,/Users/alokkumardalei/Desktop/MPLED/MPLEDs/data/mp_profiles/images/ls_5018.jpg,cached,https://sansad.in/ls/members,2026-08-29T07:57:18.033216+00:00,mplads/mp_profiles/lok_sabha/5018_miteshbhai_rameshbhai_patel,https://res.cloudinary.com/dfgsefn5v/image/upload/v1788003182/mplads/mp_profiles/lok_sabha/5018_miteshbhai_rameshbhai_patel.jpg,b62c0a6d17d2e2ef69f1806973cf6b50,uploaded,2026-08-29T11:33:02.434315+00:00
Lok Sabha,5801,Naresh Chandra Uttam Patel,Samajwadi Party,SP,Fatehpur,Uttar Pradesh,https://sansad.in/getFile/dms/fetch/8c941406-581a-4fc0-b0ef-1bd2e867dc37?source=dsp2,/Users/alokkumardalei/Desktop/MPLED/MPLEDs/data/mp_profiles/images/ls_5801.jpg,cached,https://sansad.in/ls/members,2026-08-29T07:57:18.033216+00:00,mplads/mp_profiles/lok_sabha/5801_naresh_chandra_uttam_patel,https://res.cloudinary.com/dfgsefn5v/image/upload/v1788003182/mplads/mp_profiles/lok_sabha/5801_naresh_chandra_uttam_patel.jpg,e50b70530ebc57341bd33a4b01ceedb5,uploaded,2026-08-29T11:33:02.942455+00:00
Lok Sabha,5583,Praveen Patel,Bharatiya Janata Party,BJP,Phulpur,Uttar Pradesh,https://sansad.in/getFile/dms/fetch/05394314-a13a-4316-93f1-c5d05d7f5895?source=dsp2,/Users/alokkumardalei/Desktop/MPLED/MPLEDs/data/mp_profiles/images/ls_5583.jpg,cached,https://sansad.in/ls/members,2026-08-29T07:57:18.033216+00:00,mplads/mp_profiles/lok_sabha/5583_praveen_patel,https://res.cloudinary.com/dfgsefn5v/image/upload/v1788003182/mplads/mp_profiles/lok_sabha/5583_praveen_patel.jpg,aadf671864702581878dfe6712a026f3,uploaded,2026-08-29T11:33:02.932616+00:00
Lok Sabha,5751,Shreyas M Patel,Indian National Congress,INC,Hassan,Karnataka,https://sansad.in/getFile/dms/fetch/c72c12ce-c76a-47a8-8676-abbbc28209b6?source=dsp2,/Users/alokkumardalei/Desktop/MPLED/MPLEDs/data/mp_profiles/images/ls_5751.jpg,cached,https://sansad.in/ls/members,2026-08-29T07:57:18.033216+00:00,mplads/mp_profiles/lok_sabha/5751_shreyas_m_patel,https://res.cloudinary.com/dfgsefn5v/image/upload/v1788003182/mplads/mp_profiles/lok_sabha/5751_shreyas_m_patel.jpg,289ab4cd67afbb0aaedd74066a4649b8,uploaded,2026-08-29T11:33:02.922580+00:00
Lok Sabha,4662,Anupriya Patel,Apna Dal (Soneylal),Apna Dal (S),Mirzapur,Uttar Pradesh,https://sansad.in/getFile/dms/fetch/5c7d3e20-3db8-4068-81ba-51951601918d?source=dsp2,/Users/alokkumardalei/Desktop/MPLED/MPLEDs/data/mp_profiles/images/ls_4662.jpg,cached,https://sansad.in/ls/members,2026-08-29T07:57:18.033216+00:00,mplads/mp_profiles/lok_sabha/4662_anupriya_patel,https://res.cloudinary.com/dfgsefn5v/image/upload/v1788003182/mplads/mp_profiles/lok_sabha/4662_anupriya_patel.jpg,f51da0604a908be9a5e6699421c31fcd,uploaded,2026-08-29T11:33:02.973936+00:00
Lok Sabha,5594,Krishna Devi Shivshankar Patel,Samajwadi Party,SP,Banda,Uttar Pradesh,https://sansad.in/getFile/dms/fetch/9487e6d4-f59d-4023-9e33-4f15a66847a3?source=dsp2,/Users/alokkumardalei/Desktop/MPLED/MPLEDs/data/mp_profiles/images/ls_5594.jpg,cached,https://sansad.in/ls/members,2026-08-29T07:57:18.033216+00:00,mplads/mp_profiles/lok_sabha/5594_krishna_devi_shivshankar_patel,https://res.cloudinary.com/dfgsefn5v/image/upload/v1788003183/mplads/mp_profiles/lok_sabha/5594_krishna_devi_shivshankar_patel.jpg,d5c4d442532313aa500e8e52d0433718,uploaded,2026-08-29T11:33:03.690737+00:00
Lok Sabha,4452,Chandrakant Raghunath Patil,Bharatiya Janata Party,BJP,Navsari,Gujarat,https://sansad.in/getFile/dms/fetch/8b338f0b-ca26-41a0-890f-a9e4c0501082?source=dsp2,/Users/alokkumardalei/Desktop/MPLED/MPLEDs/data/mp_profiles/images/ls_4452.jpg,cached,https://sansad.in/ls/members,2026-08-29T07:57:18.033216+00:00,mplads/mp_profiles/lok_sabha/4452_chandrakant_raghunath_patil,https://res.cloudinary.com/dfgsefn5v/image/upload/v1788003183/mplads/mp_profiles/lok_sabha/4452_chandrakant_raghunath_patil.jpg,a25421d95588365a31b5892d88f84d2f,uploaded,2026-08-29T11:33:03.454458+00:00
Lok Sabha,5535,Gyaneshwar Patil,Bharatiya Janata Party,BJP,Khandwa,Madhya Pradesh,https://sansad.in/getFile/dms/fetch/7627f99c-88b0-4879-8410-31055c8714f7?source=dsp2,/Users/alokkumardalei/Desktop/MPLED/MPLEDs/data/mp_profiles/images/ls_5535.jpg,cached,https://sansad.in/ls/members,2026-08-29T07:57:18.033216+00:00,mplads/mp_profiles/lok_sabha/5535_gyaneshwar_patil,https://res.cloudinary.com/dfgsefn5v/image/upload/v1788003183/mplads/mp_profiles/lok_sabha/5535_gyaneshwar_patil.jpg,6781502304a0bbf9105790dd0ab89a5d,uploaded,2026-08-29T11:33:03.473955+00:00
Lok Sabha,4393,Sanjay Dina Patil,Shiv Sena,SS,Mumbai North East,Maharashtra,https://sansad.in/getFile/dms/fetch/9d080a97-e93e-479e-9277-2503b6be21f3?source=dsp2,/Users/alokkumardalei/Desktop/MPLED/MPLEDs/data/mp_profiles/images/ls_4393.jpg,cached,https://sansad.in/ls/members,2026-08-29T07:57:18.033216+00:00,mplads/mp_profiles/lok_sabha/4393_sanjay_dina_patil,https://res.cloudinary.com/dfgsefn5v/image/upload/v1788003183/mplads/mp_profiles/lok_sabha/4393_sanjay_dina_patil.jpg,a868b4e866fad114689e8970bb15b9e0,uploaded,2026-08-29T11:33:03.512483+00:00
Lok Sabha,5756,Vishaldada Prakashbapu Patil,Independent,Ind.,Sangli,Maharashtra,https://sansad.in/getFile/dms/fetch/6f6840f8-121d-4b17-a240-e9d915621a85?source=dsp2,/Users/alokkumardalei/Desktop/MPLED/MPLEDs/data/mp_profiles/images/ls_5756.jpg,cached,https://sansad.in/ls/members,2026-08-29T07:57:18.033216+00:00,mplads/mp_profiles/lok_sabha/5756_vishaldada_prakashbapu_patil,https://res.cloudinary.com/dfgsefn5v/image/upload/v1788003183/mplads/mp_profiles/lok_sabha/5756_vishaldada_prakashbapu_patil.jpg,7ec6494369c61a47b31802355634b9f1,uploaded,2026-08-29T11:33:03.996298+00:00
Lok Sabha,5599,Sambit Patra,Bharatiya Janata Party,BJP,Puri,Odisha,https://sansad.in/getFile/dms/fetch/dd13591b-6c81-446a-8e15-b07cc3da2ef0?source=dsp2,/Users/alokkumardalei/Desktop/MPLED/MPLEDs/data/mp_profiles/images/ls_5599.jpg,cached,https://sansad.in/ls/members,2026-08-29T07:57:18.033216+00:00,mplads/mp_profiles/lok_sabha/5599_sambit_patra,https://res.cloudinary.com/dfgsefn5v/image/upload/v1788003183/mplads/mp_profiles/lok_sabha/5599_sambit_patra.jpg,9902472ebea07a91f2282e80a519f83c,uploaded,2026-08-29T11:33:04.070011+00:00
Lok Sabha,5691,Kartick Chandra Paul,Bharatiya Janata Party,BJP,Raiganj,West Bengal,https://sansad.in/getFile/dms/fetch/10b88b70-dd69-4bc5-bcad-9442db61ebde?source=dsp2,/Users/alokkumardalei/Desktop/MPLED/MPLEDs/data/mp_profiles/images/ls_5691.jpg,cached,https://sansad.in/ls/members,2026-08-29T07:57:18.033216+00:00,mplads/mp_profiles/lok_sabha/5691_kartick_chandra_paul,https://res.cloudinary.com/dfgsefn5v/image/upload/v1788003183/mplads/mp_profiles/lok_sabha/5691_kartick_chandra_paul.jpg,1ea2df8a97419329bada5e445f7d3e54,uploaded,2026-08-29T11:33:04.074798+00:00
Lok Sabha,5636,Chandra Sekhar Pemmasani,Telugu Desam Party,TDP,Guntur,Andhra Pradesh,https://sansad.in/getFile/dms/fetch/ef230722-9bfb-41d6-9cce-4fbb92089feb?source=dsp2,/Users/alokkumardalei/Desktop/MPLED/MPLEDs/data/mp_profiles/images/ls_5636.jpg,cached,https://sansad.in/ls/members,2026-08-29T07:57:18.033216+00:00,mplads/mp_profiles/lok_sabha/5636_chandra_sekhar_pemmasani,https://res.cloudinary.com/dfgsefn5v/image/upload/v1788003183/mplads/mp_profiles/lok_sabha/5636_chandra_sekhar_pemmasani.jpg,c756ebfb6280feeffe63c9f655de6fca,uploaded,2026-08-29T11:33:04.246864+00:00
Lok Sabha,5711,Kota Srinivasa Poojary,Bharatiya Janata Party,BJP,Udupi Chikmagalur,Karnataka,https://sansad.in/getFile/dms/fetch/ea9bde02-617c-4c33-9f73-d53ed5154bda?source=dsp2,/Users/alokkumardalei/Desktop/MPLED/MPLEDs/data/mp_profiles/images/ls_5711.jpg,cached,https://sansad.in/ls/members,2026-08-29T07:57:18.033216+00:00,mplads/mp_profiles/lok_sabha/5711_kota_srinivasa_poojary,https://res.cloudinary.com/dfgsefn5v/image/upload/v1788003184/mplads/mp_profiles/lok_sabha/5711_kota_srinivasa_poojary.jpg,2903688dfdf205e089b165b818517d05,uploaded,2026-08-29T11:33:04.684560+00:00
Lok Sabha,4322,Balram Naik Porika,Indian National Congress,INC,Mahabubabad,Telangana,https://sansad.in/getFile/dms/fetch/90ef2830-157f-4a78-bde4-030e0c98ac39?source=dsp2,/Users/alokkumardalei/Desktop/MPLED/MPLEDs/data/mp_profiles/images/ls_4322.jpg,cached,https://sansad.in/ls/members,2026-08-29T07:57:18.033216+00:00,mplads/mp_profiles/lok_sabha/4322_balram_naik_porika,https://res.cloudinary.com/dfgsefn5v/image/upload/v1788003184/mplads/mp_profiles/lok_sabha/4322_balram_naik_porika.jpg,3c7b8468d2a23a8bf68a481b1ecabf71,uploaded,2026-08-29T11:33:04.651903+00:00
Lok Sabha,3999,Dharmendra Pradhan,Bharatiya Janata Party,BJP,Sambalpur,Odisha,https://sansad.in/getFile/dms/fetch/537f95a7-489c-4f9e-9dbd-a78519ff98a0?source=dsp2,/Users/alokkumardalei/Desktop/MPLED/MPLEDs/data/mp_profiles/images/ls_3999.jpg,cached,https://sansad.in/ls/members,2026-08-29T07:57:18.033216+00:00,mplads/mp_profiles/lok_sabha/3999_dharmendra_pradhan,https://res.cloudinary.com/dfgsefn5v/image/upload/v1788003184/mplads/mp_profiles/lok_sabha/3999_dharmendra_pradhan.jpg,e74f6c5263d3805e133b51fe9ec878d3,uploaded,2026-08-29T11:33:04.649977+00:00
Lok Sabha,5123,Adoor Prakash,Indian National Congress,INC,Attingal,Kerala,https://sansad.in/getFile/dms/fetch/79111378-e781-40fd-9d0f-ab091c1b42d8?source=dsp2,/Users/alokkumardalei/Desktop/MPLED/MPLEDs/data/mp_profiles/images/ls_5123.jpg,cached,https://sansad.in/ls/members,2026-08-29T07:57:18.033216+00:00,mplads/mp_profiles/lok_sabha/5123_adoor_prakash,https://res.cloudinary.com/dfgsefn5v/image/upload/v1788003186/mplads/mp_profiles/lok_sabha/5123_adoor_prakash.jpg,aba512dd74ee6dd2ef95819c308788a7,uploaded,2026-08-29T11:33:06.759001+00:00
Lok Sabha,159,Jai Prakash,Bharatiya Janata Party,BJP,Hardoi,Uttar Pradesh,https://sansad.in/getFile/dms/fetch/631f3f36-1074-4276-9282-926a35a31123?source=dsp2,/Users/alokkumardalei/Desktop/MPLED/MPLEDs/data/mp_profiles/images/ls_159.jpg,cached,https://sansad.in/ls/members,2026-08-29T07:57:18.033216+00:00,mplads/mp_profiles/lok_sabha/159_jai_prakash,https://res.cloudinary.com/dfgsefn5v/image/upload/v1788003184/mplads/mp_profiles/lok_sabha/159_jai_prakash.jpg,131ab03e1db7d486cec7858b83cdc544,uploaded,2026-08-29T11:33:05.267722+00:00
Lok Sabha,5770,K E Prakash,Dravida Munnetra Kazhagam,DMK,Erode,Tamil Nadu,https://sansad.in/getFile/dms/fetch/66a6e1c0-159f-48d7-b1ae-553573b8d6f7?source=dsp2,/Users/alokkumardalei/Desktop/MPLED/MPLEDs/data/mp_profiles/images/ls_5770.jpg,cached,https://sansad.in/ls/members,2026-08-29T07:57:18.033216+00:00,mplads/mp_profiles/lok_sabha/5770_k_e_prakash,https://res.cloudinary.com/dfgsefn5v/image/upload/v1788003185/mplads/mp_profiles/lok_sabha/5770_k_e_prakash.jpg,cb71837885560c6ccb4376562d73526e,uploaded,2026-08-29T11:33:06.058293+00:00
Lok Sabha,4971,M K Vishnu Prasad,Indian National Congress,INC,Cuddalore,Tamil Nadu,https://sansad.in/getFile/dms/fetch/0cf8b926-a40d-4be1-b34a-729afae8d859?source=dsp2,/Users/alokkumardalei/Desktop/MPLED/MPLEDs/data/mp_profiles/images/ls_4971.jpg,cached,https://sansad.in/ls/members,2026-08-29T07:57:18.033216+00:00,mplads/mp_profiles/lok_sabha/4971_m_k_vishnu_prasad,https://res.cloudinary.com/dfgsefn5v/image/upload/v1788003184/mplads/mp_profiles/lok_sabha/4971_m_k_vishnu_prasad.jpg,5eca1722fe9a838cc6789224d890b6a5,uploaded,2026-08-29T11:33:05.257157+00:00
Lok Sabha,5780,Awadhesh Prasad,Samajwadi Party,SP,Faizabad,Uttar Pradesh,https://sansad.in/getFile/dms/fetch/6e5042c1-22a2-4222-9aab-b32d4518f0fa?source=dsp2,/Users/alokkumardalei/Desktop/MPLED/MPLEDs/data/mp_profiles/images/ls_5780.jpg,cached,https://sansad.in/ls/members,2026-08-29T07:57:18.033216+00:00,mplads/mp_profiles/lok_sabha/5780_awadhesh_prasad,https://res.cloudinary.com/dfgsefn5v/image/upload/v1788003185/mplads/mp_profiles/lok_sabha/5780_awadhesh_prasad.jpg,4d9008c88a036305146e5dd987a76913,uploaded,2026-08-29T11:33:05.884569+00:00
Lok Sabha,5219,Ravi Shankar Prasad,Bharatiya Janata Party,BJP,Patna Sahib,Bihar,https://sansad.in/getFile/dms/fetch/b5aab0d1-e57a-4dfc-b5a0-dde4d7f1fbe9?source=dsp2,/Users/alokkumardalei/Desktop/MPLED/MPLEDs/data/mp_profiles/images/ls_5219.jpg,cached,https://sansad.in/ls/members,2026-08-29T07:57:18.033216+00:00,mplads/mp_profiles/lok_sabha/5219_ravi_shankar_prasad,https://res.cloudinary.com/dfgsefn5v/image/upload/v1788003185/mplads/mp_profiles/lok_sabha/5219_ravi_shankar_prasad.jpg,437643efb64b180737a6343699829f81,uploaded,2026-08-29T11:33:05.927397+00:00
Lok Sabha,5641,Sudama Prasad,Communist Party of India (Marxist-Leninist) Liberation,CPI(ML)(L),Arrah,Bihar,https://sansad.in/getFile/dms/fetch/4fd73700-cd7b-4308-966e-20c2a5068b61?source=dsp2,/Users/alokkumardalei/Desktop/MPLED/MPLEDs/data/mp_profiles/images/ls_5641.jpg,cached,https://sansad.in/ls/members,2026-08-29T07:57:18.033216+00:00,mplads/mp_profiles/lok_sabha/5641_sudama_prasad,https://res.cloudinary.com/dfgsefn5v/image/upload/v1788003186/mplads/mp_profiles/lok_sabha/5641_sudama_prasad.jpg,781f945f4d7f289c8e0418cf27594b08,uploaded,2026-08-29T11:33:06.449613+00:00
Lok Sabha,4065,Jitin Prasada,Bharatiya Janata Party,BJP,Pilibhit,Uttar Pradesh,https://sansad.in/getFile/dms/fetch/b708ef19-4032-4524-b3db-1f4b797bfe69?source=dsp2,/Users/alokkumardalei/Desktop/MPLED/MPLEDs/data/mp_profiles/images/ls_4065.jpg,cached,https://sansad.in/ls/members,2026-08-29T07:57:18.033216+00:00,mplads/mp_profiles/lok_sabha/4065_jitin_prasada,https://res.cloudinary.com/dfgsefn5v/image/upload/v1788003186/mplads/mp_profiles/lok_sabha/4065_jitin_prasada.jpg,f670262354c733b61b377ab6d2c37538,uploaded,2026-08-29T11:33:06.508311+00:00
Lok Sabha,3754,N K Premachandran,Revolutionary Socialist Party,RSP,Kollam,Kerala,https://sansad.in/getFile/dms/fetch/82ebdff7-f488-4ce8-bebf-5ef9291f86c5?source=dsp2,/Users/alokkumardalei/Desktop/MPLED/MPLEDs/data/mp_profiles/images/ls_3754.jpg,cached,https://sansad.in/ls/members,2026-08-29T07:57:18.033216+00:00,mplads/mp_profiles/lok_sabha/3754_n_k_premachandran,https://res.cloudinary.com/dfgsefn5v/image/upload/v1788003186/mplads/mp_profiles/lok_sabha/3754_n_k_premachandran.jpg,b4b14f850050dc8460d060fc63db0648,uploaded,2026-08-29T11:33:06.628598+00:00
Lok Sabha,5728,Tanuj Punia,Indian National Congress,INC,Barabanki,Uttar Pradesh,https://sansad.in/getFile/dms/fetch/0be6f9f9-7b64-4527-912e-71c7bdd8055f?source=dsp2,/Users/alokkumardalei/Desktop/MPLED/MPLEDs/data/mp_profiles/images/ls_5728.jpg,cached,https://sansad.in/ls/members,2026-08-29T07:57:18.033216+00:00,mplads/mp_profiles/lok_sabha/5728_tanuj_punia,https://res.cloudinary.com/dfgsefn5v/image/upload/v1788003186/mplads/mp_profiles/lok_sabha/5728_tanuj_punia.jpg,d04b22e74b6eea55fde31eb59a118382,uploaded,2026-08-29T11:33:07.009170+00:00
Lok Sabha,4022,D. Purandeswari,Bharatiya Janata Party,BJP,Rajahmundry,Andhra Pradesh,https://sansad.in/getFile/dms/fetch/ea45ab62-0683-46b0-9a1d-07189ae5e854?source=dsp2,/Users/alokkumardalei/Desktop/MPLED/MPLEDs/data/mp_profiles/images/ls_4022.jpg,cached,https://sansad.in/ls/members,2026-08-29T07:57:18.033216+00:00,mplads/mp_profiles/lok_sabha/4022_d_purandeswari,https://res.cloudinary.com/dfgsefn5v/image/upload/v1788003186/mplads/mp_profiles/lok_sabha/4022_d_purandeswari.jpg,234cdbe799151142f5cabc624fc5d7c4,uploaded,2026-08-29T11:33:07.121508+00:00
Lok Sabha,5668,Pradeep Purohit,Bharatiya Janata Party,BJP,Bargarh,Odisha,https://sansad.in/getFile/dms/fetch/a4d66196-168e-452c-a2f0-aefe2297e01d?source=dsp2,/Users/alokkumardalei/Desktop/MPLED/MPLEDs/data/mp_profiles/images/ls_5668.jpg,cached,https://sansad.in/ls/members,2026-08-29T07:57:18.033216+00:00,mplads/mp_profiles/lok_sabha/5668_pradeep_purohit,https://res.cloudinary.com/dfgsefn5v/image/upload/v1788003186/mplads/mp_profiles/lok_sabha/5668_pradeep_purohit.jpg,4b7c3309d42d7eb115790a528778a93d,uploaded,2026-08-29T11:33:07.206408+00:00
Lok Sabha,5650,Sudha R,Indian National Congress,INC,Mayiladuthurai,Tamil Nadu,https://sansad.in/getFile/dms/fetch/d6c77cee-a819-443d-a3a3-67ea62f4f89f?source=dsp2,/Users/alokkumardalei/Desktop/MPLED/MPLEDs/data/mp_profiles/images/ls_5650.jpg,cached,https://sansad.in/ls/members,2026-08-29T07:57:18.033216+00:00,mplads/mp_profiles/lok_sabha/5650_sudha_r,https://res.cloudinary.com/dfgsefn5v/image/upload/v1788003187/mplads/mp_profiles/lok_sabha/5650_sudha_r.jpg,689bf64f2c705ef4c8dfd46711093df2,uploaded,2026-08-29T11:33:07.303776+00:00
Lok Sabha,5628,Sachithanantham R,Communist Party of India (Marxist),CPI(M),Dindigul,Tamil Nadu,https://sansad.in/getFile/dms/fetch/4a940ee5-ace2-463e-aa04-b2dedf1f172f?source=dsp2,/Users/alokkumardalei/Desktop/MPLED/MPLEDs/data/mp_profiles/images/ls_5628.jpg,cached,https://sansad.in/ls/members,2026-08-29T07:57:18.033216+00:00,mplads/mp_profiles/lok_sabha/5628_sachithanantham_r,https://res.cloudinary.com/dfgsefn5v/image/upload/v1788003187/mplads/mp_profiles/lok_sabha/5628_sachithanantham_r.jpg,2a478328689f51e123ee301b55601387,uploaded,2026-08-29T11:33:07.566523+00:00
Lok Sabha,5757,Radhakrishna,Indian National Congress,INC,Gulbarga,Karnataka,https://sansad.in/getFile/dms/fetch/5ba69917-c19d-4465-a079-d29f796a1f97?source=dsp2,/Users/alokkumardalei/Desktop/MPLED/MPLEDs/data/mp_profiles/images/ls_5757.jpg,cached,https://sansad.in/ls/members,2026-08-29T07:57:18.033216+00:00,mplads/mp_profiles/lok_sabha/5757_radhakrishna,https://res.cloudinary.com/dfgsefn5v/image/upload/v1788003187/mplads/mp_profiles/lok_sabha/5757_radhakrishna.jpg,6c1c2b4b425b75dc962b7287e832097b,uploaded,2026-08-29T11:33:07.683865+00:00
Lok Sabha,5812,K Radhakrishnan,Communist Party of India (Marxist),CPI(M),Alathur,Kerala,https://sansad.in/getFile/dms/fetch/677362ef-bd43-42f4-834f-89601ff0c8ab?source=dsp2,/Users/alokkumardalei/Desktop/MPLED/MPLEDs/data/mp_profiles/images/ls_5812.jpg,cached,https://sansad.in/ls/members,2026-08-29T07:57:18.033216+00:00,mplads/mp_profiles/lok_sabha/5812_k_radhakrishnan,https://res.cloudinary.com/dfgsefn5v/image/upload/v1788003187/mplads/mp_profiles/lok_sabha/5812_k_radhakrishnan.jpg,a35b988d3bfefcdeb2c442f2f4ba720b,uploaded,2026-08-29T11:33:07.744374+00:00
Lok Sabha,4560,M K Raghavan,Indian National Congress,INC,Kozhikode,Kerala,https://sansad.in/getFile/dms/fetch/79f46a8e-2b13-4284-a095-420c2d0fb807?source=dsp2,/Users/alokkumardalei/Desktop/MPLED/MPLEDs/data/mp_profiles/images/ls_4560.jpg,cached,https://sansad.in/ls/members,2026-08-29T07:57:18.033216+00:00,mplads/mp_profiles/lok_sabha/4560_m_k_raghavan,https://res.cloudinary.com/dfgsefn5v/image/upload/v1788003187/mplads/mp_profiles/lok_sabha/4560_m_k_raghavan.jpg,801496eeeebd4987bb7ebb11d2d5d199,uploaded,2026-08-29T11:33:07.932236+00:00
Lok Sabha,4570,B Y Raghavendra,Bharatiya Janata Party,BJP,Shimoga,Karnataka,https://sansad.in/getFile/dms/fetch/42e41bbb-fc5a-43ca-adbc-e48c1cf99793?source=dsp2,/Users/alokkumardalei/Desktop/MPLED/MPLEDs/data/mp_profiles/images/ls_4570.jpg,cached,https://sansad.in/ls/members,2026-08-29T07:57:18.033216+00:00,mplads/mp_profiles/lok_sabha/4570_b_y_raghavendra,https://res.cloudinary.com/dfgsefn5v/image/upload/v1788003187/mplads/mp_profiles/lok_sabha/4570_b_y_raghavendra.jpg,fd4809abb34de1a5265f4705e092c5b2,uploaded,2026-08-29T11:33:08.104855+00:00
Lok Sabha,5793,Kunduru Raghuveer,Indian National Congress,INC,Nalgonda,Telangana,https://sansad.in/getFile/dms/fetch/d64ec7c5-e9a8-414c-aac1-a9e2d9ebf4b2?source=dsp2,/Users/alokkumardalei/Desktop/MPLED/MPLEDs/data/mp_profiles/images/ls_5793.jpg,cached,https://sansad.in/ls/members,2026-08-29T07:57:18.033216+00:00,mplads/mp_profiles/lok_sabha/5793_kunduru_raghuveer,https://res.cloudinary.com/dfgsefn5v/image/upload/v1788003187/mplads/mp_profiles/lok_sabha/5793_kunduru_raghuveer.jpg,66ab5456d4a4de2371b77dfb4cbf6f12,uploaded,2026-08-29T11:33:08.283962+00:00
Lok Sabha,5046,Khalilur Rahaman,All India Trinamool Congress,AITC,Jangipur,West Bengal,https://sansad.in/getFile/dms/fetch/5c1595d0-e012-452f-b86d-be203c52f6ca?source=dsp2,/Users/alokkumardalei/Desktop/MPLED/MPLEDs/data/mp_profiles/images/ls_5046.jpg,cached,https://sansad.in/ls/members,2026-08-29T07:57:18.033216+00:00,mplads/mp_profiles/lok_sabha/5046_khalilur_rahaman,https://res.cloudinary.com/dfgsefn5v/image/upload/v1788003188/mplads/mp_profiles/lok_sabha/5046_khalilur_rahaman.jpg,e58d1f9934cfe0a53a8ebee33c6a4022,uploaded,2026-08-29T11:33:08.313447+00:00
Lok Sabha,4625,Nityanand Rai,Bharatiya Janata Party,BJP,Ujiarpur,Bihar,https://sansad.in/getFile/dms/fetch/8ec29804-5c49-45be-919e-7678e798bc68?source=dsp2,/Users/alokkumardalei/Desktop/MPLED/MPLEDs/data/mp_profiles/images/ls_4625.jpg,cached,https://sansad.in/ls/members,2026-08-29T07:57:18.033216+00:00,mplads/mp_profiles/lok_sabha/4625_nityanand_rai,https://res.cloudinary.com/dfgsefn5v/image/upload/v1788003188/mplads/mp_profiles/lok_sabha/4625_nityanand_rai.jpg,e57b3bfd67121743551860b937005d99,uploaded,2026-08-29T11:33:08.668682+00:00
Lok Sabha,5769,Rajeev Rai,Samajwadi Party,SP,Ghosi,Uttar Pradesh,https://sansad.in/getFile/dms/fetch/82f76548-872f-4979-94ed-c9265390e6e3?source=dsp2,/Users/alokkumardalei/Desktop/MPLED/MPLEDs/data/mp_profiles/images/ls_5769.jpg,cached,https://sansad.in/ls/members,2026-08-29T07:57:18.033216+00:00,mplads/mp_profiles/lok_sabha/5769_rajeev_rai,https://res.cloudinary.com/dfgsefn5v/image/upload/v1788003188/mplads/mp_profiles/lok_sabha/5769_rajeev_rai.jpg,014b42d89942f2c748803c52a8486360,uploaded,2026-08-29T11:33:08.650243+00:00
Lok Sabha,4960,Kanimozhi Rajathi Karunanidhi,Dravida Munnetra Kazhagam,DMK,Thoothukkudi,Tamil Nadu,https://sansad.in/getFile/dms/fetch/016a3157-60ef-4ee8-8c8b-4d6b022bbaf3?source=dsp2,/Users/alokkumardalei/Desktop/MPLED/MPLEDs/data/mp_profiles/images/ls_4960.jpg,cached,https://sansad.in/ls/members,2026-08-29T07:57:18.033216+00:00,mplads/mp_profiles/lok_sabha/4960_kanimozhi_rajathi_karunanidhi,https://res.cloudinary.com/dfgsefn5v/image/upload/v1788003188/mplads/mp_profiles/lok_sabha/4960_kanimozhi_rajathi_karunanidhi.jpg,899b2116ab67d18e25abde0e7b890742,uploaded,2026-08-29T11:33:08.817454+00:00
Lok Sabha,4305,Ramashankar  Vidharthi Rajbhar,Samajwadi Party,SP,Salempur,Uttar Pradesh,https://sansad.in/getFile/dms/fetch/11c26a9b-c609-49be-ba20-74801d97ce4b?source=dsp2,/Users/alokkumardalei/Desktop/MPLED/MPLEDs/data/mp_profiles/images/ls_4305.jpg,cached,https://sansad.in/ls/members,2026-08-29T07:57:18.033216+00:00,mplads/mp_profiles/lok_sabha/4305_ramashankar_vidharthi_rajbhar,https://res.cloudinary.com/dfgsefn5v/image/upload/v1788003188/mplads/mp_profiles/lok_sabha/4305_ramashankar_vidharthi_rajbhar.jpg,dc78df2e2e66945f4b41f09c5711ac90,uploaded,2026-08-29T11:33:08.864691+00:00
Lok Sabha,5731,Eatala Rajender,Bharatiya Janata Party,BJP,Malkajgiri,Telangana,https://sansad.in/getFile/dms/fetch/6f296988-29c0-4b45-a30c-9455f0ed0efc?source=dsp2,/Users/alokkumardalei/Desktop/MPLED/MPLEDs/data/mp_profiles/images/ls_5731.jpg,cached,https://sansad.in/ls/members,2026-08-29T07:57:18.033216+00:00,mplads/mp_profiles/lok_sabha/5731_eatala_rajender,https://res.cloudinary.com/dfgsefn5v/image/upload/v1788003188/mplads/mp_profiles/lok_sabha/5731_eatala_rajender.jpg,6127c98055437a92abd38622f84b217e,uploaded,2026-08-29T11:33:09.204115+00:00
Lok Sabha,5189,Omprakash Bhupalsinh Alias Pavan Rajenimbalkar,Shiv Sena,SS,Osmanabad,Maharashtra,https://sansad.in/getFile/dms/fetch/608a0e82-cfb1-49d6-b520-cae469b569e4?source=dsp2,/Users/alokkumardalei/Desktop/MPLED/MPLEDs/data/mp_profiles/images/ls_5189.jpg,cached,https://sansad.in/ls/members,2026-08-29T07:57:18.033216+00:00,mplads/mp_profiles/lok_sabha/5189_omprakash_bhupalsinh_alias_pavan_rajenimbalkar,https://res.cloudinary.com/dfgsefn5v/image/upload/v1788003188/mplads/mp_profiles/lok_sabha/5189_omprakash_bhupalsinh_alias_pavan_rajenimbalkar.jpg,172dc260b012db7c6832ca61c21305f3,uploaded,2026-08-29T11:33:09.240987+00:00
Lok Sabha,4666,Mukesh Rajput,Bharatiya Janata Party,BJP,Farrukhabad,Uttar Pradesh,https://sansad.in/getFile/dms/fetch/4a9766e2-78f8-449d-88bc-0dd9f9a80f56?source=dsp2,/Users/alokkumardalei/Desktop/MPLED/MPLEDs/data/mp_profiles/images/ls_4666.jpg,cached,https://sansad.in/ls/members,2026-08-29T07:57:18.033216+00:00,mplads/mp_profiles/lok_sabha/4666_mukesh_rajput,https://res.cloudinary.com/dfgsefn5v/image/upload/v1788003189/mplads/mp_profiles/lok_sabha/4666_mukesh_rajput.jpg,8f57dc370213c05265926919fcc998e1,uploaded,2026-08-29T11:33:09.355402+00:00
Lok Sabha,5649,Mohite Patil Dhairyasheel Rajsinh,Nationalist Congress Party - Sharadchandra Pawar,NCPSP,Madha,Maharashtra,https://sansad.in/getFile/dms/fetch/bac400fd-6897-4441-92fc-64aa128ea951?source=dsp2,/Users/alokkumardalei/Desktop/MPLED/MPLEDs/data/mp_profiles/images/ls_5649.jpg,cached,https://sansad.in/ls/members,2026-08-29T07:57:18.033216+00:00,mplads/mp_profiles/lok_sabha/5649_mohite_patil_dhairyasheel_rajsinh,https://res.cloudinary.com/dfgsefn5v/image/upload/v1788003189/mplads/mp_profiles/lok_sabha/5649_mohite_patil_dhairyasheel_rajsinh.jpg,60bfa13dd2713d7640ed9e81146300a1,uploaded,2026-08-29T11:33:09.421171+00:00
Lok Sabha,5776,Amra Ram,Communist Party of India (Marxist),CPI(M),Sikar,Rajasthan,https://sansad.in/getFile/dms/fetch/e6e4788d-2009-4c37-ba36-76bf099eb39b?source=dsp2,/Users/alokkumardalei/Desktop/MPLED/MPLEDs/data/mp_profiles/images/ls_5776.jpg,cached,https://sansad.in/ls/members,2026-08-29T07:57:18.033216+00:00,mplads/mp_profiles/lok_sabha/5776_amra_ram,https://res.cloudinary.com/dfgsefn5v/image/upload/v1788003189/mplads/mp_profiles/lok_sabha/5776_amra_ram.jpg,9beb72634597716e5b2c26c1b0d92fe5,uploaded,2026-08-29T11:33:09.762482+00:00
Lok Sabha,4731,Vishnu Dayal Ram,Bharatiya Janata Party,BJP,Palamu,Jharkhand,https://sansad.in/getFile/dms/fetch/1d85e577-a5ea-4727-9086-0ecff58f4452?source=dsp2,/Users/alokkumardalei/Desktop/MPLED/MPLEDs/data/mp_profiles/images/ls_4731.jpg,cached,https://sansad.in/ls/members,2026-08-29T07:57:18.033216+00:00,mplads/mp_profiles/lok_sabha/4731_vishnu_dayal_ram,https://res.cloudinary.com/dfgsefn5v/image/upload/v1788003189/mplads/mp_profiles/lok_sabha/4731_vishnu_dayal_ram.jpg,523e486ede575455052c120e3a6e62b2,uploaded,2026-08-29T11:33:09.819323+00:00
Lok Sabha,5544,C M Ramesh,Bharatiya Janata Party,BJP,Anakapalle,Andhra Pradesh,https://sansad.in/getFile/dms/fetch/47ff6e2e-1e8e-4cd2-852f-3f0fa673bca9?source=dsp2,/Users/alokkumardalei/Desktop/MPLED/MPLEDs/data/mp_profiles/images/ls_5544.jpg,cached,https://sansad.in/ls/members,2026-08-29T07:57:18.033216+00:00,mplads/mp_profiles/lok_sabha/5544_c_m_ramesh,https://res.cloudinary.com/dfgsefn5v/image/upload/v1788003189/mplads/mp_profiles/lok_sabha/5544_c_m_ramesh.jpg,a1eb9e0a43a94d844f1882565768c50e,uploaded,2026-08-29T11:33:09.935703+00:00
Lok Sabha,5652,Kangna Ranaut,Bharatiya Janata Party,BJP,Mandi,Himachal Pradesh,https://sansad.in/getFile/dms/fetch/13073bbe-017a-4d50-b2aa-426e7156968c?source=dsp2,/Users/alokkumardalei/Desktop/MPLED/MPLEDs/data/mp_profiles/images/ls_5652.jpg,cached,https://sansad.in/ls/members,2026-08-29T07:57:18.033216+00:00,mplads/mp_profiles/lok_sabha/5652_kangna_ranaut,https://res.cloudinary.com/dfgsefn5v/image/upload/v1788003189/mplads/mp_profiles/lok_sabha/5652_kangna_ranaut.jpg,c91ec7d9861c53bf93429b64979207ab,uploaded,2026-08-29T11:33:10.009861+00:00
Lok Sabha,5752,Sukhjinder Singh Randhawa,Indian National Congress,INC,Gurdaspur,Punjab,https://sansad.in/getFile/dms/fetch/8dfb88d3-1fab-464b-afc9-5578c8f5bc85?source=dsp2,/Users/alokkumardalei/Desktop/MPLED/MPLEDs/data/mp_profiles/images/ls_5752.jpg,cached,https://sansad.in/ls/members,2026-08-29T07:57:18.033216+00:00,mplads/mp_profiles/lok_sabha/5752_sukhjinder_singh_randhawa,https://res.cloudinary.com/dfgsefn5v/image/upload/v1788003190/mplads/mp_profiles/lok_sabha/5752_sukhjinder_singh_randhawa.jpg,1036324eb8d32cc52e045aa27c96b522,uploaded,2026-08-29T11:33:10.368084+00:00
Lok Sabha,5704,Narayan Tatu Rane,Bharatiya Janata Party,BJP,Ratnagiri-Sindhudurg,Maharashtra,https://sansad.in/getFile/dms/fetch/502f4800-3673-4b38-a307-c03d051e23f4?source=dsp2,/Users/alokkumardalei/Desktop/MPLED/MPLEDs/data/mp_profiles/images/ls_5704.jpg,cached,https://sansad.in/ls/members,2026-08-29T07:57:18.033216+00:00,mplads/mp_profiles/lok_sabha/5704_narayan_tatu_rane,https://res.cloudinary.com/dfgsefn5v/image/upload/v1788003190/mplads/mp_profiles/lok_sabha/5704_narayan_tatu_rane.jpg,b4479b842b678b068ea9b3254044dea3,uploaded,2026-08-29T11:33:10.593164+00:00
Lok Sabha,5679,Gumma Thanuja Rani,Yuvajana Sramika Rythu Congress Party,YSR Congress Party,Araku,Andhra Pradesh,https://sansad.in/getFile/dms/fetch/3728212d-6d2c-444d-80ea-da7e9c2a0df7?source=dsp2,/Users/alokkumardalei/Desktop/MPLED/MPLEDs/data/mp_profiles/images/ls_5679.jpg,cached,https://sansad.in/ls/members,2026-08-29T07:57:18.033216+00:00,mplads/mp_profiles/lok_sabha/5679_gumma_thanuja_rani,https://res.cloudinary.com/dfgsefn5v/image/upload/v1788003190/mplads/mp_profiles/lok_sabha/5679_gumma_thanuja_rani.jpg,d2a22ca60cdc687e11957e210ac7b576,uploaded,2026-08-29T11:33:10.560291+00:00
Lok Sabha,554,Rajesh Ranjan,Independent,Ind.,Purnia,Bihar,https://sansad.in/getFile/dms/fetch/459653df-b77f-4c7a-83a9-0b44140e0f49?source=dsp2,/Users/alokkumardalei/Desktop/MPLED/MPLEDs/data/mp_profiles/images/ls_554.jpg,cached,https://sansad.in/ls/members,2026-08-29T07:57:18.033216+00:00,mplads/mp_profiles/lok_sabha/554_rajesh_ranjan,https://res.cloudinary.com/dfgsefn5v/image/upload/v1788003190/mplads/mp_profiles/lok_sabha/554_rajesh_ranjan.jpg,163d3b92a76f65da27ed02dcd5a8ade6,uploaded,2026-08-29T11:33:10.587306+00:00
Lok Sabha,5670,Daggumalla Prasada Rao,Telugu Desam Party,TDP,Chittoor,Andhra Pradesh,https://sansad.in/getFile/dms/fetch/40d0f4f5-cac6-4d6b-aec6-0cb623ff8a02?source=dsp2,/Users/alokkumardalei/Desktop/MPLED/MPLEDs/data/mp_profiles/images/ls_5670.jpg,cached,https://sansad.in/ls/members,2026-08-29T07:57:18.033216+00:00,mplads/mp_profiles/lok_sabha/5670_daggumalla_prasada_rao,https://res.cloudinary.com/dfgsefn5v/image/upload/v1788003190/mplads/mp_profiles/lok_sabha/5670_daggumalla_prasada_rao.jpg,57cd69ab8bb835425ce8f18ab856a607,uploaded,2026-08-29T11:33:11.002341+00:00
Lok Sabha,5573,Madhavaneni Raghunandan Rao,Bharatiya Janata Party,BJP,Medak,Telangana,https://sansad.in/getFile/dms/fetch/bcefd427-d640-4037-b920-f471a3250b7f?source=dsp2,/Users/alokkumardalei/Desktop/MPLED/MPLEDs/data/mp_profiles/images/ls_5573.jpg,cached,https://sansad.in/ls/members,2026-08-29T07:57:18.033216+00:00,mplads/mp_profiles/lok_sabha/5573_madhavaneni_raghunandan_rao,https://res.cloudinary.com/dfgsefn5v/image/upload/v1788003190/mplads/mp_profiles/lok_sabha/5573_madhavaneni_raghunandan_rao.jpg,14b0d3e460d20e4497c6ee27be0026b2,uploaded,2026-08-29T11:33:11.199630+00:00
Lok Sabha,5678,Radheshyam Rathiya,Bharatiya Janata Party,BJP,Raigarh,Chhattisgarh,https://sansad.in/getFile/dms/fetch/acd52902-9828-4d7e-9f08-950e0f3bd762?source=dsp2,/Users/alokkumardalei/Desktop/MPLED/MPLEDs/data/mp_profiles/images/ls_5678.jpg,cached,https://sansad.in/ls/members,2026-08-29T07:57:18.033216+00:00,mplads/mp_profiles/lok_sabha/5678_radheshyam_rathiya,https://res.cloudinary.com/dfgsefn5v/image/upload/v1788003190/mplads/mp_profiles/lok_sabha/5678_radheshyam_rathiya.jpg,421491faa7d5900bdb9368db2bc8507b,uploaded,2026-08-29T11:33:11.339645+00:00
Lok Sabha,5743,Rakesh Rathor,Indian National Congress,INC,Sitapur,Uttar Pradesh,https://sansad.in/getFile/dms/fetch/ca1fe304-e07e-48ad-a9c3-d5e221cdd717?source=dsp2,/Users/alokkumardalei/Desktop/MPLED/MPLEDs/data/mp_profiles/images/ls_5743.jpg,cached,https://sansad.in/ls/members,2026-08-29T07:57:18.033216+00:00,mplads/mp_profiles/lok_sabha/5743_rakesh_rathor,https://res.cloudinary.com/dfgsefn5v/image/upload/v1788003190/mplads/mp_profiles/lok_sabha/5743_rakesh_rathor.jpg,c1205886531e41f56f66e4d6833edec1,uploaded,2026-08-29T11:33:11.206739+00:00
Lok Sabha,5572,Jashubhai Bhilubhai Rathva,Bharatiya Janata Party,BJP,Chhota Udaipur,Gujarat,https://sansad.in/getFile/dms/fetch/1a82e0d5-e705-4047-99e5-3d333abe3255?source=dsp2,/Users/alokkumardalei/Desktop/MPLED/MPLEDs/data/mp_profiles/images/ls_5572.jpg,cached,https://sansad.in/ls/members,2026-08-29T07:57:18.033216+00:00,mplads/mp_profiles/lok_sabha/5572_jashubhai_bhilubhai_rathva,https://res.cloudinary.com/dfgsefn5v/image/upload/v1788003191/mplads/mp_profiles/lok_sabha/5572_jashubhai_bhilubhai_rathva.jpg,541508f1c29c02a47850928ca2a2e063,uploaded,2026-08-29T11:33:11.506477+00:00
Lok Sabha,3534,Mallu Ravi,Indian National Congress,INC,Nagarkurnool,Telangana,https://sansad.in/getFile/dms/fetch/2e1e7015-2d61-492b-aff9-c88802bd6a83?source=dsp2,/Users/alokkumardalei/Desktop/MPLED/MPLEDs/data/mp_profiles/images/ls_3534.jpg,cached,https://sansad.in/ls/members,2026-08-29T07:57:18.033216+00:00,mplads/mp_profiles/lok_sabha/3534_mallu_ravi,https://res.cloudinary.com/dfgsefn5v/image/upload/v1788003191/mplads/mp_profiles/lok_sabha/3534_mallu_ravi.jpg,55cb8eb9545cc75c8d59029f98642371,uploaded,2026-08-29T11:33:11.812682+00:00
Lok Sabha,5622,Manna Lal Rawat,Bharatiya Janata Party,BJP,Udaipur,Rajasthan,https://sansad.in/getFile/dms/fetch/9f8e8391-7e13-4129-97e7-75dd1c89417a?source=dsp2,/Users/alokkumardalei/Desktop/MPLED/MPLEDs/data/mp_profiles/images/ls_5622.jpg,cached,https://sansad.in/ls/members,2026-08-29T07:57:18.033216+00:00,mplads/mp_profiles/lok_sabha/5622_manna_lal_rawat,https://res.cloudinary.com/dfgsefn5v/image/upload/v1788003191/mplads/mp_profiles/lok_sabha/5622_manna_lal_rawat.jpg,28c38e52c89dc4d6e8e4faa74413348f,uploaded,2026-08-29T11:33:11.809629+00:00
Lok Sabha,4096,Ashok Kumar Rawat,Bharatiya Janata Party,BJP,Misrikh,Uttar Pradesh,https://sansad.in/getFile/dms/fetch/1eac82a1-e78c-4e01-a1ca-582f94fe0e8b?source=dsp2,/Users/alokkumardalei/Desktop/MPLED/MPLEDs/data/mp_profiles/images/ls_4096.jpg,cached,https://sansad.in/ls/members,2026-08-29T07:57:18.033216+00:00,mplads/mp_profiles/lok_sabha/4096_ashok_kumar_rawat,https://res.cloudinary.com/dfgsefn5v/image/upload/v1788003191/mplads/mp_profiles/lok_sabha/4096_ashok_kumar_rawat.jpg,d7d8f5ce41d470719f93663e18f6dc99,uploaded,2026-08-29T11:33:11.988181+00:00
Lok Sabha,5556,Trivendra Singh Rawat,Bharatiya Janata Party,BJP,Hardwar,Uttarakhand,https://sansad.in/getFile/dms/fetch/71c9210e-ea03-4b21-8275-96ab14b74f61?source=dsp2,/Users/alokkumardalei/Desktop/MPLED/MPLEDs/data/mp_profiles/images/ls_5556.jpg,cached,https://sansad.in/ls/members,2026-08-29T07:57:18.033216+00:00,mplads/mp_profiles/lok_sabha/5556_trivendra_singh_rawat,https://res.cloudinary.com/dfgsefn5v/image/upload/v1788003191/mplads/mp_profiles/lok_sabha/5556_trivendra_singh_rawat.jpg,9cee20d3f8d62bd1015af5b8190f1641,uploaded,2026-08-29T11:33:12.092553+00:00
Lok Sabha,2554,Sougata Ray,All India Trinamool Congress,AITC,Dum Dum,West Bengal,https://sansad.in/getFile/dms/fetch/d1c5766e-c02e-4a02-b5ad-b30a673140d1?source=dsp2,/Users/alokkumardalei/Desktop/MPLED/MPLEDs/data/mp_profiles/images/ls_2554.jpg,cached,https://sansad.in/ls/members,2026-08-29T07:57:18.033216+00:00,mplads/mp_profiles/lok_sabha/2554_sougata_ray,https://res.cloudinary.com/dfgsefn5v/image/upload/v1788003192/mplads/mp_profiles/lok_sabha/2554_sougata_ray.jpg,705d0365be846a16308d99e77a722df6,uploaded,2026-08-29T11:33:12.354570+00:00
Lok Sabha,371,Bishnu Pada Ray,Bharatiya Janata Party,BJP,Andaman and Nicobar Islands,Andaman and Nicobar Islands,https://sansad.in/getFile/dms/fetch/5ad396bc-72b5-44e6-bde3-e87d0f004917?source=dsp2,/Users/alokkumardalei/Desktop/MPLED/MPLEDs/data/mp_profiles/images/ls_371.jpg,cached,https://sansad.in/ls/members,2026-08-29T07:57:18.033216+00:00,mplads/mp_profiles/lok_sabha/371_bishnu_pada_ray,https://res.cloudinary.com/dfgsefn5v/image/upload/v1788003192/mplads/mp_profiles/lok_sabha/371_bishnu_pada_ray.jpg,2c0034016d5cf0b9169ef26c877d0a54,uploaded,2026-08-29T11:33:12.368829+00:00
Lok Sabha,5058,Sandhya Ray,Bharatiya Janata Party,BJP,Bhind,Madhya Pradesh,https://sansad.in/getFile/dms/fetch/3da89844-1fe5-46c5-883c-3184e38b6f51?source=dsp2,/Users/alokkumardalei/Desktop/MPLED/MPLEDs/data/mp_profiles/images/ls_5058.jpg,cached,https://sansad.in/ls/members,2026-08-29T07:57:18.033216+00:00,mplads/mp_profiles/lok_sabha/5058_sandhya_ray,https://res.cloudinary.com/dfgsefn5v/image/upload/v1788003192/mplads/mp_profiles/lok_sabha/5058_sandhya_ray.jpg,86a65733573efa92d1f07f95f81c2b85,uploaded,2026-08-29T11:33:12.528024+00:00
Lok Sabha,5755,Chamala Kiran Kumar Reddy,Indian National Congress,INC,Bhongir,Telangana,https://sansad.in/getFile/dms/fetch/93b110fa-f258-4334-81de-151af7830b35?source=dsp2,/Users/alokkumardalei/Desktop/MPLED/MPLEDs/data/mp_profiles/images/ls_5755.jpg,cached,https://sansad.in/ls/members,2026-08-29T07:57:18.033216+00:00,mplads/mp_profiles/lok_sabha/5755_chamala_kiran_kumar_reddy,https://res.cloudinary.com/dfgsefn5v/image/upload/v1788003192/mplads/mp_profiles/lok_sabha/5755_chamala_kiran_kumar_reddy.jpg,41f509b631ee865d3a8ceaa7fb942595,uploaded,2026-08-29T11:33:12.644828+00:00
Lok Sabha,5084,G Kishan Reddy,Bharatiya Janata Party,BJP,Secunderabad,Telangana,https://sansad.in/getFile/dms/fetch/70c82c8d-e92c-43f4-94c1-73992d202341?source=dsp2,/Users/alokkumardalei/Desktop/MPLED/MPLEDs/data/mp_profiles/images/ls_5084.jpg,cached,https://sansad.in/ls/members,2026-08-29T07:57:18.033216+00:00,mplads/mp_profiles/lok_sabha/5084_g_kishan_reddy,https://res.cloudinary.com/dfgsefn5v/image/upload/v1788003192/mplads/mp_profiles/lok_sabha/5084_g_kishan_reddy.jpg,dcee00717462c37dddb975a4dea5b25a,uploaded,2026-08-29T11:33:12.905530+00:00
Lok Sabha,4800,Konda Vishweshwar Reddy,Bharatiya Janata Party,BJP,Chevella,Telangana,https://sansad.in/getFile/dms/fetch/00924fcd-a362-4532-86d0-2c6ffa17fe35?source=dsp2,/Users/alokkumardalei/Desktop/MPLED/MPLEDs/data/mp_profiles/images/ls_4800.jpg,cached,https://sansad.in/ls/members,2026-08-29T07:57:18.033216+00:00,mplads/mp_profiles/lok_sabha/4800_konda_vishweshwar_reddy,https://res.cloudinary.com/dfgsefn5v/image/upload/v1788003192/mplads/mp_profiles/lok_sabha/4800_konda_vishweshwar_reddy.jpg,c474e911e77db5191ea994fec5c3540a,uploaded,2026-08-29T11:33:12.952886+00:00
Lok Sabha,3907,Magunta Sreenivasulu Reddy,Telugu Desam Party,TDP,Ongole,Andhra Pradesh,https://sansad.in/getFile/dms/fetch/a4876bbb-fc25-40dc-b868-80e2bc458dd0?source=dsp2,/Users/alokkumardalei/Desktop/MPLED/MPLEDs/data/mp_profiles/images/ls_3907.jpg,cached,https://sansad.in/ls/members,2026-08-29T07:57:18.033216+00:00,mplads/mp_profiles/lok_sabha/3907_magunta_sreenivasulu_reddy,https://res.cloudinary.com/dfgsefn5v/image/upload/v1788003192/mplads/mp_profiles/lok_sabha/3907_magunta_sreenivasulu_reddy.jpg,ee7251f2336605132dc5a4a3f49b94c5,uploaded,2026-08-29T11:33:13.142969+00:00
Lok Sabha,4688,P V Midhun Reddy,Yuvajana Sramika Rythu Congress Party,YSR Congress Party,Rajampet,Andhra Pradesh,https://sansad.in/getFile/dms/fetch/0d76e045-d93e-4e0f-83b9-715bdfa63fef?source=dsp2,/Users/alokkumardalei/Desktop/MPLED/MPLEDs/data/mp_profiles/images/ls_4688.jpg,cached,https://sansad.in/ls/members,2026-08-29T07:57:18.033216+00:00,mplads/mp_profiles/lok_sabha/4688_p_v_midhun_reddy,https://res.cloudinary.com/dfgsefn5v/image/upload/v1788003192/mplads/mp_profiles/lok_sabha/4688_p_v_midhun_reddy.jpg,6a1d48c146df4dab8fee2568055a2464,uploaded,2026-08-29T11:33:13.267799+00:00
Lok Sabha,5716,Ramasahayam Raghuram Reddy,Indian National Congress,INC,Khammam,Telangana,https://sansad.in/getFile/dms/fetch/56689fe1-109e-43d1-a2ab-4e2a2bcd6ec0?source=dsp2,/Users/alokkumardalei/Desktop/MPLED/MPLEDs/data/mp_profiles/images/ls_5716.jpg,cached,https://sansad.in/ls/members,2026-08-29T07:57:18.033216+00:00,mplads/mp_profiles/lok_sabha/5716_ramasahayam_raghuram_reddy,https://res.cloudinary.com/dfgsefn5v/image/upload/v1788003193/mplads/mp_profiles/lok_sabha/5716_ramasahayam_raghuram_reddy.jpg,724999180144676bd90cbfe488b8cf3e,uploaded,2026-08-29T11:33:13.499013+00:00
Lok Sabha,4816,Y S Avinash Reddy,Yuvajana Sramika Rythu Congress Party,YSR Congress Party,Kadapa,Andhra Pradesh,https://sansad.in/getFile/dms/fetch/4d13c7ee-81d3-4f2b-9158-c26415d6d8e7?source=dsp2,/Users/alokkumardalei/Desktop/MPLED/MPLEDs/data/mp_profiles/images/ls_4816.jpg,cached,https://sansad.in/ls/members,2026-08-29T07:57:18.033216+00:00,mplads/mp_profiles/lok_sabha/4816_y_s_avinash_reddy,https://res.cloudinary.com/dfgsefn5v/image/upload/v1788003193/mplads/mp_profiles/lok_sabha/4816_y_s_avinash_reddy.jpg,7be7cdd33b3b78f2758afcbda7e6dffb,uploaded,2026-08-29T11:33:13.514257+00:00
Lok Sabha,5822,Zia Ur Rehman,Samajwadi Party,SP,Sambhal,Uttar Pradesh,https://sansad.in/getFile/dms/fetch/f59fa470-2c7b-4177-a9f6-9254da18dcc6?source=dsp2,/Users/alokkumardalei/Desktop/MPLED/MPLEDs/data/mp_profiles/images/ls_5822.jpg,cached,https://sansad.in/ls/members,2026-08-29T07:57:18.033216+00:00,mplads/mp_profiles/lok_sabha/5822_zia_ur_rehman,https://res.cloudinary.com/dfgsefn5v/image/upload/v1788003193/mplads/mp_profiles/lok_sabha/5822_zia_ur_rehman.jpg,cd927577281ad1765c8c8b8542cfff5a,uploaded,2026-08-29T11:33:13.748303+00:00
Lok Sabha,3972,Kiren Rijiju,Bharatiya Janata Party,BJP,Arunachal West,Arunachal Pradesh,https://sansad.in/getFile/dms/fetch/ceb658cd-34be-4117-908b-7d1acd9849f6?source=dsp2,/Users/alokkumardalei/Desktop/MPLED/MPLEDs/data/mp_profiles/images/ls_3972.jpg,cached,https://sansad.in/ls/members,2026-08-29T07:57:18.033216+00:00,mplads/mp_profiles/lok_sabha/3972_kiren_rijiju,https://res.cloudinary.com/dfgsefn5v/image/upload/v1788003193/mplads/mp_profiles/lok_sabha/3972_kiren_rijiju.jpg,7835d14377cd71e24304623d4528f9ea,uploaded,2026-08-29T11:33:13.832693+00:00
Lok Sabha,5764,Rajkumar Roat,Bharat Adivasi Party,BAP,Banswara,Rajasthan,https://sansad.in/getFile/dms/fetch/04896676-bbea-4643-9b73-4080342e1847?source=dsp2,/Users/alokkumardalei/Desktop/MPLED/MPLEDs/data/mp_profiles/images/ls_5764.jpg,cached,https://sansad.in/ls/members,2026-08-29T07:57:18.033216+00:00,mplads/mp_profiles/lok_sabha/5764_rajkumar_roat,https://res.cloudinary.com/dfgsefn5v/image/upload/v1788003193/mplads/mp_profiles/lok_sabha/5764_rajkumar_roat.jpg,348dce388fc730e7bd40754549b4e725,uploaded,2026-08-29T11:33:14.032194+00:00
Lok Sabha,5045,Jayanta Kumar Roy,Bharatiya Janata Party,BJP,Jalpaiguri,West Bengal,https://sansad.in/getFile/dms/fetch/be6c8702-cea5-4845-a857-53b9e5351b7b?source=dsp2,/Users/alokkumardalei/Desktop/MPLED/MPLEDs/data/mp_profiles/images/ls_5045.jpg,cached,https://sansad.in/ls/members,2026-08-29T07:57:18.033216+00:00,mplads/mp_profiles/lok_sabha/5045_jayanta_kumar_roy,https://res.cloudinary.com/dfgsefn5v/image/upload/v1788003193/mplads/mp_profiles/lok_sabha/5045_jayanta_kumar_roy.jpg,d0260867f0d635db8027e450920127f4,uploaded,2026-08-29T11:33:14.152312+00:00
Lok Sabha,5048,Mala Roy,All India Trinamool Congress,AITC,Kolkata Dakshin,West Bengal,https://sansad.in/getFile/dms/fetch/6a789f0a-de03-4bf0-8afa-ec783e09b5a7?source=dsp2,/Users/alokkumardalei/Desktop/MPLED/MPLEDs/data/mp_profiles/images/ls_5048.jpg,cached,https://sansad.in/ls/members,2026-08-29T07:57:18.033216+00:00,mplads/mp_profiles/lok_sabha/5048_mala_roy,https://res.cloudinary.com/dfgsefn5v/image/upload/v1788003193/mplads/mp_profiles/lok_sabha/5048_mala_roy.jpg,9d0a9d82a5d7f874a51dfbae9ce58f2c,uploaded,2026-08-29T11:33:14.496695+00:00
Lok Sabha,4506,Satabdi Roy,All India Trinamool Congress,AITC,Birbhum,West Bengal,https://sansad.in/getFile/dms/fetch/d68407a0-f9a9-48b4-adc2-fe3c8dc2d317?source=dsp2,/Users/alokkumardalei/Desktop/MPLED/MPLEDs/data/mp_profiles/images/ls_4506.jpg,cached,https://sansad.in/ls/members,2026-08-29T07:57:18.033216+00:00,mplads/mp_profiles/lok_sabha/4506_satabdi_roy,https://res.cloudinary.com/dfgsefn5v/image/upload/v1788003194/mplads/mp_profiles/lok_sabha/4506_satabdi_roy.jpg,67fcb4de64db31d65ab3ec2000792148,uploaded,2026-08-29T11:33:14.341310+00:00
Lok Sabha,385,Rajiv Pratap Rudy,Bharatiya Janata Party,BJP,Saran,Bihar,https://sansad.in/getFile/dms/fetch/72740738-d36f-4520-b1b4-76297adaa8c6?source=dsp2,/Users/alokkumardalei/Desktop/MPLED/MPLEDs/data/mp_profiles/images/ls_385.jpg,cached,https://sansad.in/ls/members,2026-08-29T07:57:18.033216+00:00,mplads/mp_profiles/lok_sabha/385_rajiv_pratap_rudy,https://res.cloudinary.com/dfgsefn5v/image/upload/v1788003194/mplads/mp_profiles/lok_sabha/385_rajiv_pratap_rudy.jpg,2f3f1333cd0d6658d9a91238dc321242,uploaded,2026-08-29T11:33:14.613579+00:00
Lok Sabha,5598,Parshottambhai Rupala,Bharatiya Janata Party,BJP,Rajkot,Gujarat,https://sansad.in/getFile/dms/fetch/2da2487a-e9f5-4969-b6fe-0f44f5d637eb?source=dsp2,/Users/alokkumardalei/Desktop/MPLED/MPLEDs/data/mp_profiles/images/ls_5598.jpg,cached,https://sansad.in/ls/members,2026-08-29T07:57:18.033216+00:00,mplads/mp_profiles/lok_sabha/5598_parshottambhai_rupala,https://res.cloudinary.com/dfgsefn5v/image/upload/v1788003194/mplads/mp_profiles/lok_sabha/5598_parshottambhai_rupala.jpg,0813feb29e88b4214df1d5600df466e3,uploaded,2026-08-29T11:33:14.761976+00:00
Lok Sabha,5542,Matheswaran V S,Dravida Munnetra Kazhagam,DMK,Namakkal,Tamil Nadu,https://sansad.in/getFile/dms/fetch/bf53346a-d29e-43d5-a974-75bec9f62632?source=dsp2,/Users/alokkumardalei/Desktop/MPLED/MPLEDs/data/mp_profiles/images/ls_5542.jpg,cached,https://sansad.in/ls/members,2026-08-29T07:57:18.033216+00:00,mplads/mp_profiles/lok_sabha/5542_matheswaran_v_s,https://res.cloudinary.com/dfgsefn5v/image/upload/v1788003194/mplads/mp_profiles/lok_sabha/5542_matheswaran_v_s.jpg,9d6ed7b5f3536b190eedbd52ad5d23b2,uploaded,2026-08-29T11:33:14.922633+00:00
Lok Sabha,5798,Murasoli S,Dravida Munnetra Kazhagam,DMK,Thanjavur,Tamil Nadu,https://sansad.in/getFile/dms/fetch/ba1cf6cf-c929-4906-a80c-23fa2d88845e?source=dsp2,/Users/alokkumardalei/Desktop/MPLED/MPLEDs/data/mp_profiles/images/ls_5798.jpg,cached,https://sansad.in/ls/members,2026-08-29T07:57:18.033216+00:00,mplads/mp_profiles/lok_sabha/5798_murasoli_s,https://res.cloudinary.com/dfgsefn5v/image/upload/v1788003194/mplads/mp_profiles/lok_sabha/5798_murasoli_s.jpg,5bd4384013a40703d7895e2d9fdd4479,uploaded,2026-08-29T11:33:15.151126+00:00
Lok Sabha,5163,Arun Kumar Sagar,Bharatiya Janata Party,BJP,Shahjahanpur,Uttar Pradesh,https://sansad.in/getFile/dms/fetch/3c131112-2f8c-4b4a-941e-589f3d0c7d16?source=dsp2,/Users/alokkumardalei/Desktop/MPLED/MPLEDs/data/mp_profiles/images/ls_5163.jpg,cached,https://sansad.in/ls/members,2026-08-29T07:57:18.033216+00:00,mplads/mp_profiles/lok_sabha/5163_arun_kumar_sagar,https://res.cloudinary.com/dfgsefn5v/image/upload/v1788003194/mplads/mp_profiles/lok_sabha/5163_arun_kumar_sagar.jpg,26ad9db4d283ad65d1b60a8fe6514f76,uploaded,2026-08-29T11:33:15.234325+00:00
Lok Sabha,5666,Bunty Vivek Sahu,Bharatiya Janata Party,BJP,Chhindwara,Madhya Pradesh,https://sansad.in/getFile/dms/fetch/d1526bdd-27ce-4439-8bad-9d6879a3beb2?source=dsp2,/Users/alokkumardalei/Desktop/MPLED/MPLEDs/data/mp_profiles/images/ls_5666.jpg,cached,https://sansad.in/ls/members,2026-08-29T07:57:18.033216+00:00,mplads/mp_profiles/lok_sabha/5666_bunty_vivek_sahu,https://res.cloudinary.com/dfgsefn5v/image/upload/v1788003195/mplads/mp_profiles/lok_sabha/5666_bunty_vivek_sahu.jpg,418707d7f946d34038cf37f20dd1bea5,uploaded,2026-08-29T11:33:15.384136+00:00
Lok Sabha,5700,Tokhan Sahu,Bharatiya Janata Party,BJP,Bilaspur,Chhattisgarh,https://sansad.in/getFile/dms/fetch/f4b3352b-3629-4a36-b2c5-57bbc39faabe?source=dsp2,/Users/alokkumardalei/Desktop/MPLED/MPLEDs/data/mp_profiles/images/ls_5700.jpg,cached,https://sansad.in/ls/members,2026-08-29T07:57:18.033216+00:00,mplads/mp_profiles/lok_sabha/5700_tokhan_sahu,https://res.cloudinary.com/dfgsefn5v/image/upload/v1788003195/mplads/mp_profiles/lok_sabha/5700_tokhan_sahu.jpg,a58d91d0b6d81298c85c5aa1b3dc3ed1,uploaded,2026-08-29T11:33:15.442488+00:00
Lok Sabha,5107,Dilip Saikia,Bharatiya Janata Party,BJP,Darrang Udalguri,Assam,https://sansad.in/getFile/dms/fetch/0afbbf0d-c9ce-4eed-9653-8fc1abff16ac?source=dsp2,/Users/alokkumardalei/Desktop/MPLED/MPLEDs/data/mp_profiles/images/ls_5107.jpg,cached,https://sansad.in/ls/members,2026-08-29T07:57:18.033216+00:00,mplads/mp_profiles/lok_sabha/5107_dilip_saikia,https://res.cloudinary.com/dfgsefn5v/image/upload/v1788003195/mplads/mp_profiles/lok_sabha/5107_dilip_saikia.jpg,26f9d31b0a7dbfa6e69dd3260f62dcfd,uploaded,2026-08-29T11:33:16.154348+00:00
Lok Sabha,3586,Swami Sachidanand Hari Sakshi,Bharatiya Janata Party,BJP,Unnao,Uttar Pradesh,https://sansad.in/getFile/dms/fetch/c02a68b3-1f20-4b1c-aa68-d0450bf3d8a8?source=dsp2,/Users/alokkumardalei/Desktop/MPLED/MPLEDs/data/mp_profiles/images/ls_3586.jpg,cached,https://sansad.in/ls/members,2026-08-29T07:57:18.033216+00:00,mplads/mp_profiles/lok_sabha/3586_swami_sachidanand_hari_sakshi,https://res.cloudinary.com/dfgsefn5v/image/upload/v1788003195/mplads/mp_profiles/lok_sabha/3586_swami_sachidanand_hari_sakshi.jpg,3319de850999cfa0c48c97555714582d,uploaded,2026-08-29T11:33:15.874853+00:00
Lok Sabha,5532,M P Abdussamad Samadani,Indian Union Muslim League,IUML,Ponnani,Kerala,https://sansad.in/getFile/dms/fetch/2f8d452f-ab2d-4d1d-8a7b-0bb3d8e63024?source=dsp2,/Users/alokkumardalei/Desktop/MPLED/MPLEDs/data/mp_profiles/images/ls_5532.jpg,cached,https://sansad.in/ls/members,2026-08-29T07:57:18.033216+00:00,mplads/mp_profiles/lok_sabha/5532_m_p_abdussamad_samadani,https://res.cloudinary.com/dfgsefn5v/image/upload/v1788003195/mplads/mp_profiles/lok_sabha/5532_m_p_abdussamad_samadani.jpg,b6b24802c4b72ede72b95ebef8a3d379,uploaded,2026-08-29T11:33:15.962813+00:00
Lok Sabha,5553,Saleng A Sangma,Indian National Congress,INC,Tura,Meghalaya,https://sansad.in/getFile/dms/fetch/6658bef5-b83b-4bce-8c9d-12fdeb02f04f?source=dsp2,/Users/alokkumardalei/Desktop/MPLED/MPLEDs/data/mp_profiles/images/ls_5553.jpg,cached,https://sansad.in/ls/members,2026-08-29T07:57:18.033216+00:00,mplads/mp_profiles/lok_sabha/5553_saleng_a_sangma,https://res.cloudinary.com/dfgsefn5v/image/upload/v1788003195/mplads/mp_profiles/lok_sabha/5553_saleng_a_sangma.jpg,bd4cfaa2469696c702f1873a78806c71,uploaded,2026-08-29T11:33:15.958465+00:00
Lok Sabha,5550,Rajkumar Sangwan,Rashtriya Lok Dal,RLD,Baghpat,Uttar Pradesh,https://sansad.in/getFile/dms/fetch/f019c1c6-e171-4a23-9528-15bbb2b0b0b3?source=dsp2,/Users/alokkumardalei/Desktop/MPLED/MPLEDs/data/mp_profiles/images/ls_5550.jpg,cached,https://sansad.in/ls/members,2026-08-29T07:57:18.033216+00:00,mplads/mp_profiles/lok_sabha/5550_rajkumar_sangwan,https://res.cloudinary.com/dfgsefn5v/image/upload/v1788003196/mplads/mp_profiles/lok_sabha/5550_rajkumar_sangwan.jpg,f2ff49228d1a1b1f6f88829e37978455,uploaded,2026-08-29T11:33:16.439524+00:00
Lok Sabha,4985,Pratap Chandra Sarangi,Bharatiya Janata Party,BJP,Balasore,Odisha,https://sansad.in/getFile/dms/fetch/8db2b095-6622-4456-9ce0-96b6640c5ac9?source=dsp2,/Users/alokkumardalei/Desktop/MPLED/MPLEDs/data/mp_profiles/images/ls_4985.jpg,cached,https://sansad.in/ls/members,2026-08-29T07:57:18.033216+00:00,mplads/mp_profiles/lok_sabha/4985_pratap_chandra_sarangi,https://res.cloudinary.com/dfgsefn5v/image/upload/v1788003196/mplads/mp_profiles/lok_sabha/4985_pratap_chandra_sarangi.jpg,3fc9633a98834d41ab74048545cf2d2b,uploaded,2026-08-29T11:33:16.564441+00:00
Lok Sabha,4988,Aparajita Sarangi,Bharatiya Janata Party,BJP,Bhubaneswar,Odisha,https://sansad.in/getFile/dms/fetch/f4044958-6ee2-4d66-91fc-6b96b24cdd4e?source=dsp2,/Users/alokkumardalei/Desktop/MPLED/MPLEDs/data/mp_profiles/images/ls_4988.jpg,cached,https://sansad.in/ls/members,2026-08-29T07:57:18.033216+00:00,mplads/mp_profiles/lok_sabha/4988_aparajita_sarangi,https://res.cloudinary.com/dfgsefn5v/image/upload/v1788003197/mplads/mp_profiles/lok_sabha/4988_aparajita_sarangi.jpg,6ea470934f1eacb1cb6b88d759048e68,uploaded,2026-08-29T11:33:17.571546+00:00
Lok Sabha,5768,Sharmila Sarkar,All India Trinamool Congress,AITC,Bardhaman Purba,West Bengal,https://sansad.in/getFile/dms/fetch/938a1ee6-1ab4-4dd7-a7ff-be7bfafa073f?source=dsp2,/Users/alokkumardalei/Desktop/MPLED/MPLEDs/data/mp_profiles/images/ls_5768.jpg,cached,https://sansad.in/ls/members,2026-08-29T07:57:18.033216+00:00,mplads/mp_profiles/lok_sabha/5768_sharmila_sarkar,https://res.cloudinary.com/dfgsefn5v/image/upload/v1788003196/mplads/mp_profiles/lok_sabha/5768_sharmila_sarkar.jpg,4e0e7370f2b88a9d8aee2f51deb167c6,uploaded,2026-08-29T11:33:16.745562+00:00
Lok Sabha,5055,Jagannath Sarkar,Bharatiya Janata Party,BJP,Ranaghat,West Bengal,https://sansad.in/getFile/dms/fetch/96b32bc2-2a41-4187-8137-84a6161e3f12?source=dsp2,/Users/alokkumardalei/Desktop/MPLED/MPLEDs/data/mp_profiles/images/ls_5055.jpg,cached,https://sansad.in/ls/members,2026-08-29T07:57:18.033216+00:00,mplads/mp_profiles/lok_sabha/5055_jagannath_sarkar,https://res.cloudinary.com/dfgsefn5v/image/upload/v1788003196/mplads/mp_profiles/lok_sabha/5055_jagannath_sarkar.jpg,e0af331e9d3eecb8f7597760c4f48067,uploaded,2026-08-29T11:33:17.063250+00:00
Lok Sabha,5775,Priya Saroj,Samajwadi Party,SP,Machhlishahr,Uttar Pradesh,https://sansad.in/getFile/dms/fetch/70e36ffb-313d-49df-a2bd-71d468bf0bc2?source=dsp2,/Users/alokkumardalei/Desktop/MPLED/MPLEDs/data/mp_profiles/images/ls_5775.jpg,cached,https://sansad.in/ls/members,2026-08-29T07:57:18.033216+00:00,mplads/mp_profiles/lok_sabha/5775_priya_saroj,https://res.cloudinary.com/dfgsefn5v/image/upload/v1788003196/mplads/mp_profiles/lok_sabha/5775_priya_saroj.jpg,f882d1e80a3b811a9cdc25420becde01,uploaded,2026-08-29T11:33:17.122307+00:00
Lok Sabha,3916,Daroga Prasad Saroj,Samajwadi Party,SP,Lalganj,Uttar Pradesh,https://sansad.in/getFile/dms/fetch/bafa7b75-c0ba-48b9-b334-3550b34a8f77?source=dsp2,/Users/alokkumardalei/Desktop/MPLED/MPLEDs/data/mp_profiles/images/ls_3916.jpg,cached,https://sansad.in/ls/members,2026-08-29T07:57:18.033216+00:00,mplads/mp_profiles/lok_sabha/3916_daroga_prasad_saroj,https://res.cloudinary.com/dfgsefn5v/image/upload/v1788003196/mplads/mp_profiles/lok_sabha/3916_daroga_prasad_saroj.jpg,ad72a8f7030147219cf7cd2f31815b8e,uploaded,2026-08-29T11:33:17.330938+00:00
Lok Sabha,5804,Pushpendra Saroj,Samajwadi Party,SP,Kaushambi,Uttar Pradesh,https://sansad.in/getFile/dms/fetch/1b128ad8-4178-4b78-bce2-a919295e87cd?source=dsp2,/Users/alokkumardalei/Desktop/MPLED/MPLEDs/data/mp_profiles/images/ls_5804.jpg,cached,https://sansad.in/ls/members,2026-08-29T07:57:18.033216+00:00,mplads/mp_profiles/lok_sabha/5804_pushpendra_saroj,https://res.cloudinary.com/dfgsefn5v/image/upload/v1788003197/mplads/mp_profiles/lok_sabha/5804_pushpendra_saroj.jpg,3cc6adb4dae612791099724cc4ede757,uploaded,2026-08-29T11:33:17.654112+00:00
Lok Sabha,5669,Hemant Vishnu Savara,Bharatiya Janata Party,BJP,Palghar,Maharashtra,https://sansad.in/getFile/dms/fetch/4d97d4bd-9964-460a-941a-c1e92b8f25f0?source=dsp2,/Users/alokkumardalei/Desktop/MPLED/MPLEDs/data/mp_profiles/images/ls_5669.jpg,cached,https://sansad.in/ls/members,2026-08-29T07:57:18.033216+00:00,mplads/mp_profiles/lok_sabha/5669_hemant_vishnu_savara,https://res.cloudinary.com/dfgsefn5v/image/upload/v1788003197/mplads/mp_profiles/lok_sabha/5669_hemant_vishnu_savara.jpg,c3cb9263ad27e42db7b1be81eb1268bc,uploaded,2026-08-29T11:33:17.677072+00:00
Lok Sabha,4713,Arvind Ganpat Sawant,Shiv Sena (Uddhav Balasaheb Thackrey),SHSUBT,Mumbai South,Maharashtra,https://sansad.in/getFile/dms/fetch/bddeb022-5643-47e0-aa2c-57bdcda06e2c?source=dsp2,/Users/alokkumardalei/Desktop/MPLED/MPLEDs/data/mp_profiles/images/ls_4713.jpg,cached,https://sansad.in/ls/members,2026-08-29T07:57:18.033216+00:00,mplads/mp_profiles/lok_sabha/4713_arvind_ganpat_sawant,https://res.cloudinary.com/dfgsefn5v/image/upload/v1788003197/mplads/mp_profiles/lok_sabha/4713_arvind_ganpat_sawant.jpg,c734ff59d1b4b1318888a6553043d123,uploaded,2026-08-29T11:33:17.912795+00:00
Lok Sabha,4349,Muhammed Hamdullah Sayeed,Indian National Congress,INC,Lakshadweep,Lakshadweep,https://sansad.in/getFile/dms/fetch/955035ac-07e4-4767-9392-60c9dfdd3b45?source=dsp2,/Users/alokkumardalei/Desktop/MPLED/MPLEDs/data/mp_profiles/images/ls_4349.jpg,cached,https://sansad.in/ls/members,2026-08-29T07:57:18.033216+00:00,mplads/mp_profiles/lok_sabha/4349_muhammed_hamdullah_sayeed,https://res.cloudinary.com/dfgsefn5v/image/upload/v1788003197/mplads/mp_profiles/lok_sabha/4349_muhammed_hamdullah_sayeed.jpg,f0b6dec921f071b9197d33a0f3068063,uploaded,2026-08-29T11:33:18.107430+00:00
Lok Sabha,3958,Jyotiraditya M Scindia,Bharatiya Janata Party,BJP,Guna,Madhya Pradesh,https://sansad.in/getFile/dms/fetch/459ffd5f-def4-4dc9-84c6-b567d043e2de?source=dsp2,/Users/alokkumardalei/Desktop/MPLED/MPLEDs/data/mp_profiles/images/ls_3958.jpg,cached,https://sansad.in/ls/members,2026-08-29T07:57:18.033216+00:00,mplads/mp_profiles/lok_sabha/3958_jyotiraditya_m_scindia,https://res.cloudinary.com/dfgsefn5v/image/upload/v1788003197/mplads/mp_profiles/lok_sabha/3958_jyotiraditya_m_scindia.jpg,744f3769b150f52c3066eb16ee030365,uploaded,2026-08-29T11:33:18.294037+00:00
Lok Sabha,5565,Kamaljeet Sehrawat,Bharatiya Janata Party,BJP,West Delhi,NCT of Delhi,https://sansad.in/getFile/dms/fetch/84037746-773e-46f5-a28a-821725a513fd?source=dsp2,/Users/alokkumardalei/Desktop/MPLED/MPLEDs/data/mp_profiles/images/ls_5565.jpg,cached,https://sansad.in/ls/members,2026-08-29T07:57:18.033216+00:00,mplads/mp_profiles/lok_sabha/5565_kamaljeet_sehrawat,https://res.cloudinary.com/dfgsefn5v/image/upload/v1788003197/mplads/mp_profiles/lok_sabha/5565_kamaljeet_sehrawat.jpg,986c422aba3e59d5368c9906c1ac9f09,uploaded,2026-08-29T11:33:18.319763+00:00
Lok Sabha,407,Selvaganapathi T.M.,Dravida Munnetra Kazhagam,DMK,Salem,Tamil Nadu,https://sansad.in/getFile/dms/fetch/95603e74-9e62-4f34-8114-967dd524a585?source=dsp2,/Users/alokkumardalei/Desktop/MPLED/MPLEDs/data/mp_profiles/images/ls_407.jpg,cached,https://sansad.in/ls/members,2026-08-29T07:57:18.033216+00:00,mplads/mp_profiles/lok_sabha/407_selvaganapathi_t_m,https://res.cloudinary.com/dfgsefn5v/image/upload/v1788003198/mplads/mp_profiles/lok_sabha/407_selvaganapathi_t_m.jpg,ddc7476d5d3c023996cdff266c680ca6,uploaded,2026-08-29T11:33:18.496909+00:00
Lok Sabha,5681,Sasikanth Senthil,Indian National Congress,INC,Tiruvallur,Tamil Nadu,https://sansad.in/getFile/dms/fetch/cd683242-fc4d-4e30-b0db-627f6f0c21be?source=dsp2,/Users/alokkumardalei/Desktop/MPLED/MPLEDs/data/mp_profiles/images/ls_5681.jpg,cached,https://sansad.in/ls/members,2026-08-29T07:57:18.033216+00:00,mplads/mp_profiles/lok_sabha/5681_sasikanth_senthil,https://res.cloudinary.com/dfgsefn5v/image/upload/v1788003198/mplads/mp_profiles/lok_sabha/5681_sasikanth_senthil.jpg,6a4216d9345c459dd984d2ce0375de37,uploaded,2026-08-29T11:33:18.634110+00:00
Lok Sabha,5117,Sanjay Seth,Bharatiya Janata Party,BJP,Ranchi,Jharkhand,https://sansad.in/getFile/dms/fetch/2dd57112-1d3d-446f-9edc-4b73d2b5ee17?source=dsp2,/Users/alokkumardalei/Desktop/MPLED/MPLEDs/data/mp_profiles/images/ls_5117.jpg,cached,https://sansad.in/ls/members,2026-08-29T07:57:18.033216+00:00,mplads/mp_profiles/lok_sabha/5117_sanjay_seth,https://res.cloudinary.com/dfgsefn5v/image/upload/v1788003198/mplads/mp_profiles/lok_sabha/5117_sanjay_seth.jpg,04b090a4bd705d733e07807fa7586372,uploaded,2026-08-29T11:33:18.995595+00:00
Lok Sabha,5610,Avimanyu Sethi,Bharatiya Janata Party,BJP,Bhadrak,Odisha,https://sansad.in/getFile/dms/fetch/4b841414-c640-45d7-b6bf-288e657767c7?source=dsp2,/Users/alokkumardalei/Desktop/MPLED/MPLEDs/data/mp_profiles/images/ls_5610.jpg,cached,https://sansad.in/ls/members,2026-08-29T07:57:18.033216+00:00,mplads/mp_profiles/lok_sabha/5610_avimanyu_sethi,https://res.cloudinary.com/dfgsefn5v/image/upload/v1788003198/mplads/mp_profiles/lok_sabha/5610_avimanyu_sethi.jpg,45ebd141e96f07cde7464f6732290f24,uploaded,2026-08-29T11:33:18.992753+00:00
Lok Sabha,5687,Byreddy Shabari,Telugu Desam Party,TDP,Nandyal,Andhra Pradesh,https://sansad.in/getFile/dms/fetch/400e9a79-a023-43f4-bacf-323080c0b619?source=dsp2,/Users/alokkumardalei/Desktop/MPLED/MPLEDs/data/mp_profiles/images/ls_5687.jpg,cached,https://sansad.in/ls/members,2026-08-29T07:57:18.033216+00:00,mplads/mp_profiles/lok_sabha/5687_byreddy_shabari,https://res.cloudinary.com/dfgsefn5v/image/upload/v1788003198/mplads/mp_profiles/lok_sabha/5687_byreddy_shabari.jpg,ab297cba22e0343669ef919d2afbcd46,uploaded,2026-08-29T11:33:19.310659+00:00
Lok Sabha,5021,Amit Shah,Bharatiya Janata Party,BJP,Gandhinagar,Gujarat,https://sansad.in/getFile/dms/fetch/8ca0c0e1-f41e-462e-a5e0-bc651d1a6041?source=dsp2,/Users/alokkumardalei/Desktop/MPLED/MPLEDs/data/mp_profiles/images/ls_5021.jpg,cached,https://sansad.in/ls/members,2026-08-29T07:57:18.033216+00:00,mplads/mp_profiles/lok_sabha/5021_amit_shah,https://res.cloudinary.com/dfgsefn5v/image/upload/v1788003198/mplads/mp_profiles/lok_sabha/5021_amit_shah.jpg,783187cc8c29ad06ea2c11d11f3b39b8,uploaded,2026-08-29T11:33:19.285474+00:00
Lok Sabha,4582,Mala Rajya Laxmi Shah,Bharatiya Janata Party,BJP,Tehri Garhwal,Uttarakhand,https://sansad.in/getFile/dms/fetch/dff2ed65-6bae-4dd3-a5a4-a2ae5dcf8181?source=dsp2,/Users/alokkumardalei/Desktop/MPLED/MPLEDs/data/mp_profiles/images/ls_4582.jpg,cached,https://sansad.in/ls/members,2026-08-29T07:57:18.033216+00:00,mplads/mp_profiles/lok_sabha/4582_mala_rajya_laxmi_shah,https://res.cloudinary.com/dfgsefn5v/image/upload/v1788003199/mplads/mp_profiles/lok_sabha/4582_mala_rajya_laxmi_shah.jpg,142eafe89c4331caf3ca9993a25c5fc5,uploaded,2026-08-29T11:33:19.861039+00:00
Lok Sabha,5656,Devesh Shakya,Samajwadi Party,SP,Etah,Uttar Pradesh,https://sansad.in/getFile/dms/fetch/a8339426-02e2-4d41-b0f2-72eda8cd1375?source=dsp2,/Users/alokkumardalei/Desktop/MPLED/MPLEDs/data/mp_profiles/images/ls_5656.jpg,cached,https://sansad.in/ls/members,2026-08-29T07:57:18.033216+00:00,mplads/mp_profiles/lok_sabha/5656_devesh_shakya,https://res.cloudinary.com/dfgsefn5v/image/upload/v1788003200/mplads/mp_profiles/lok_sabha/5656_devesh_shakya.jpg,e53f1a85b00e8d09792b89fb9b54a304,uploaded,2026-08-29T11:33:20.366132+00:00
Lok Sabha,4642,Mahesh Sharma,Bharatiya Janata Party,BJP,Gautam Buddha Nagar,Uttar Pradesh,https://sansad.in/getFile/dms/fetch/a4702778-fcba-4f2c-b3b2-7c5975fe4cb6?source=dsp2,/Users/alokkumardalei/Desktop/MPLED/MPLEDs/data/mp_profiles/images/ls_4642.jpg,cached,https://sansad.in/ls/members,2026-08-29T07:57:18.033216+00:00,mplads/mp_profiles/lok_sabha/4642_mahesh_sharma,https://res.cloudinary.com/dfgsefn5v/image/upload/v1788003199/mplads/mp_profiles/lok_sabha/4642_mahesh_sharma.jpg,1e2ecbbfc8b03b46f0fdc8121ec3f18b,uploaded,2026-08-29T11:33:19.872788+00:00
Lok Sabha,5674,Alok Sharma,Bharatiya Janata Party,BJP,Bhopal,Madhya Pradesh,https://sansad.in/getFile/dms/fetch/fef39040-68b2-414b-886f-05d06de66ba2?source=dsp2,/Users/alokkumardalei/Desktop/MPLED/MPLEDs/data/mp_profiles/images/ls_5674.jpg,cached,https://sansad.in/ls/members,2026-08-29T07:57:18.033216+00:00,mplads/mp_profiles/lok_sabha/5674_alok_sharma,https://res.cloudinary.com/dfgsefn5v/image/upload/v1788003199/mplads/mp_profiles/lok_sabha/5674_alok_sharma.jpg,ede99157c3b4e0cc7774a6ba52db4c85,uploaded,2026-08-29T11:33:19.925409+00:00
Lok Sabha,5148,Anurag Sharma,Bharatiya Janata Party,BJP,Jhansi,Uttar Pradesh,https://sansad.in/getFile/dms/fetch/52a2be7f-7532-4a87-b69c-48b16ff21851?source=dsp2,/Users/alokkumardalei/Desktop/MPLED/MPLEDs/data/mp_profiles/images/ls_5148.jpg,cached,https://sansad.in/ls/members,2026-08-29T07:57:18.033216+00:00,mplads/mp_profiles/lok_sabha/5148_anurag_sharma,https://res.cloudinary.com/dfgsefn5v/image/upload/v1788003200/mplads/mp_profiles/lok_sabha/5148_anurag_sharma.jpg,40236cf7daccf7fd0ed031a7bd83b6e9,uploaded,2026-08-29T11:33:20.427123+00:00
Lok Sabha,5066,Vishnu Datt Sharma,Bharatiya Janata Party,BJP,Khajuraho,Madhya Pradesh,https://sansad.in/getFile/dms/fetch/db9d738c-6cc6-4b7d-9360-aaa97378e680?source=dsp2,/Users/alokkumardalei/Desktop/MPLED/MPLEDs/data/mp_profiles/images/ls_5066.jpg,cached,https://sansad.in/ls/members,2026-08-29T07:57:18.033216+00:00,mplads/mp_profiles/lok_sabha/5066_vishnu_datt_sharma,https://res.cloudinary.com/dfgsefn5v/image/upload/v1788003200/mplads/mp_profiles/lok_sabha/5066_vishnu_datt_sharma.jpg,8cbcc7a4108cd2696c13508fe2684872,uploaded,2026-08-29T11:33:20.574346+00:00
Lok Sabha,5619,Manju Sharma,Bharatiya Janata Party,BJP,Jaipur,Rajasthan,https://sansad.in/getFile/dms/fetch/846a3140-2885-463e-9de4-a53773263ded?source=dsp2,/Users/alokkumardalei/Desktop/MPLED/MPLEDs/data/mp_profiles/images/ls_5619.jpg,cached,https://sansad.in/ls/members,2026-08-29T07:57:18.033216+00:00,mplads/mp_profiles/lok_sabha/5619_manju_sharma,https://res.cloudinary.com/dfgsefn5v/image/upload/v1788003200/mplads/mp_profiles/lok_sabha/5619_manju_sharma.jpg,fbed10c7d2cb22f0035b2924f8c176f3,uploaded,2026-08-29T11:33:20.514138+00:00
Lok Sabha,5830,Abdul Rashid Sheikh,Independent,Ind.,Baramulla,Jammu and Kashmir,https://sansad.in/getFile/dms/fetch/09ebf361-3e91-4ee7-871a-62e1ffaeb784?source=dsp2,/Users/alokkumardalei/Desktop/MPLED/MPLEDs/data/mp_profiles/images/ls_5830.jpg,cached,https://sansad.in/ls/members,2026-08-29T07:57:18.033216+00:00,mplads/mp_profiles/lok_sabha/5830_abdul_rashid_sheikh,https://res.cloudinary.com/dfgsefn5v/image/upload/v1788003201/mplads/mp_profiles/lok_sabha/5830_abdul_rashid_sheikh.jpg,459803346cb7ec49962805d43bd38cc6,uploaded,2026-08-29T11:33:21.399252+00:00
Lok Sabha,5647,Chandra Shekhar,Azad Samaj Party (Kanshi Ram),ASP (KR),Nagina,Uttar Pradesh,https://sansad.in/getFile/dms/fetch/523eafbe-c217-4ac6-b836-62a19dc16beb?source=dsp2,/Users/alokkumardalei/Desktop/MPLED/MPLEDs/data/mp_profiles/images/ls_5647.jpg,cached,https://sansad.in/ls/members,2026-08-29T07:57:18.033216+00:00,mplads/mp_profiles/lok_sabha/5647_chandra_shekhar,https://res.cloudinary.com/dfgsefn5v/image/upload/v1788003200/mplads/mp_profiles/lok_sabha/5647_chandra_shekhar.jpg,f05979a2eee290bcd2895c3ede6014c5,uploaded,2026-08-29T11:33:21.334242+00:00
Lok Sabha,4670,Gajendra Singh Shekhawat,Bharatiya Janata Party,BJP,Jodhpur,Rajasthan,https://sansad.in/getFile/dms/fetch/841cf163-5e85-4bc6-8921-016b6e8d3e6b?source=dsp2,/Users/alokkumardalei/Desktop/MPLED/MPLEDs/data/mp_profiles/images/ls_4670.jpg,cached,https://sansad.in/ls/members,2026-08-29T07:57:18.033216+00:00,mplads/mp_profiles/lok_sabha/4670_gajendra_singh_shekhawat,https://res.cloudinary.com/dfgsefn5v/image/upload/v1788003200/mplads/mp_profiles/lok_sabha/4670_gajendra_singh_shekhawat.jpg,00ef4f2f08ee923f50ecd7f0c7d4a850,uploaded,2026-08-29T11:33:21.347173+00:00
Lok Sabha,4523,Suresh Kumar Shetkar,Indian National Congress,INC,Zahirabad,Telangana,https://sansad.in/getFile/dms/fetch/d585ef3a-2687-4340-99c8-dcc2e8c348aa?source=dsp2,/Users/alokkumardalei/Desktop/MPLED/MPLEDs/data/mp_profiles/images/ls_4523.jpg,cached,https://sansad.in/ls/members,2026-08-29T07:57:18.033216+00:00,mplads/mp_profiles/lok_sabha/4523_suresh_kumar_shetkar,https://res.cloudinary.com/dfgsefn5v/image/upload/v1788003200/mplads/mp_profiles/lok_sabha/4523_suresh_kumar_shetkar.jpg,cf8616725d420249da4c4fd5a6baf99e,uploaded,2026-08-29T11:33:21.345459+00:00
Lok Sabha,5733,Jagadish Shettar,Bharatiya Janata Party,BJP,Belgaum,Karnataka,https://sansad.in/getFile/dms/fetch/4748b7a6-0444-480d-9186-d88128a4350e?source=dsp2,/Users/alokkumardalei/Desktop/MPLED/MPLEDs/data/mp_profiles/images/ls_5733.jpg,cached,https://sansad.in/ls/members,2026-08-29T07:57:18.033216+00:00,mplads/mp_profiles/lok_sabha/5733_jagadish_shettar,https://res.cloudinary.com/dfgsefn5v/image/upload/v1788003201/mplads/mp_profiles/lok_sabha/5733_jagadish_shettar.jpg,54dc773b35c9a43f52b0320257cfef5c,uploaded,2026-08-29T11:33:21.876654+00:00
Lok Sabha,5617,Chandubhai Chhaganbhai Shihora,Bharatiya Janata Party,BJP,Surendranagar,Gujarat,https://sansad.in/getFile/dms/fetch/5457c729-51d7-4762-9e52-a9a9eba43665?source=dsp2,/Users/alokkumardalei/Desktop/MPLED/MPLEDs/data/mp_profiles/images/ls_5617.jpg,cached,https://sansad.in/ls/members,2026-08-29T07:57:18.033216+00:00,mplads/mp_profiles/lok_sabha/5617_chandubhai_chhaganbhai_shihora,https://res.cloudinary.com/dfgsefn5v/image/upload/v1788003201/mplads/mp_profiles/lok_sabha/5617_chandubhai_chhaganbhai_shihora.jpg,e0396b2e8464a81c5fb760d5347ad503,uploaded,2026-08-29T11:33:21.894075+00:00
Lok Sabha,4659,Shrikant Eknath Shinde,Shiv Sena,SS,Kalyan,Maharashtra,https://sansad.in/getFile/dms/fetch/5aa6a91a-9bec-4f54-a6ef-90038cd8d773?source=dsp2,/Users/alokkumardalei/Desktop/MPLED/MPLEDs/data/mp_profiles/images/ls_4659.jpg,cached,https://sansad.in/ls/members,2026-08-29T07:57:18.033216+00:00,mplads/mp_profiles/lok_sabha/4659_shrikant_eknath_shinde,https://res.cloudinary.com/dfgsefn5v/image/upload/v1788003202/mplads/mp_profiles/lok_sabha/4659_shrikant_eknath_shinde.jpg,50761253c7d42322fb633c0fd76908e3,uploaded,2026-08-29T11:33:22.772898+00:00
Lok Sabha,5759,Praniti Sushilkumar Shinde,Indian National Congress,INC,Solapur,Maharashtra,https://sansad.in/getFile/dms/fetch/b2a2a14e-2db9-4025-9629-126cf84281c1?source=dsp2,/Users/alokkumardalei/Desktop/MPLED/MPLEDs/data/mp_profiles/images/ls_5759.jpg,cached,https://sansad.in/ls/members,2026-08-29T07:57:18.033216+00:00,mplads/mp_profiles/lok_sabha/5759_praniti_sushilkumar_shinde,https://res.cloudinary.com/dfgsefn5v/image/upload/v1788003202/mplads/mp_profiles/lok_sabha/5759_praniti_sushilkumar_shinde.jpg,00a8e1bea50c88305b703521ff1d4624,uploaded,2026-08-29T11:33:22.815132+00:00
Lok Sabha,5633,Mohibbullah,Samajwadi Party,SP,Rampur,Uttar Pradesh,https://sansad.in/getFile/dms/fetch/4a8f06bf-7f64-4b15-84bd-32d60d7b93b7?source=dsp2,/Users/alokkumardalei/Desktop/MPLED/MPLEDs/data/mp_profiles/images/ls_5633.jpg,cached,https://sansad.in/ls/members,2026-08-29T07:57:18.033216+00:00,mplads/mp_profiles/lok_sabha/5633_mohibbullah,https://res.cloudinary.com/dfgsefn5v/image/upload/v1788003202/mplads/mp_profiles/lok_sabha/5633_mohibbullah.jpg,ec9cd6fdaaad45a06999cb3593ce09ac,uploaded,2026-08-29T11:33:22.460782+00:00
Lok Sabha,4638,Janardan Singh Sigriwal,Bharatiya Janata Party,BJP,Maharajganj,Bihar,https://sansad.in/getFile/dms/fetch/e1457e2a-07bf-4ccb-86b3-347aba35da89?source=dsp2,/Users/alokkumardalei/Desktop/MPLED/MPLEDs/data/mp_profiles/images/ls_4638.jpg,cached,https://sansad.in/ls/members,2026-08-29T07:57:18.033216+00:00,mplads/mp_profiles/lok_sabha/4638_janardan_singh_sigriwal,https://res.cloudinary.com/dfgsefn5v/image/upload/v1788003202/mplads/mp_profiles/lok_sabha/4638_janardan_singh_sigriwal.jpg,6869cb93ae0d4c5bccb3682a744c3fdb,uploaded,2026-08-29T11:33:22.494073+00:00
Lok Sabha,5169,Amar Singh,Indian National Congress,INC,Fatehgarh Sahib,Punjab,https://sansad.in/getFile/dms/fetch/d1b686f6-ec8c-40b6-bd8b-4f65a07bb618?source=dsp2,/Users/alokkumardalei/Desktop/MPLED/MPLEDs/data/mp_profiles/images/ls_5169.jpg,cached,https://sansad.in/ls/members,2026-08-29T07:57:18.033216+00:00,mplads/mp_profiles/lok_sabha/5169_amar_singh,https://res.cloudinary.com/dfgsefn5v/image/upload/v1788003202/mplads/mp_profiles/lok_sabha/5169_amar_singh.jpg,25a816259dd71514975bab8bc934beb0,uploaded,2026-08-29T11:33:23.028292+00:00
Lok Sabha,4605,Bhola Singh,Bharatiya Janata Party,BJP,Bulandshahr,Uttar Pradesh,https://sansad.in/getFile/dms/fetch/5759a2f7-1db5-4c69-8b28-51fb4b435994?source=dsp2,/Users/alokkumardalei/Desktop/MPLED/MPLEDs/data/mp_profiles/images/ls_4605.jpg,cached,https://sansad.in/ls/members,2026-08-29T07:57:18.033216+00:00,mplads/mp_profiles/lok_sabha/4605_bhola_singh,https://res.cloudinary.com/dfgsefn5v/image/upload/v1788003202/mplads/mp_profiles/lok_sabha/4605_bhola_singh.jpg,daf70f71dcdfb50ddf876c438da3c631,uploaded,2026-08-29T11:33:23.102219+00:00
Lok Sabha,4718,Jitendra Singh,Bharatiya Janata Party,BJP,Udhampur,Jammu and Kashmir,https://sansad.in/getFile/dms/fetch/688a475c-7ab3-4e13-904a-0509201e0da8?source=dsp2,/Users/alokkumardalei/Desktop/MPLED/MPLEDs/data/mp_profiles/images/ls_4718.jpg,cached,https://sansad.in/ls/members,2026-08-29T07:57:18.033216+00:00,mplads/mp_profiles/lok_sabha/4718_jitendra_singh,https://res.cloudinary.com/dfgsefn5v/image/upload/v1788003203/mplads/mp_profiles/lok_sabha/4718_jitendra_singh.jpg,1123a4bcc962757824239a71a5406f75,uploaded,2026-08-29T11:33:23.312907+00:00
Lok Sabha,5832,Amritpal Singh,Independent,Ind.,Khadoor Sahib,Punjab,https://sansad.in/getFile/dms/fetch/ce340406-8beb-4025-aa87-f72e89bc445d?source=dsp2,/Users/alokkumardalei/Desktop/MPLED/MPLEDs/data/mp_profiles/images/ls_5832.jpg,cached,https://sansad.in/ls/members,2026-08-29T07:57:18.033216+00:00,mplads/mp_profiles/lok_sabha/5832_amritpal_singh,https://res.cloudinary.com/dfgsefn5v/image/upload/v1788003203/mplads/mp_profiles/lok_sabha/5832_amritpal_singh.jpg,2cfdee2abd8ffc16f7c5521399c84f4c,uploaded,2026-08-29T11:33:23.657774+00:00
Lok Sabha,4664,Devendra Singh Alias Bhole Singh,Bharatiya Janata Party,BJP,Akbarpur,Uttar Pradesh,https://sansad.in/getFile/dms/fetch/50d6574e-04b6-49af-91ff-3ae1bfad19e7?source=dsp2,/Users/alokkumardalei/Desktop/MPLED/MPLEDs/data/mp_profiles/images/ls_4664.jpg,cached,https://sansad.in/ls/members,2026-08-29T07:57:18.033216+00:00,mplads/mp_profiles/lok_sabha/4664_devendra_singh_alias_bhole_singh,https://res.cloudinary.com/dfgsefn5v/image/upload/v1788003203/mplads/mp_profiles/lok_sabha/4664_devendra_singh_alias_bhole_singh.jpg,0dfe20ec1f43852f48fedd7e8e7c0202,uploaded,2026-08-29T11:33:23.597327+00:00
Lok Sabha,4647,Dharambir Singh,Bharatiya Janata Party,BJP,Bhiwani-Mahendragarh,Haryana,https://sansad.in/getFile/dms/fetch/fb17796b-b954-4985-a194-4a5d0040dca3?source=dsp2,/Users/alokkumardalei/Desktop/MPLED/MPLEDs/data/mp_profiles/images/ls_4647.jpg,cached,https://sansad.in/ls/members,2026-08-29T07:57:18.033216+00:00,mplads/mp_profiles/lok_sabha/4647_dharambir_singh,https://res.cloudinary.com/dfgsefn5v/image/upload/v1788003203/mplads/mp_profiles/lok_sabha/4647_dharambir_singh.jpg,7471b87befe56a4ef532dd53d0b6c802,uploaded,2026-08-29T11:33:23.659664+00:00
Lok Sabha,4005,Dushyant Singh,Bharatiya Janata Party,BJP,Jhalawar-Baran,Rajasthan,https://sansad.in/getFile/dms/fetch/3c7a2a39-c70d-4c69-93be-e8646945d926?source=dsp2,/Users/alokkumardalei/Desktop/MPLED/MPLEDs/data/mp_profiles/images/ls_4005.jpg,cached,https://sansad.in/ls/members,2026-08-29T07:57:18.033216+00:00,mplads/mp_profiles/lok_sabha/4005_dushyant_singh,https://res.cloudinary.com/dfgsefn5v/image/upload/v1788003203/mplads/mp_profiles/lok_sabha/4005_dushyant_singh.jpg,bf689f315c1b5e87b85fa50408cc2c59,uploaded,2026-08-29T11:33:24.101379+00:00
Lok Sabha,3986,Ganesh Singh,Bharatiya Janata Party,BJP,Satna,Madhya Pradesh,https://sansad.in/getFile/dms/fetch/b751abf7-a5f5-4ecc-b2a8-f10d94c022c4?source=dsp2,/Users/alokkumardalei/Desktop/MPLED/MPLEDs/data/mp_profiles/images/ls_3986.jpg,cached,https://sansad.in/ls/members,2026-08-29T07:57:18.033216+00:00,mplads/mp_profiles/lok_sabha/3986_ganesh_singh,https://res.cloudinary.com/dfgsefn5v/image/upload/v1788003203/mplads/mp_profiles/lok_sabha/3986_ganesh_singh.jpg,4ef900757acc432e50a1b1c0ea99ffca,uploaded,2026-08-29T11:33:24.236899+00:00
Lok Sabha,4641,Giriraj Singh,Bharatiya Janata Party,BJP,Begusarai,Bihar,https://sansad.in/getFile/dms/fetch/494dbaa6-521c-4c6c-8768-e3595e9fd0f9?source=dsp2,/Users/alokkumardalei/Desktop/MPLED/MPLEDs/data/mp_profiles/images/ls_4641.jpg,cached,https://sansad.in/ls/members,2026-08-29T07:57:18.033216+00:00,mplads/mp_profiles/lok_sabha/4641_giriraj_singh,https://res.cloudinary.com/dfgsefn5v/image/upload/v1788003204/mplads/mp_profiles/lok_sabha/4641_giriraj_singh.jpg,4f5d2203ef92b791a9949fa7f2c22be3,uploaded,2026-08-29T11:33:24.659875+00:00
Lok Sabha,5618,Kali Charan Singh,Bharatiya Janata Party,BJP,Chatra,Jharkhand,https://sansad.in/getFile/dms/fetch/3a93105a-b4e3-4757-a02e-981d8e6114d2?source=dsp2,/Users/alokkumardalei/Desktop/MPLED/MPLEDs/data/mp_profiles/images/ls_5618.jpg,cached,https://sansad.in/ls/members,2026-08-29T07:57:18.033216+00:00,mplads/mp_profiles/lok_sabha/5618_kali_charan_singh,https://res.cloudinary.com/dfgsefn5v/image/upload/v1788003204/mplads/mp_profiles/lok_sabha/5618_kali_charan_singh.jpg,8a809f1756eed7017aca86566f6b0f93,uploaded,2026-08-29T11:33:25.111618+00:00
Lok Sabha,5581,Karan Bhushan Singh,Bharatiya Janata Party,BJP,Kaiserganj,Uttar Pradesh,https://sansad.in/getFile/dms/fetch/20caad9a-7ce1-4667-af9e-ec3774158eec?source=dsp2,/Users/alokkumardalei/Desktop/MPLED/MPLEDs/data/mp_profiles/images/ls_5581.jpg,cached,https://sansad.in/ls/members,2026-08-29T07:57:18.033216+00:00,mplads/mp_profiles/lok_sabha/5581_karan_bhushan_singh,https://res.cloudinary.com/dfgsefn5v/image/upload/v1788003204/mplads/mp_profiles/lok_sabha/5581_karan_bhushan_singh.jpg,746e1fa43d47f4361eadce798f55bc02,uploaded,2026-08-29T11:33:24.662895+00:00
Lok Sabha,3926,Kirti Vardhan Singh,Bharatiya Janata Party,BJP,Gonda,Uttar Pradesh,https://sansad.in/getFile/dms/fetch/89616171-58ee-4cdd-80d9-8acd53ff5d07?source=dsp2,/Users/alokkumardalei/Desktop/MPLED/MPLEDs/data/mp_profiles/images/ls_3926.jpg,cached,https://sansad.in/ls/members,2026-08-29T07:57:18.033216+00:00,mplads/mp_profiles/lok_sabha/3926_kirti_vardhan_singh,https://res.cloudinary.com/dfgsefn5v/image/upload/v1788003204/mplads/mp_profiles/lok_sabha/3926_kirti_vardhan_singh.jpg,7285309ef5910a273ef82aa21f21ab75,uploaded,2026-08-29T11:33:25.031198+00:00
Lok Sabha,4459,Pradeep Kumar Singh,Bharatiya Janata Party,BJP,Araria,Bihar,https://sansad.in/getFile/dms/fetch/34932640-b97f-4bb1-9098-c57075b8aedc?source=dsp2,/Users/alokkumardalei/Desktop/MPLED/MPLEDs/data/mp_profiles/images/ls_4459.jpg,cached,https://sansad.in/ls/members,2026-08-29T07:57:18.033216+00:00,mplads/mp_profiles/lok_sabha/4459_pradeep_kumar_singh,https://res.cloudinary.com/dfgsefn5v/image/upload/v1788003205/mplads/mp_profiles/lok_sabha/4459_pradeep_kumar_singh.jpg,abae8d0f4799e5f7f2ce565c436c066e,uploaded,2026-08-29T11:33:25.514589+00:00
Lok Sabha,451,Radha Mohan Singh,Bharatiya Janata Party,BJP,Purvi Champaran,Bihar,https://sansad.in/getFile/dms/fetch/bb458856-0bd3-4f53-b266-638ea4f55c91?source=dsp2,/Users/alokkumardalei/Desktop/MPLED/MPLEDs/data/mp_profiles/images/ls_451.jpg,cached,https://sansad.in/ls/members,2026-08-29T07:57:18.033216+00:00,mplads/mp_profiles/lok_sabha/451_radha_mohan_singh,https://res.cloudinary.com/dfgsefn5v/image/upload/v1788003205/mplads/mp_profiles/lok_sabha/451_radha_mohan_singh.jpg,5274103f3f2f016a71fb8fc384f1eaaf,uploaded,2026-08-29T11:33:26.081666+00:00
Lok Sabha,5642,Raja Ram Singh,Communist Party of India (Marxist-Leninist) Liberation,CPI(ML)(L),Karakat,Bihar,https://sansad.in/getFile/dms/fetch/369efcbe-e374-48ae-9446-cb17270e58a7?source=dsp2,/Users/alokkumardalei/Desktop/MPLED/MPLEDs/data/mp_profiles/images/ls_5642.jpg,cached,https://sansad.in/ls/members,2026-08-29T07:57:18.033216+00:00,mplads/mp_profiles/lok_sabha/5642_raja_ram_singh,https://res.cloudinary.com/dfgsefn5v/image/upload/v1788003205/mplads/mp_profiles/lok_sabha/5642_raja_ram_singh.jpg,01429172df208e6f5ab1e4b136f3b53e,uploaded,2026-08-29T11:33:25.587649+00:00
Lok Sabha,4134,Rajiv Ranjan Singh,Janata Dal (United),JD(U),Munger,Bihar,https://sansad.in/getFile/dms/fetch/6e555ca8-2d10-4a7e-8ba8-eb3011625d68?source=dsp2,/Users/alokkumardalei/Desktop/MPLED/MPLEDs/data/mp_profiles/images/ls_4134.jpg,cached,https://sansad.in/ls/members,2026-08-29T07:57:18.033216+00:00,mplads/mp_profiles/lok_sabha/4134_rajiv_ranjan_singh,https://res.cloudinary.com/dfgsefn5v/image/upload/v1788003205/mplads/mp_profiles/lok_sabha/4134_rajiv_ranjan_singh.jpg,bc8dee6989bb2d5e8433d9f3e90316ce,uploaded,2026-08-29T11:33:25.687391+00:00
Lok Sabha,4268,Rajnath Singh,Bharatiya Janata Party,BJP,Lucknow,Uttar Pradesh,https://sansad.in/getFile/dms/fetch/5073039c-aa2e-478d-9d94-210c01a533eb?source=dsp2,/Users/alokkumardalei/Desktop/MPLED/MPLEDs/data/mp_profiles/images/ls_4268.jpg,cached,https://sansad.in/ls/members,2026-08-29T07:57:18.033216+00:00,mplads/mp_profiles/lok_sabha/4268_rajnath_singh,https://res.cloudinary.com/dfgsefn5v/image/upload/v1788003206/mplads/mp_profiles/lok_sabha/4268_rajnath_singh.jpg,560e2d08e223fad1bac705bb27fd46c4,uploaded,2026-08-29T11:33:26.315144+00:00
Lok Sabha,3904,Rao Inderjit Singh,Bharatiya Janata Party,BJP,Gurgaon,Haryana,https://sansad.in/getFile/dms/fetch/0f18e7ab-a695-4b47-8789-e81c4ed41de6?source=dsp2,/Users/alokkumardalei/Desktop/MPLED/MPLEDs/data/mp_profiles/images/ls_3904.jpg,cached,https://sansad.in/ls/members,2026-08-29T07:57:18.033216+00:00,mplads/mp_profiles/lok_sabha/3904_rao_inderjit_singh,https://res.cloudinary.com/dfgsefn5v/image/upload/v1788003205/mplads/mp_profiles/lok_sabha/3904_rao_inderjit_singh.jpg,9377c129db75ee3185e397f7c8a5f157,uploaded,2026-08-29T11:33:26.212158+00:00
Lok Sabha,5632,Rao Rajendra Singh,Bharatiya Janata Party,BJP,Jaipur Rural,Rajasthan,https://sansad.in/getFile/dms/fetch/141bd1b3-96f6-4769-9e3d-dca187a590e6?source=dsp2,/Users/alokkumardalei/Desktop/MPLED/MPLEDs/data/mp_profiles/images/ls_5632.jpg,cached,https://sansad.in/ls/members,2026-08-29T07:57:18.033216+00:00,mplads/mp_profiles/lok_sabha/5632_rao_rajendra_singh,https://res.cloudinary.com/dfgsefn5v/image/upload/v1788003206/mplads/mp_profiles/lok_sabha/5632_rao_rajendra_singh.jpg,6a870bd24638cbd5ba91852839ac4b1c,uploaded,2026-08-29T11:33:26.395929+00:00
Lok Sabha,5634,Sudhakar Singh,Rashtriya Janata Dal,RJD,Buxar,Bihar,https://sansad.in/getFile/dms/fetch/c4e064bc-8cbb-42b1-9a73-8461d2c2917a?source=dsp2,/Users/alokkumardalei/Desktop/MPLED/MPLEDs/data/mp_profiles/images/ls_5634.jpg,cached,https://sansad.in/ls/members,2026-08-29T07:57:18.033216+00:00,mplads/mp_profiles/lok_sabha/5634_sudhakar_singh,https://res.cloudinary.com/dfgsefn5v/image/upload/v1788003206/mplads/mp_profiles/lok_sabha/5634_sudhakar_singh.jpg,45b698cd47821e1833fb20809a10efc1,uploaded,2026-08-29T11:33:26.755094+00:00
Lok Sabha,5749,Ujjwal Raman Singh,Indian National Congress,INC,Allahabad,Uttar Pradesh,https://sansad.in/getFile/dms/fetch/0c57ac56-0d13-4449-9fc4-92a24ed7947f?source=dsp2,/Users/alokkumardalei/Desktop/MPLED/MPLEDs/data/mp_profiles/images/ls_5749.jpg,cached,https://sansad.in/ls/members,2026-08-29T07:57:18.033216+00:00,mplads/mp_profiles/lok_sabha/5749_ujjwal_raman_singh,https://res.cloudinary.com/dfgsefn5v/image/upload/v1788003206/mplads/mp_profiles/lok_sabha/5749_ujjwal_raman_singh.jpg,e2711fb4d84af3a6b2604f10e1c23f5c,uploaded,2026-08-29T11:33:26.841306+00:00
Lok Sabha,5651,Virendra Singh,Samajwadi Party,SP,Chandauli,Uttar Pradesh,https://sansad.in/getFile/dms/fetch/4c66e388-276f-4c09-9a45-c5754bb7edf5?source=dsp2,/Users/alokkumardalei/Desktop/MPLED/MPLEDs/data/mp_profiles/images/ls_5651.jpg,cached,https://sansad.in/ls/members,2026-08-29T07:57:18.033216+00:00,mplads/mp_profiles/lok_sabha/5651_virendra_singh,https://res.cloudinary.com/dfgsefn5v/image/upload/v1788003208/mplads/mp_profiles/lok_sabha/5651_virendra_singh.jpg,0ec2db40fa736e5b66e15b22b0b3b78c,uploaded,2026-08-29T11:33:28.740218+00:00
Lok Sabha,5070,Himadri Singh,Bharatiya Janata Party,BJP,Shahdol,Madhya Pradesh,https://sansad.in/getFile/dms/fetch/bfb17172-eb2e-4143-84f3-4fe07367a05b?source=dsp2,/Users/alokkumardalei/Desktop/MPLED/MPLEDs/data/mp_profiles/images/ls_5070.jpg,cached,https://sansad.in/ls/members,2026-08-29T07:57:18.033216+00:00,mplads/mp_profiles/lok_sabha/5070_himadri_singh,https://res.cloudinary.com/dfgsefn5v/image/upload/v1788003206/mplads/mp_profiles/lok_sabha/5070_himadri_singh.jpg,3a6f680ce641b792d8238926fc1c6a47,uploaded,2026-08-29T11:33:26.969525+00:00
Lok Sabha,5646,Abhay Kumar Sinha,Rashtriya Janata Dal,RJD,Aurangabad,Bihar,https://sansad.in/getFile/dms/fetch/2b54472a-0ee2-485c-b528-f11a9481f4a1?source=dsp2,/Users/alokkumardalei/Desktop/MPLED/MPLEDs/data/mp_profiles/images/ls_5646.jpg,cached,https://sansad.in/ls/members,2026-08-29T07:57:18.033216+00:00,mplads/mp_profiles/lok_sabha/5646_abhay_kumar_sinha,https://res.cloudinary.com/dfgsefn5v/image/upload/v1788003207/mplads/mp_profiles/lok_sabha/5646_abhay_kumar_sinha.jpg,33ecd8dbcbaa0cd061284541e7327473,uploaded,2026-08-29T11:33:27.283649+00:00
Lok Sabha,4468,Shatrughan Prasad Sinha,All India Trinamool Congress,AITC,Asansol,West Bengal,https://sansad.in/getFile/dms/fetch/a44deb94-bfe5-4fba-9bbf-f6a300180894?source=dsp2,/Users/alokkumardalei/Desktop/MPLED/MPLEDs/data/mp_profiles/images/ls_4468.jpg,cached,https://sansad.in/ls/members,2026-08-29T07:57:18.033216+00:00,mplads/mp_profiles/lok_sabha/4468_shatrughan_prasad_sinha,https://res.cloudinary.com/dfgsefn5v/image/upload/v1788003207/mplads/mp_profiles/lok_sabha/4468_shatrughan_prasad_sinha.jpg,c8fb6f728da717f460b610a818700523,uploaded,2026-08-29T11:33:27.384977+00:00
Lok Sabha,5667,Kesineni Sivanath,Telugu Desam Party,TDP,Vijayawada,Andhra Pradesh,https://sansad.in/getFile/dms/fetch/66df624c-2d23-41e6-93c1-afe9d06f648a?source=dsp2,/Users/alokkumardalei/Desktop/MPLED/MPLEDs/data/mp_profiles/images/ls_5667.jpg,cached,https://sansad.in/ls/members,2026-08-29T07:57:18.033216+00:00,mplads/mp_profiles/lok_sabha/5667_kesineni_sivanath,https://res.cloudinary.com/dfgsefn5v/image/upload/v1788003207/mplads/mp_profiles/lok_sabha/5667_kesineni_sivanath.jpg,8e413c98faacc117fb9ded07f8d26038,uploaded,2026-08-29T11:33:27.794612+00:00
Lok Sabha,5685,Shambhavi,Lok Jan Shakti Party (Ram Vilas),LJSP(RV),Samastipur,Bihar,https://sansad.in/getFile/dms/fetch/e22a7ce7-9c36-4559-a5e8-fcbdb1d0e75e?source=dsp2,/Users/alokkumardalei/Desktop/MPLED/MPLEDs/data/mp_profiles/images/ls_5685.jpg,cached,https://sansad.in/ls/members,2026-08-29T07:57:18.033216+00:00,mplads/mp_profiles/lok_sabha/5685_shambhavi,https://res.cloudinary.com/dfgsefn5v/image/upload/v1788003207/mplads/mp_profiles/lok_sabha/5685_shambhavi.jpg,b09bda6b0583aabc8db8e30415602259,uploaded,2026-08-29T11:33:27.844401+00:00
Lok Sabha,5061,Mahendra Singh Solanky,Bharatiya Janata Party,BJP,Dewas,Madhya Pradesh,https://sansad.in/getFile/dms/fetch/92a6ba81-e2ad-4fa0-8ba8-47ab10bbdf89?source=dsp2,/Users/alokkumardalei/Desktop/MPLED/MPLEDs/data/mp_profiles/images/ls_5061.jpg,cached,https://sansad.in/ls/members,2026-08-29T07:57:18.033216+00:00,mplads/mp_profiles/lok_sabha/5061_mahendra_singh_solanky,https://res.cloudinary.com/dfgsefn5v/image/upload/v1788003207/mplads/mp_profiles/lok_sabha/5061_mahendra_singh_solanky.jpg,d35320573c347f17a46fe70aa104d3e1,uploaded,2026-08-29T11:33:27.939382+00:00
Lok Sabha,5625,V Somanna,Bharatiya Janata Party,BJP,Tumkur,Karnataka,https://sansad.in/getFile/dms/fetch/eb6de82d-ad3f-49ac-b353-307eac664aed?source=dsp2,/Users/alokkumardalei/Desktop/MPLED/MPLEDs/data/mp_profiles/images/ls_5625.jpg,cached,https://sansad.in/ls/members,2026-08-29T07:57:18.033216+00:00,mplads/mp_profiles/lok_sabha/5625_v_somanna,https://res.cloudinary.com/dfgsefn5v/image/upload/v1788003208/mplads/mp_profiles/lok_sabha/5625_v_somanna.jpg,e616248cdd3217089f421a796723f554,uploaded,2026-08-29T11:33:28.341068+00:00
Lok Sabha,4163,Sarbananda Sonowal,Bharatiya Janata Party,BJP,Dibrugarh,Assam,https://sansad.in/getFile/dms/fetch/b17b7836-560a-4dda-bf0c-226bd594b3e6?source=dsp2,/Users/alokkumardalei/Desktop/MPLED/MPLEDs/data/mp_profiles/images/ls_4163.jpg,cached,https://sansad.in/ls/members,2026-08-29T07:57:18.033216+00:00,mplads/mp_profiles/lok_sabha/4163_sarbananda_sonowal,https://res.cloudinary.com/dfgsefn5v/image/upload/v1788003208/mplads/mp_profiles/lok_sabha/4163_sarbananda_sonowal.jpg,d6dbbf038886674178adc99ddd87f9f5,uploaded,2026-08-29T11:33:28.401094+00:00
Lok Sabha,5645,Bajrang Manohar Sonwane,Nationalist Congress Party - Sharadchandra Pawar,NCPSP,Beed,Maharashtra,https://sansad.in/getFile/dms/fetch/6ad988ee-454d-45b9-bfda-5d1aac07bb46?source=dsp2,/Users/alokkumardalei/Desktop/MPLED/MPLEDs/data/mp_profiles/images/ls_5645.jpg,cached,https://sansad.in/ls/members,2026-08-29T07:57:18.033216+00:00,mplads/mp_profiles/lok_sabha/5645_bajrang_manohar_sonwane,https://res.cloudinary.com/dfgsefn5v/image/upload/v1788003208/mplads/mp_profiles/lok_sabha/5645_bajrang_manohar_sonwane.jpg,6d6e7d1496989defa3b898cf24527f94,uploaded,2026-08-29T11:33:28.478217+00:00
Lok Sabha,5826,Nalin Soren,Jharkhand Mukti Morcha,JMM,Dumka,Jharkhand,https://sansad.in/getFile/dms/fetch/9a98be88-a4aa-4a0e-a12f-266553bd8112?source=dsp2,/Users/alokkumardalei/Desktop/MPLED/MPLEDs/data/mp_profiles/images/ls_5826.jpg,cached,https://sansad.in/ls/members,2026-08-29T07:57:18.033216+00:00,mplads/mp_profiles/lok_sabha/5826_nalin_soren,https://res.cloudinary.com/dfgsefn5v/image/upload/v1788003208/mplads/mp_profiles/lok_sabha/5826_nalin_soren.jpg,e5185785745574e05eeae7dfa798ff22,uploaded,2026-08-29T11:33:28.945445+00:00
Lok Sabha,5659,Adhikari Soumendu,Bharatiya Janata Party,BJP,Kanthi,West Bengal,https://sansad.in/getFile/dms/fetch/fb9ddcd0-7821-4722-84b3-522c774b1a56?source=dsp2,/Users/alokkumardalei/Desktop/MPLED/MPLEDs/data/mp_profiles/images/ls_5659.jpg,cached,https://sansad.in/ls/members,2026-08-29T07:57:18.033216+00:00,mplads/mp_profiles/lok_sabha/5659_adhikari_soumendu,https://res.cloudinary.com/dfgsefn5v/image/upload/v1788003208/mplads/mp_profiles/lok_sabha/5659_adhikari_soumendu.jpg,c36faf19f75861b56e993e13ed3897ff,uploaded,2026-08-29T11:33:28.935663+00:00
Lok Sabha,5128,V K Sreekandan,Indian National Congress,INC,Palakkad,Kerala,https://sansad.in/getFile/dms/fetch/4cc297e5-0111-4aac-98f7-1644f447fc9e?source=dsp2,/Users/alokkumardalei/Desktop/MPLED/MPLEDs/data/mp_profiles/images/ls_5128.jpg,cached,https://sansad.in/ls/members,2026-08-29T07:57:18.033216+00:00,mplads/mp_profiles/lok_sabha/5128_v_k_sreekandan,https://res.cloudinary.com/dfgsefn5v/image/upload/v1788003208/mplads/mp_profiles/lok_sabha/5128_v_k_sreekandan.jpg,7a53038889eed48a2136d896ff303865,uploaded,2026-08-29T11:33:29.097692+00:00
Lok Sabha,5787,Rani Srikumar,Dravida Munnetra Kazhagam,DMK,Tenkasi,Tamil Nadu,https://sansad.in/getFile/dms/fetch/c60eddb5-9006-4bf6-82d9-90ef3e0a6826?source=dsp2,/Users/alokkumardalei/Desktop/MPLED/MPLEDs/data/mp_profiles/images/ls_5787.jpg,cached,https://sansad.in/ls/members,2026-08-29T07:57:18.033216+00:00,mplads/mp_profiles/lok_sabha/5787_rani_srikumar,https://res.cloudinary.com/dfgsefn5v/image/upload/v1788003209/mplads/mp_profiles/lok_sabha/5787_rani_srikumar.jpg,6a397a1398f78f488500301d51921c92,uploaded,2026-08-29T11:33:29.645950+00:00
Lok Sabha,5676,Tangella Uday Srinivas,Janasena Party,JSP,Kakinada,Andhra Pradesh,https://sansad.in/getFile/dms/fetch/f39db0ec-d6fd-4e29-9082-988be777a6cf?source=dsp2,/Users/alokkumardalei/Desktop/MPLED/MPLEDs/data/mp_profiles/images/ls_5676.jpg,cached,https://sansad.in/ls/members,2026-08-29T07:57:18.033216+00:00,mplads/mp_profiles/lok_sabha/5676_tangella_uday_srinivas,https://res.cloudinary.com/dfgsefn5v/image/upload/v1788003209/mplads/mp_profiles/lok_sabha/5676_tangella_uday_srinivas.jpg,7820d8408104f2b4adb448ee878c8c02,uploaded,2026-08-29T11:33:29.510442+00:00
Lok Sabha,5111,Indra Hang Subba,Sikkim Krantikari Morcha,SKM,Sikkim,Sikkim,https://sansad.in/getFile/dms/fetch/47b9ad0c-7450-4ad9-bd3e-2c4cee60a5d2?source=dsp2,/Users/alokkumardalei/Desktop/MPLED/MPLEDs/data/mp_profiles/images/ls_5111.jpg,cached,https://sansad.in/ls/members,2026-08-29T07:57:18.033216+00:00,mplads/mp_profiles/lok_sabha/5111_indra_hang_subba,https://res.cloudinary.com/dfgsefn5v/image/upload/v1788003209/mplads/mp_profiles/lok_sabha/5111_indra_hang_subba.jpg,34e6a1baa33996235d3f908489e1064d,uploaded,2026-08-29T11:33:29.497774+00:00
Lok Sabha,5597,Anita Subhadarshini,Bharatiya Janata Party,BJP,Aska,Odisha,https://sansad.in/getFile/dms/fetch/0ddc54e7-189d-4987-935a-fe64cbc105c2?source=dsp2,/Users/alokkumardalei/Desktop/MPLED/MPLEDs/data/mp_profiles/images/ls_5597.jpg,cached,https://sansad.in/ls/members,2026-08-29T07:57:18.033216+00:00,mplads/mp_profiles/lok_sabha/5597_anita_subhadarshini,https://res.cloudinary.com/dfgsefn5v/image/upload/v1788003209/mplads/mp_profiles/lok_sabha/5597_anita_subhadarshini.jpg,5c10253ace32cc1d7a712e4a6d303d02,uploaded,2026-08-29T11:33:29.629186+00:00
Lok Sabha,5602,K Sudhakar,Bharatiya Janata Party,BJP,Chikkballapur,Karnataka,https://sansad.in/getFile/dms/fetch/27d08111-6be3-4374-b578-5c035c5ecf64?source=dsp2,/Users/alokkumardalei/Desktop/MPLED/MPLEDs/data/mp_profiles/images/ls_5602.jpg,cached,https://sansad.in/ls/members,2026-08-29T07:57:18.033216+00:00,mplads/mp_profiles/lok_sabha/5602_k_sudhakar,https://res.cloudinary.com/dfgsefn5v/image/upload/v1788003209/mplads/mp_profiles/lok_sabha/5602_k_sudhakar.jpg,d65d844d2edc1149d688e1de626829ea,uploaded,2026-08-29T11:33:30.005756+00:00
Lok Sabha,4558,K Sudhakaran,Indian National Congress,INC,Kannur,Kerala,https://sansad.in/getFile/dms/fetch/b2fcb3b4-b1b1-490f-9a8f-e75bbb1addd4?source=dsp2,/Users/alokkumardalei/Desktop/MPLED/MPLEDs/data/mp_profiles/images/ls_4558.jpg,cached,https://sansad.in/ls/members,2026-08-29T07:57:18.033216+00:00,mplads/mp_profiles/lok_sabha/4558_k_sudhakaran,https://res.cloudinary.com/dfgsefn5v/image/upload/v1788003209/mplads/mp_profiles/lok_sabha/4558_k_sudhakaran.jpg,334d8650f097f8bd1879ba1e4da9010f,uploaded,2026-08-29T11:33:30.127869+00:00
Lok Sabha,5675,Parimal Suklabaidya,Bharatiya Janata Party,BJP,Silchar,Assam,https://sansad.in/getFile/dms/fetch/f5c87832-4195-4ddd-bfc3-980d5f090e4b?source=dsp2,/Users/alokkumardalei/Desktop/MPLED/MPLEDs/data/mp_profiles/images/ls_5675.jpg,cached,https://sansad.in/ls/members,2026-08-29T07:57:18.033216+00:00,mplads/mp_profiles/lok_sabha/5675_parimal_suklabaidya,https://res.cloudinary.com/dfgsefn5v/image/upload/v1788003209/mplads/mp_profiles/lok_sabha/5675_parimal_suklabaidya.jpg,a2db064358ca5f1db2336a0593636d68,uploaded,2026-08-29T11:33:30.294696+00:00
Lok Sabha,4392,Supriya Sule,Nationalist Congress Party - Sharadchandra Pawar,NCPSP,Baramati,Maharashtra,https://sansad.in/getFile/dms/fetch/ef7db071-bb36-4439-978d-8f802868bd10?source=dsp2,/Users/alokkumardalei/Desktop/MPLED/MPLEDs/data/mp_profiles/images/ls_4392.jpg,cached,https://sansad.in/ls/members,2026-08-29T07:57:18.033216+00:00,mplads/mp_profiles/lok_sabha/4392_supriya_sule,https://res.cloudinary.com/dfgsefn5v/image/upload/v1788003209/mplads/mp_profiles/lok_sabha/4392_supriya_sule.jpg,8acb4ea9cff9a609db656b1ca361bcb2,uploaded,2026-08-29T11:33:30.385907+00:00
Lok Sabha,5211,Alok Kumar Suman,Janata Dal (United),JD(U),Gopalganj,Bihar,https://sansad.in/getFile/dms/fetch/84cee4ce-2ce9-422d-b310-ce6d5715dd76?source=dsp2,/Users/alokkumardalei/Desktop/MPLED/MPLEDs/data/mp_profiles/images/ls_5211.jpg,cached,https://sansad.in/ls/members,2026-08-29T07:57:18.033216+00:00,mplads/mp_profiles/lok_sabha/5211_alok_kumar_suman,https://res.cloudinary.com/dfgsefn5v/image/upload/v1788003212/mplads/mp_profiles/lok_sabha/5211_alok_kumar_suman.jpg,b4d041e3a271572ebdb03562bda8dce0,uploaded,2026-08-29T11:33:32.690266+00:00
Lok Sabha,477,Kodikunnil Suresh,Indian National Congress,INC,Mavelikkara,Kerala,https://sansad.in/getFile/dms/fetch/fa864adc-2b26-4d38-adaa-52a9046a098e?source=dsp2,/Users/alokkumardalei/Desktop/MPLED/MPLEDs/data/mp_profiles/images/ls_477.jpg,cached,https://sansad.in/ls/members,2026-08-29T07:57:18.033216+00:00,mplads/mp_profiles/lok_sabha/477_kodikunnil_suresh,https://res.cloudinary.com/dfgsefn5v/image/upload/v1788003210/mplads/mp_profiles/lok_sabha/477_kodikunnil_suresh.jpg,6531ab7e3e3a23030bef64aa8941cd9d,uploaded,2026-08-29T11:33:30.750979+00:00
Lok Sabha,5748,Dhanorkar Pratibha Suresh,Indian National Congress,INC,Chandrapur,Maharashtra,https://sansad.in/getFile/dms/fetch/f9438d61-9075-4f74-8cf9-45deb3fbf156?source=dsp2,/Users/alokkumardalei/Desktop/MPLED/MPLEDs/data/mp_profiles/images/ls_5748.jpg,cached,https://sansad.in/ls/members,2026-08-29T07:57:18.033216+00:00,mplads/mp_profiles/lok_sabha/5748_dhanorkar_pratibha_suresh,https://res.cloudinary.com/dfgsefn5v/image/upload/v1788003210/mplads/mp_profiles/lok_sabha/5748_dhanorkar_pratibha_suresh.jpg,c4b4cfa49aed719d28c8dcdca1641530,uploaded,2026-08-29T11:33:31.790020+00:00
Lok Sabha,5182,Tejasvi Surya,Bharatiya Janata Party,BJP,Bangalore South,Karnataka,https://sansad.in/getFile/dms/fetch/7ba71f0a-aa4b-48cb-9487-170ba3937a6c?source=dsp2,/Users/alokkumardalei/Desktop/MPLED/MPLEDs/data/mp_profiles/images/ls_5182.jpg,cached,https://sansad.in/ls/members,2026-08-29T07:57:18.033216+00:00,mplads/mp_profiles/lok_sabha/5182_tejasvi_surya,https://res.cloudinary.com/dfgsefn5v/image/upload/v1788003211/mplads/mp_profiles/lok_sabha/5182_tejasvi_surya.jpg,b45c6de364c677055e0d434e0be50f7c,uploaded,2026-08-29T11:33:31.415619+00:00
Lok Sabha,5616,Bharatbhai Manubhai Sutariya,Bharatiya Janata Party,BJP,Amreli,Gujarat,https://sansad.in/getFile/dms/fetch/190e7788-5196-42b5-9c2a-64b4e313f0a8?source=dsp2,/Users/alokkumardalei/Desktop/MPLED/MPLEDs/data/mp_profiles/images/ls_5616.jpg,cached,https://sansad.in/ls/members,2026-08-29T07:57:18.033216+00:00,mplads/mp_profiles/lok_sabha/5616_bharatbhai_manubhai_sutariya,https://res.cloudinary.com/dfgsefn5v/image/upload/v1788003211/mplads/mp_profiles/lok_sabha/5616_bharatbhai_manubhai_sutariya.jpg,35e2656c315014c4b8d2666b78d76286,uploaded,2026-08-29T11:33:31.331502+00:00
Lok Sabha,5588,Bansuri Swaraj,Bharatiya Janata Party,BJP,New Delhi,NCT of Delhi,https://sansad.in/getFile/dms/fetch/b363d345-48f1-4547-9904-8a8889a31aee?source=dsp2,/Users/alokkumardalei/Desktop/MPLED/MPLEDs/data/mp_profiles/images/ls_5588.jpg,cached,https://sansad.in/ls/members,2026-08-29T07:57:18.033216+00:00,mplads/mp_profiles/lok_sabha/5588_bansuri_swaraj,https://res.cloudinary.com/dfgsefn5v/image/upload/v1788003211/mplads/mp_profiles/lok_sabha/5588_bansuri_swaraj.jpg,92bdbafa59c43533af1e33bf69eb2b8c,uploaded,2026-08-29T11:33:31.879747+00:00
Lok Sabha,5686,Thanga Tamilselvan,Dravida Munnetra Kazhagam,DMK,Theni,Tamil Nadu,https://sansad.in/getFile/dms/fetch/6d8d2118-7f33-453e-84bf-56de54432885?source=dsp2,/Users/alokkumardalei/Desktop/MPLED/MPLEDs/data/mp_profiles/images/ls_5686.jpg,cached,https://sansad.in/ls/members,2026-08-29T07:57:18.033216+00:00,mplads/mp_profiles/lok_sabha/5686_thanga_tamilselvan,https://res.cloudinary.com/dfgsefn5v/image/upload/v1788003212/mplads/mp_profiles/lok_sabha/5686_thanga_tamilselvan.jpg,d4d145af827669e4feddb49c7299ca4c,uploaded,2026-08-29T11:33:32.801764+00:00
Lok Sabha,4651,Ajay Tamta,Bharatiya Janata Party,BJP,Almora,Uttarakhand,https://sansad.in/getFile/dms/fetch/cdb55492-7ed8-4899-91f1-acebd81cea6e?source=dsp2,/Users/alokkumardalei/Desktop/MPLED/MPLEDs/data/mp_profiles/images/ls_4651.jpg,cached,https://sansad.in/ls/members,2026-08-29T07:57:18.033216+00:00,mplads/mp_profiles/lok_sabha/4651_ajay_tamta,https://res.cloudinary.com/dfgsefn5v/image/upload/v1788003212/mplads/mp_profiles/lok_sabha/4651_ajay_tamta.jpg,766544d18c9532689f35bded57b5a0a4,uploaded,2026-08-29T11:33:32.469397+00:00
Lok Sabha,4607,Kanwar Singh Tanwar,Bharatiya Janata Party,BJP,Amroha,Uttar Pradesh,https://sansad.in/getFile/dms/fetch/f95d230f-a6fa-4a9a-8a92-6e2bdba39715?source=dsp2,/Users/alokkumardalei/Desktop/MPLED/MPLEDs/data/mp_profiles/images/ls_4607.jpg,cached,https://sansad.in/ls/members,2026-08-29T07:57:18.033216+00:00,mplads/mp_profiles/lok_sabha/4607_kanwar_singh_tanwar,https://res.cloudinary.com/dfgsefn5v/image/upload/v1788003212/mplads/mp_profiles/lok_sabha/4607_kanwar_singh_tanwar.jpg,4d8ff1c57894802a9874c2196bca8950,uploaded,2026-08-29T11:33:32.568126+00:00
Lok Sabha,4423,Bibhu Prasad Tarai,Bharatiya Janata Party,BJP,Jagatsinghpur,Odisha,https://sansad.in/getFile/dms/fetch/97905d96-a2fc-4b92-8ac2-0f7d68aee102?source=dsp2,/Users/alokkumardalei/Desktop/MPLED/MPLEDs/data/mp_profiles/images/ls_4423.jpg,cached,https://sansad.in/ls/members,2026-08-29T07:57:18.033216+00:00,mplads/mp_profiles/lok_sabha/4423_bibhu_prasad_tarai,https://res.cloudinary.com/dfgsefn5v/image/upload/v1788003212/mplads/mp_profiles/lok_sabha/4423_bibhu_prasad_tarai.jpg,5595de5d2d6f718a6e72f4cfb4401211,uploaded,2026-08-29T11:33:33.077392+00:00
Lok Sabha,4739,Kamakhya Prasad Tasa,Bharatiya Janata Party,BJP,Kaziranga,Assam,https://sansad.in/getFile/dms/fetch/4ce4c453-c574-47c3-a124-4ed9e66a2c45?source=dsp2,/Users/alokkumardalei/Desktop/MPLED/MPLEDs/data/mp_profiles/images/ls_4739.jpg,cached,https://sansad.in/ls/members,2026-08-29T07:57:18.033216+00:00,mplads/mp_profiles/lok_sabha/4739_kamakhya_prasad_tasa,https://res.cloudinary.com/dfgsefn5v/image/upload/v1788003212/mplads/mp_profiles/lok_sabha/4739_kamakhya_prasad_tasa.jpg,a0d8e631edd4bf28237ea3900ad353b4,uploaded,2026-08-29T11:33:33.165544+00:00
Lok Sabha,5680,Krishna Prasad Tenneti,Telugu Desam Party,TDP,Bapatla,Andhra Pradesh,https://sansad.in/getFile/dms/fetch/d2e7f8ea-f2a1-48a7-b62b-8fcaddf093ca?source=dsp2,/Users/alokkumardalei/Desktop/MPLED/MPLEDs/data/mp_profiles/images/ls_5680.jpg,cached,https://sansad.in/ls/members,2026-08-29T07:57:18.033216+00:00,mplads/mp_profiles/lok_sabha/5680_krishna_prasad_tenneti,https://res.cloudinary.com/dfgsefn5v/image/upload/v1788003212/mplads/mp_profiles/lok_sabha/5680_krishna_prasad_tenneti.jpg,f6d3e4dd0735361fb801009bdf7a5eb8,uploaded,2026-08-29T11:33:33.261825+00:00
Lok Sabha,4430,Manish Tewari,Indian National Congress,INC,Chandigarh,Chandigarh,https://sansad.in/getFile/dms/fetch/b73d19c8-b366-4450-bc39-9eb96c8e0591?source=dsp2,/Users/alokkumardalei/Desktop/MPLED/MPLEDs/data/mp_profiles/images/ls_4430.jpg,cached,https://sansad.in/ls/members,2026-08-29T07:57:18.033216+00:00,mplads/mp_profiles/lok_sabha/4430_manish_tewari,https://res.cloudinary.com/dfgsefn5v/image/upload/v1788003213/mplads/mp_profiles/lok_sabha/4430_manish_tewari.jpg,87815b6d240f45550f81e6ea6a8f0170,uploaded,2026-08-29T11:33:33.640413+00:00
Lok Sabha,5744,Geniben Nagaji Thakor,Indian National Congress,INC,Banaskantha,Gujarat,https://sansad.in/getFile/dms/fetch/6c79f567-87eb-4ed4-b0ee-d8c7f87e9dfc?source=dsp2,/Users/alokkumardalei/Desktop/MPLED/MPLEDs/data/mp_profiles/images/ls_5744.jpg,cached,https://sansad.in/ls/members,2026-08-29T07:57:18.033216+00:00,mplads/mp_profiles/lok_sabha/5744_geniben_nagaji_thakor,https://res.cloudinary.com/dfgsefn5v/image/upload/v1788003213/mplads/mp_profiles/lok_sabha/5744_geniben_nagaji_thakor.jpg,c37ef2113d5d42880625885652c3f419,uploaded,2026-08-29T11:33:33.621930+00:00
Lok Sabha,4249,Anurag Singh Thakur,Bharatiya Janata Party,BJP,Hamirpur,Himachal Pradesh,https://sansad.in/getFile/dms/fetch/008c4692-27b4-435f-b7e1-0c1981724097?source=dsp2,/Users/alokkumardalei/Desktop/MPLED/MPLEDs/data/mp_profiles/images/ls_4249.jpg,cached,https://sansad.in/ls/members,2026-08-29T07:57:18.033216+00:00,mplads/mp_profiles/lok_sabha/4249_anurag_singh_thakur,https://res.cloudinary.com/dfgsefn5v/image/upload/v1788003213/mplads/mp_profiles/lok_sabha/4249_anurag_singh_thakur.jpg,a0ba241c3f57f1f06e0dedf998c7cc31,uploaded,2026-08-29T11:33:33.704697+00:00
Lok Sabha,5662,Devesh Chandra Thakur,Janata Dal (United),JD(U),Sitamarhi,Bihar,https://sansad.in/getFile/dms/fetch/5f7a385d-1efc-4fb6-a9ec-ebd5a9d1271d?source=dsp2,/Users/alokkumardalei/Desktop/MPLED/MPLEDs/data/mp_profiles/images/ls_5662.jpg,cached,https://sansad.in/ls/members,2026-08-29T07:57:18.033216+00:00,mplads/mp_profiles/lok_sabha/5662_devesh_chandra_thakur,https://res.cloudinary.com/dfgsefn5v/image/upload/v1788003213/mplads/mp_profiles/lok_sabha/5662_devesh_chandra_thakur.jpg,6a5b7e177369e1127e41ac552beb22c9,uploaded,2026-08-29T11:33:33.744704+00:00
Lok Sabha,5176,Gopal Jee Thakur,Bharatiya Janata Party,BJP,Darbhanga,Bihar,https://sansad.in/getFile/dms/fetch/7a6b3734-c390-49c4-a27f-bb9c2cbbbc3e?source=dsp2,/Users/alokkumardalei/Desktop/MPLED/MPLEDs/data/mp_profiles/images/ls_5176.jpg,cached,https://sansad.in/ls/members,2026-08-29T07:57:18.033216+00:00,mplads/mp_profiles/lok_sabha/5176_gopal_jee_thakur,https://res.cloudinary.com/dfgsefn5v/image/upload/v1788003213/mplads/mp_profiles/lok_sabha/5176_gopal_jee_thakur.jpg,104aeba2efda4c3a803a75a2182bf514,uploaded,2026-08-29T11:33:34.220200+00:00
Lok Sabha,5036,Shantanu Thakur,Bharatiya Janata Party,BJP,Bangaon,West Bengal,https://sansad.in/getFile/dms/fetch/2b09c545-0b54-4173-ba73-739e48d2b93f?source=dsp2,/Users/alokkumardalei/Desktop/MPLED/MPLEDs/data/mp_profiles/images/ls_5036.jpg,cached,https://sansad.in/ls/members,2026-08-29T07:57:18.033216+00:00,mplads/mp_profiles/lok_sabha/5036_shantanu_thakur,https://res.cloudinary.com/dfgsefn5v/image/upload/v1788003214/mplads/mp_profiles/lok_sabha/5036_shantanu_thakur.jpg,ef3c15a3064fac25e228d7a40bf31b2e,uploaded,2026-08-29T11:33:34.434685+00:00
Lok Sabha,5712,Vivek Thakur,Bharatiya Janata Party,BJP,Nawada,Bihar,https://sansad.in/getFile/dms/fetch/99635e5c-abf9-420a-815a-d7fd27785792?source=dsp2,/Users/alokkumardalei/Desktop/MPLED/MPLEDs/data/mp_profiles/images/ls_5712.jpg,cached,https://sansad.in/ls/members,2026-08-29T07:57:18.033216+00:00,mplads/mp_profiles/lok_sabha/5712_vivek_thakur,https://res.cloudinary.com/dfgsefn5v/image/upload/v1788003213/mplads/mp_profiles/lok_sabha/5712_vivek_thakur.jpg,6c276dd176cd0343eb883b5941f47a92,uploaded,2026-08-29T11:33:34.245664+00:00
Lok Sabha,4596,Savitri Thakur,Bharatiya Janata Party,BJP,Dhar,Madhya Pradesh,https://sansad.in/getFile/dms/fetch/294e5a52-7de0-4b6f-9c6a-9955caed90e5?source=dsp2,/Users/alokkumardalei/Desktop/MPLED/MPLEDs/data/mp_profiles/images/ls_4596.jpg,cached,https://sansad.in/ls/members,2026-08-29T07:57:18.033216+00:00,mplads/mp_profiles/lok_sabha/4596_savitri_thakur,https://res.cloudinary.com/dfgsefn5v/image/upload/v1788003213/mplads/mp_profiles/lok_sabha/4596_savitri_thakur.jpg,ac6e1af525c93f504558212b0ede117e,uploaded,2026-08-29T11:33:34.287679+00:00
Lok Sabha,4961,T Sumathy Alias Thamizhachi Thangapandian,Dravida Munnetra Kazhagam,DMK,Chennai South,Tamil Nadu,https://sansad.in/getFile/dms/fetch/7086c4e7-fc0b-4566-907a-c951d270ca12?source=dsp2,/Users/alokkumardalei/Desktop/MPLED/MPLEDs/data/mp_profiles/images/ls_4961.jpg,cached,https://sansad.in/ls/members,2026-08-29T07:57:18.033216+00:00,mplads/mp_profiles/lok_sabha/4961_t_sumathy_alias_thamizhachi_thangapandian,https://res.cloudinary.com/dfgsefn5v/image/upload/v1788003214/mplads/mp_profiles/lok_sabha/4961_t_sumathy_alias_thamizhachi_thangapandian.jpg,c95cd56b0cd04976eea50461e8328191,uploaded,2026-08-29T11:33:34.776834+00:00
Lok Sabha,4569,Shashi Tharoor,Indian National Congress,INC,Thiruvananthapuram,Kerala,https://sansad.in/getFile/dms/fetch/4e8a0bec-d47c-4691-b1df-4a1cb4b82c40?source=dsp2,/Users/alokkumardalei/Desktop/MPLED/MPLEDs/data/mp_profiles/images/ls_4569.jpg,cached,https://sansad.in/ls/members,2026-08-29T07:57:18.033216+00:00,mplads/mp_profiles/lok_sabha/4569_shashi_tharoor,https://res.cloudinary.com/dfgsefn5v/image/upload/v1788003214/mplads/mp_profiles/lok_sabha/4569_shashi_tharoor.jpg,7bff3dea30a373f34b51df32a621e0c6,uploaded,2026-08-29T11:33:34.831236+00:00
Lok Sabha,4549,Thirumaavalavan Tholkappiyan,Viduthalai Chiruthaigal Katchi,VCK,Chidambaram,Tamil Nadu,https://sansad.in/getFile/dms/fetch/dfca72c0-7ed9-4464-9c92-9f71a5b572c8?source=dsp2,/Users/alokkumardalei/Desktop/MPLED/MPLEDs/data/mp_profiles/images/ls_4549.jpg,cached,https://sansad.in/ls/members,2026-08-29T07:57:18.033216+00:00,mplads/mp_profiles/lok_sabha/4549_thirumaavalavan_tholkappiyan,https://res.cloudinary.com/dfgsefn5v/image/upload/v1788003214/mplads/mp_profiles/lok_sabha/4549_thirumaavalavan_tholkappiyan.jpg,31b057e31fa31df81c973b1d94b38fce,uploaded,2026-08-29T11:33:34.869404+00:00
Lok Sabha,5596,Manoj Tigga,Bharatiya Janata Party,BJP,Alipurduars,West Bengal,https://sansad.in/getFile/dms/fetch/82a20348-ba78-40a6-b26a-f2f6c79e9c24?source=dsp2,/Users/alokkumardalei/Desktop/MPLED/MPLEDs/data/mp_profiles/images/ls_5596.jpg,cached,https://sansad.in/ls/members,2026-08-29T07:57:18.033216+00:00,mplads/mp_profiles/lok_sabha/5596_manoj_tigga,https://res.cloudinary.com/dfgsefn5v/image/upload/v1788003214/mplads/mp_profiles/lok_sabha/5596_manoj_tigga.jpg,40fa60c07a7e9f9ae65011954d82ffc0,uploaded,2026-08-29T11:33:34.926920+00:00
Lok Sabha,5658,Amarsing Tisso,Bharatiya Janata Party,BJP,Diphu,Assam,https://sansad.in/getFile/dms/fetch/6da51d53-aa7c-4e75-849f-150b6b7f00c3?source=dsp2,/Users/alokkumardalei/Desktop/MPLED/MPLEDs/data/mp_profiles/images/ls_5658.jpg,cached,https://sansad.in/ls/members,2026-08-29T07:57:18.033216+00:00,mplads/mp_profiles/lok_sabha/5658_amarsing_tisso,https://res.cloudinary.com/dfgsefn5v/image/upload/v1788003215/mplads/mp_profiles/lok_sabha/5658_amarsing_tisso.jpg,1dcc5a2b9f72b68939e6bde913651cef,uploaded,2026-08-29T11:33:35.322101+00:00
Lok Sabha,4606,Manoj Tiwari,Bharatiya Janata Party,BJP,North East Delhi,NCT of Delhi,https://sansad.in/getFile/dms/fetch/55b6f30f-906d-4aaf-a839-fb631c1f2d28?source=dsp2,/Users/alokkumardalei/Desktop/MPLED/MPLEDs/data/mp_profiles/images/ls_4606.jpg,cached,https://sansad.in/ls/members,2026-08-29T07:57:18.033216+00:00,mplads/mp_profiles/lok_sabha/4606_manoj_tiwari,https://res.cloudinary.com/dfgsefn5v/image/upload/v1788003215/mplads/mp_profiles/lok_sabha/4606_manoj_tiwari.jpg,53f0abf21e8ad9cf5710c6a9edb5dbf0,uploaded,2026-08-29T11:33:35.348677+00:00
Lok Sabha,5604,Shivmangal Singh Tomar,Bharatiya Janata Party,BJP,Morena,Madhya Pradesh,https://sansad.in/getFile/dms/fetch/e7664aad-a0a6-4815-80e5-07526c9af59a?source=dsp2,/Users/alokkumardalei/Desktop/MPLED/MPLEDs/data/mp_profiles/images/ls_5604.jpg,cached,https://sansad.in/ls/members,2026-08-29T07:57:18.033216+00:00,mplads/mp_profiles/lok_sabha/5604_shivmangal_singh_tomar,https://res.cloudinary.com/dfgsefn5v/image/upload/v1788003215/mplads/mp_profiles/lok_sabha/5604_shivmangal_singh_tomar.jpg,3b19358f68c3feaa4522a357ec14c51d,uploaded,2026-08-29T11:33:35.407309+00:00
Lok Sabha,5823,E Tukaram,Indian National Congress,INC,Bellary,Karnataka,https://sansad.in/getFile/dms/fetch/91e8b783-33ac-4134-9d6d-b4e9b2e936ea?source=dsp2,/Users/alokkumardalei/Desktop/MPLED/MPLEDs/data/mp_profiles/images/ls_5823.jpg,cached,https://sansad.in/ls/members,2026-08-29T07:57:18.033216+00:00,mplads/mp_profiles/lok_sabha/5823_e_tukaram,https://res.cloudinary.com/dfgsefn5v/image/upload/v1788003215/mplads/mp_profiles/lok_sabha/5823_e_tukaram.jpg,72f18c388cec60f5dddb7f8e8c60819d,uploaded,2026-08-29T11:33:35.562525+00:00
Lok Sabha,5057,Durgadas D D Uikey,Bharatiya Janata Party,BJP,Betul,Madhya Pradesh,https://sansad.in/getFile/dms/fetch/56683eec-489c-4f8b-8d9e-75736852ca80?source=dsp2,/Users/alokkumardalei/Desktop/MPLED/MPLEDs/data/mp_profiles/images/ls_5057.jpg,cached,https://sansad.in/ls/members,2026-08-29T07:57:18.033216+00:00,mplads/mp_profiles/lok_sabha/5057_durgadas_d_d_uikey,https://res.cloudinary.com/dfgsefn5v/image/upload/v1788003215/mplads/mp_profiles/lok_sabha/5057_durgadas_d_d_uikey.jpg,1f112630b00ecd109c87e9c698161c2b,uploaded,2026-08-29T11:33:35.867028+00:00
Lok Sabha,4996,Saptagiri Sankar Ulaka,Indian National Congress,INC,Koraput,Odisha,https://sansad.in/getFile/dms/fetch/95f21a7a-3ba8-4118-ad71-02630a2ab55b?source=dsp2,/Users/alokkumardalei/Desktop/MPLED/MPLEDs/data/mp_profiles/images/ls_4996.jpg,cached,https://sansad.in/ls/members,2026-08-29T07:57:18.033216+00:00,mplads/mp_profiles/lok_sabha/4996_saptagiri_sankar_ulaka,https://res.cloudinary.com/dfgsefn5v/image/upload/v1788003215/mplads/mp_profiles/lok_sabha/4996_saptagiri_sankar_ulaka.jpg,ac8b416e91fcc0dde04641d59b891536,uploaded,2026-08-29T11:33:35.875936+00:00
Lok Sabha,5127,Rajmohan Unnithan,Indian National Congress,INC,Kasaragod,Kerala,https://sansad.in/getFile/dms/fetch/23b3361c-8011-4431-9115-720e17d4a3cd?source=dsp2,/Users/alokkumardalei/Desktop/MPLED/MPLEDs/data/mp_profiles/images/ls_5127.jpg,cached,https://sansad.in/ls/members,2026-08-29T07:57:18.033216+00:00,mplads/mp_profiles/lok_sabha/5127_rajmohan_unnithan,https://res.cloudinary.com/dfgsefn5v/image/upload/v1788003215/mplads/mp_profiles/lok_sabha/5127_rajmohan_unnithan.jpg,cd5daef1fb15b9c5854164403bf19d1a,uploaded,2026-08-29T11:33:35.925384+00:00
Lok Sabha,5800,Selvaraj V,Communist Party of India,CPI,Nagapattinam,Tamil Nadu,https://sansad.in/getFile/dms/fetch/4ae9a52f-31c8-4e3d-8c16-933c9c3e9449?source=dsp2,/Users/alokkumardalei/Desktop/MPLED/MPLEDs/data/mp_profiles/images/ls_5800.jpg,cached,https://sansad.in/ls/members,2026-08-29T07:57:18.033216+00:00,mplads/mp_profiles/lok_sabha/5800_selvaraj_v,https://res.cloudinary.com/dfgsefn5v/image/upload/v1788003215/mplads/mp_profiles/lok_sabha/5800_selvaraj_v.jpg,89f25442559f999dfc8bc8e5a00b988d,uploaded,2026-08-29T11:33:36.206343+00:00
Lok Sabha,5836,Priyanka Gandhi Vadra,Indian National Congress,INC,Wayanad,Kerala,https://sansad.in/getFile/dms/fetch/4e5d027a-4854-4881-9a3b-18c471532975?source=dsp2,/Users/alokkumardalei/Desktop/MPLED/MPLEDs/data/mp_profiles/images/ls_5836.jpg,cached,https://sansad.in/ls/members,2026-08-29T07:57:18.033216+00:00,mplads/mp_profiles/lok_sabha/5836_priyanka_gandhi_vadra,https://res.cloudinary.com/dfgsefn5v/image/upload/v1788003216/mplads/mp_profiles/lok_sabha/5836_priyanka_gandhi_vadra.jpg,1aa238f784fbdd82b2662b4a05df8dcd,uploaded,2026-08-29T11:33:36.573367+00:00
Lok Sabha,5828,Durai Vaiko,Marumalarchi Dravida Munnetra Kazhagam,MDMK,Tiruchirappalli,Tamil Nadu,https://sansad.in/getFile/dms/fetch/91af451b-c27e-4e37-9f77-3ce7fe1cc2b9?source=dsp2,/Users/alokkumardalei/Desktop/MPLED/MPLEDs/data/mp_profiles/images/ls_5828.jpg,cached,https://sansad.in/ls/members,2026-08-29T07:57:18.033216+00:00,mplads/mp_profiles/lok_sabha/5828_durai_vaiko,https://res.cloudinary.com/dfgsefn5v/image/upload/v1788003216/mplads/mp_profiles/lok_sabha/5828_durai_vaiko.jpg,06e5f7399a763c01da893c6541974d69,uploaded,2026-08-29T11:33:36.525098+00:00
Lok Sabha,5120,Ve Vaithilingam,Indian National Congress,INC,Puducherry,Puducherry,https://sansad.in/getFile/dms/fetch/c4779294-8e18-4306-8968-7d9d68a6eb02?source=dsp2,/Users/alokkumardalei/Desktop/MPLED/MPLEDs/data/mp_profiles/images/ls_5120.jpg,cached,https://sansad.in/ls/members,2026-08-29T07:57:18.033216+00:00,mplads/mp_profiles/lok_sabha/5120_ve_vaithilingam,https://res.cloudinary.com/dfgsefn5v/image/upload/v1788003216/mplads/mp_profiles/lok_sabha/5120_ve_vaithilingam.jpg,065d81a65861297867c2f87446a2ce16,uploaded,2026-08-29T11:33:36.434183+00:00
Lok Sabha,4021,Balashowry Vallabhaneni,Janasena Party,JSP,Machilipatnam,Andhra Pradesh,https://sansad.in/getFile/dms/fetch/efb20027-79b9-4d4f-91af-b54b213c7c14?source=dsp2,/Users/alokkumardalei/Desktop/MPLED/MPLEDs/data/mp_profiles/images/ls_4021.jpg,cached,https://sansad.in/ls/members,2026-08-29T07:57:18.033216+00:00,mplads/mp_profiles/lok_sabha/4021_balashowry_vallabhaneni,https://res.cloudinary.com/dfgsefn5v/image/upload/v1788003216/mplads/mp_profiles/lok_sabha/4021_balashowry_vallabhaneni.jpg,990d2de1ea45e705338b9c7af8fcdaeb,uploaded,2026-08-29T11:33:37.085210+00:00
Lok Sabha,5576,Anoop Pradhan Valmiki,Bharatiya Janata Party,BJP,Hathras,Uttar Pradesh,https://sansad.in/getFile/dms/fetch/fd9e57fa-2080-4178-9fe2-589936872913?source=dsp2,/Users/alokkumardalei/Desktop/MPLED/MPLEDs/data/mp_profiles/images/ls_5576.jpg,cached,https://sansad.in/ls/members,2026-08-29T07:57:18.033216+00:00,mplads/mp_profiles/lok_sabha/5576_anoop_pradhan_valmiki,https://res.cloudinary.com/dfgsefn5v/image/upload/v1788003216/mplads/mp_profiles/lok_sabha/5576_anoop_pradhan_valmiki.jpg,e83020167fbc3468dd85fc9b82774d43,uploaded,2026-08-29T11:33:37.032787+00:00
Lok Sabha,5600,Richard Vanlalhmangaiha,Zoram Peoples Movement,ZPM,Mizoram,Mizoram,https://sansad.in/getFile/dms/fetch/085432dd-2003-419d-a086-b13a7ced03dc?source=dsp2,/Users/alokkumardalei/Desktop/MPLED/MPLEDs/data/mp_profiles/images/ls_5600.jpg,cached,https://sansad.in/ls/members,2026-08-29T07:57:18.033216+00:00,mplads/mp_profiles/lok_sabha/5600_richard_vanlalhmangaiha,https://res.cloudinary.com/dfgsefn5v/image/upload/v1788003216/mplads/mp_profiles/lok_sabha/5600_richard_vanlalhmangaiha.jpg,2c1003c521301cb84f75e3c12b28c6bb,uploaded,2026-08-29T11:33:37.073614+00:00
Lok Sabha,5533,Vijayakumar Alias Vijay Vasanth,Indian National Congress,INC,Kanniyakumari,Tamil Nadu,https://sansad.in/getFile/dms/fetch/ccbf4c94-d024-4281-8a05-39b484eff335?source=dsp2,/Users/alokkumardalei/Desktop/MPLED/MPLEDs/data/mp_profiles/images/ls_5533.jpg,cached,https://sansad.in/ls/members,2026-08-29T07:57:18.033216+00:00,mplads/mp_profiles/lok_sabha/5533_vijayakumar_alias_vijay_vasanth,https://res.cloudinary.com/dfgsefn5v/image/upload/v1788003216/mplads/mp_profiles/lok_sabha/5533_vijayakumar_alias_vijay_vasanth.jpg,823d03401d78b4391123eeb1ad3211bc,uploaded,2026-08-29T11:33:37.175956+00:00
Lok Sabha,5835,Chavan Ravindra Vasantrao,Indian National Congress,INC,Nanded,Maharashtra,https://sansad.in/getFile/dms/fetch/ae85460b-649f-4a0e-a887-10a6374eae10?source=dsp2,/Users/alokkumardalei/Desktop/MPLED/MPLEDs/data/mp_profiles/images/ls_5835.jpg,cached,https://sansad.in/ls/members,2026-08-29T07:57:18.033216+00:00,mplads/mp_profiles/lok_sabha/5835_chavan_ravindra_vasantrao,https://res.cloudinary.com/dfgsefn5v/image/upload/v1788003217/mplads/mp_profiles/lok_sabha/5835_chavan_ravindra_vasantrao.jpg,616929d019a3f4da5efaa73b288b6898,uploaded,2026-08-29T11:33:38.522942+00:00
Lok Sabha,501,Mansukhbhai Dhanjibhai Vasava,Bharatiya Janata Party,BJP,Bharuch,Gujarat,https://sansad.in/getFile/dms/fetch/8421b3e4-965b-4a06-8d75-8be3b6c09497?source=dsp2,/Users/alokkumardalei/Desktop/MPLED/MPLEDs/data/mp_profiles/images/ls_501.jpg,cached,https://sansad.in/ls/members,2026-08-29T07:57:18.033216+00:00,mplads/mp_profiles/lok_sabha/501_mansukhbhai_dhanjibhai_vasava,https://res.cloudinary.com/dfgsefn5v/image/upload/v1788003217/mplads/mp_profiles/lok_sabha/501_mansukhbhai_dhanjibhai_vasava.jpg,bf6ff40aa6417e4f78a353f647d48448,uploaded,2026-08-29T11:33:37.674334+00:00
Lok Sabha,4757,Parbhubhai Nagarbhai Vasava,Bharatiya Janata Party,BJP,Bardoli,Gujarat,https://sansad.in/getFile/dms/fetch/58263224-04de-47c9-8529-f08da14653e1?source=dsp2,/Users/alokkumardalei/Desktop/MPLED/MPLEDs/data/mp_profiles/images/ls_4757.jpg,cached,https://sansad.in/ls/members,2026-08-29T07:57:18.033216+00:00,mplads/mp_profiles/lok_sabha/4757_parbhubhai_nagarbhai_vasava,https://res.cloudinary.com/dfgsefn5v/image/upload/v1788003217/mplads/mp_profiles/lok_sabha/4757_parbhubhai_nagarbhai_vasava.jpg,ed6ec446b73a1b5fad94ba0132df8ece,uploaded,2026-08-29T11:33:37.689872+00:00
Lok Sabha,4959,Kalanidhi Veeraswamy,Dravida Munnetra Kazhagam,DMK,Chennai North,Tamil Nadu,https://sansad.in/getFile/dms/fetch/f72de815-9272-4d1c-8514-8316723d137d?source=dsp2,/Users/alokkumardalei/Desktop/MPLED/MPLEDs/data/mp_profiles/images/ls_4959.jpg,cached,https://sansad.in/ls/members,2026-08-29T07:57:18.033216+00:00,mplads/mp_profiles/lok_sabha/4959_kalanidhi_veeraswamy,https://res.cloudinary.com/dfgsefn5v/image/upload/v1788003217/mplads/mp_profiles/lok_sabha/4959_kalanidhi_veeraswamy.jpg,5bab92e414c2314858395944970d0ed6,uploaded,2026-08-29T11:33:37.750017+00:00
Lok Sabha,5765,Prabhakar Reddy Vemireddy,Telugu Desam Party,TDP,Nellore,Andhra Pradesh,https://sansad.in/getFile/dms/fetch/847132e4-7abd-4f37-9f07-86e465cf4201?source=dsp2,/Users/alokkumardalei/Desktop/MPLED/MPLEDs/data/mp_profiles/images/ls_5765.jpg,cached,https://sansad.in/ls/members,2026-08-29T07:57:18.033216+00:00,mplads/mp_profiles/lok_sabha/5765_prabhakar_reddy_vemireddy,https://res.cloudinary.com/dfgsefn5v/image/upload/v1788003217/mplads/mp_profiles/lok_sabha/5765_prabhakar_reddy_vemireddy.jpg,970fdfb4594703c6a2d896a5fc51c41e,uploaded,2026-08-29T11:33:38.220651+00:00
Lok Sabha,4965,S Venkatesan,Communist Party of India (Marxist),CPI(M),Madurai,Tamil Nadu,https://sansad.in/getFile/dms/fetch/31043000-0a5a-4923-9e11-c0b9cab4ed42?source=dsp2,/Users/alokkumardalei/Desktop/MPLED/MPLEDs/data/mp_profiles/images/ls_4965.jpg,cached,https://sansad.in/ls/members,2026-08-29T07:57:18.033216+00:00,mplads/mp_profiles/lok_sabha/4965_s_venkatesan,https://res.cloudinary.com/dfgsefn5v/image/upload/v1788003217/mplads/mp_profiles/lok_sabha/4965_s_venkatesan.jpg,0f0f81da70a1bee30a8f75c21c8a2561,uploaded,2026-08-29T11:33:38.318836+00:00
Lok Sabha,4567,K C Venugopal,Indian National Congress,INC,Alappuzha,Kerala,https://sansad.in/getFile/dms/fetch/f5036618-a43a-4b9a-bec2-5350581e5cc2?source=dsp2,/Users/alokkumardalei/Desktop/MPLED/MPLEDs/data/mp_profiles/images/ls_4567.jpg,cached,https://sansad.in/ls/members,2026-08-29T07:57:18.033216+00:00,mplads/mp_profiles/lok_sabha/4567_k_c_venugopal,https://res.cloudinary.com/dfgsefn5v/image/upload/v1788003218/mplads/mp_profiles/lok_sabha/4567_k_c_venugopal.jpg,31969aa0236d480bff459b3264dc084e,uploaded,2026-08-29T11:33:39.358671+00:00
Lok Sabha,5794,Lalji Verma,Samajwadi Party,SP,Ambedkar Nagar,Uttar Pradesh,https://sansad.in/getFile/dms/fetch/e3a6abc7-4c17-4ba3-8d43-2a60a3a7fd5b?source=dsp2,/Users/alokkumardalei/Desktop/MPLED/MPLEDs/data/mp_profiles/images/ls_5794.jpg,cached,https://sansad.in/ls/members,2026-08-29T07:57:18.033216+00:00,mplads/mp_profiles/lok_sabha/5794_lalji_verma,https://res.cloudinary.com/dfgsefn5v/image/upload/v1788003218/mplads/mp_profiles/lok_sabha/5794_lalji_verma.jpg,cab3adc8a575d211a108635101f6369c,uploaded,2026-08-29T11:33:38.767108+00:00
Lok Sabha,5605,Rajesh Verma,Lok Jan Shakti Party (Ram Vilas),LJSP(RV),Khagaria,Bihar,https://sansad.in/getFile/dms/fetch/2c9f4e5c-6bef-4b0e-90a3-2389ecb5d92a?source=dsp2,/Users/alokkumardalei/Desktop/MPLED/MPLEDs/data/mp_profiles/images/ls_5605.jpg,cached,https://sansad.in/ls/members,2026-08-29T07:57:18.033216+00:00,mplads/mp_profiles/lok_sabha/5605_rajesh_verma,https://res.cloudinary.com/dfgsefn5v/image/upload/v1788003218/mplads/mp_profiles/lok_sabha/5605_rajesh_verma.jpg,b8206f3825bc4950750caeb79b8443d5,uploaded,2026-08-29T11:33:39.364007+00:00
Lok Sabha,5164,Ram Shiromani Verma,Samajwadi Party,SP,Shrawasti,Uttar Pradesh,https://sansad.in/getFile/dms/fetch/4f8aedd0-9dfd-4d6b-b18f-e5d6d76c8de2?source=dsp2,/Users/alokkumardalei/Desktop/MPLED/MPLEDs/data/mp_profiles/images/ls_5164.jpg,cached,https://sansad.in/ls/members,2026-08-29T07:57:18.033216+00:00,mplads/mp_profiles/lok_sabha/5164_ram_shiromani_verma,https://res.cloudinary.com/dfgsefn5v/image/upload/v1788003218/mplads/mp_profiles/lok_sabha/5164_ram_shiromani_verma.jpg,1ed3cff6eebdfc8bbeed1f1028b81230,uploaded,2026-08-29T11:33:39.054871+00:00
Lok Sabha,5706,Ruchi Vira,Samajwadi Party,SP,Moradabad,Uttar Pradesh,https://sansad.in/getFile/dms/fetch/d9910ce8-598c-4503-ba6b-cb6391fab8ff?source=dsp2,/Users/alokkumardalei/Desktop/MPLED/MPLEDs/data/mp_profiles/images/ls_5706.jpg,cached,https://sansad.in/ls/members,2026-08-29T07:57:18.033216+00:00,mplads/mp_profiles/lok_sabha/5706_ruchi_vira,https://res.cloudinary.com/dfgsefn5v/image/upload/v1788003219/mplads/mp_profiles/lok_sabha/5706_ruchi_vira.jpg,92339ffbfce634a5f84b788979b8ac12,uploaded,2026-08-29T11:33:39.362087+00:00
Lok Sabha,5682,Yaduveer Wadiyar,Bharatiya Janata Party,BJP,Mysore,Karnataka,https://sansad.in/getFile/dms/fetch/426fb98c-4ff3-4f2b-b80c-a85d73281dda?source=dsp2,/Users/alokkumardalei/Desktop/MPLED/MPLEDs/data/mp_profiles/images/ls_5682.jpg,cached,https://sansad.in/ls/members,2026-08-29T07:57:18.033216+00:00,mplads/mp_profiles/lok_sabha/5682_yaduveer_wadiyar,https://res.cloudinary.com/dfgsefn5v/image/upload/v1788003219/mplads/mp_profiles/lok_sabha/5682_yaduveer_wadiyar.jpg,a445ce4d441110e9804885c1663e87b7,uploaded,2026-08-29T11:33:39.621917+00:00
Lok Sabha,5723,Smita Uday Wagh,Bharatiya Janata Party,BJP,Jalgaon,Maharashtra,https://sansad.in/getFile/dms/fetch/e4cfd502-99e5-49da-9d12-2e11ef5c10cf?source=dsp2,/Users/alokkumardalei/Desktop/MPLED/MPLEDs/data/mp_profiles/images/ls_5723.jpg,cached,https://sansad.in/ls/members,2026-08-29T07:57:18.033216+00:00,mplads/mp_profiles/lok_sabha/5723_smita_uday_wagh,https://res.cloudinary.com/dfgsefn5v/image/upload/v1788003219/mplads/mp_profiles/lok_sabha/5723_smita_uday_wagh.jpg,5d37bcb47db315150cd2dc71e20af2d5,uploaded,2026-08-29T11:33:39.924082+00:00
Lok Sabha,5701,Ravindra Dattaram Waikar,Shiv Sena,SS,Mumbai North West,Maharashtra,https://sansad.in/getFile/dms/fetch/79610099-7d62-4829-a6a8-4a468c611235?source=dsp2,/Users/alokkumardalei/Desktop/MPLED/MPLEDs/data/mp_profiles/images/ls_5701.jpg,cached,https://sansad.in/ls/members,2026-08-29T07:57:18.033216+00:00,mplads/mp_profiles/lok_sabha/5701_ravindra_dattaram_waikar,https://res.cloudinary.com/dfgsefn5v/image/upload/v1788003220/mplads/mp_profiles/lok_sabha/5701_ravindra_dattaram_waikar.jpg,9a791ff2000ac5703d0662785b20a35d,uploaded,2026-08-29T11:33:40.816100+00:00
Lok Sabha,5790,Rajabhau Parag Prakash Waje,Shiv Sena (Uddhav Balasaheb Thackrey),SHSUBT,Nashik,Maharashtra,https://sansad.in/getFile/dms/fetch/ac593996-3c2d-4a12-80f2-ad66f06031aa?source=dsp2,/Users/alokkumardalei/Desktop/MPLED/MPLEDs/data/mp_profiles/images/ls_5790.jpg,cached,https://sansad.in/ls/members,2026-08-29T07:57:18.033216+00:00,mplads/mp_profiles/lok_sabha/5790_rajabhau_parag_prakash_waje,https://res.cloudinary.com/dfgsefn5v/image/upload/v1788003220/mplads/mp_profiles/lok_sabha/5790_rajabhau_parag_prakash_waje.jpg,a0188676b655eeb3a73c00acdf08ba62,uploaded,2026-08-29T11:33:40.812419+00:00
Lok Sabha,4385,Bhausaheb Rajaram Wakchaure,Shiv Sena,SS,Shirdi,Maharashtra,https://sansad.in/getFile/dms/fetch/8cf51197-74bb-40bc-98de-886ea965e2fc?source=dsp2,/Users/alokkumardalei/Desktop/MPLED/MPLEDs/data/mp_profiles/images/ls_4385.jpg,cached,https://sansad.in/ls/members,2026-08-29T07:57:18.033216+00:00,mplads/mp_profiles/lok_sabha/4385_bhausaheb_rajaram_wakchaure,https://res.cloudinary.com/dfgsefn5v/image/upload/v1788003219/mplads/mp_profiles/lok_sabha/4385_bhausaheb_rajaram_wakchaure.jpg,3823a6369c91c59e7d95af86213b9fd5,uploaded,2026-08-29T11:33:40.280484+00:00
Lok Sabha,5713,Balwant Baswant Wankhade,Indian National Congress,INC,Amravati,Maharashtra,https://sansad.in/getFile/dms/fetch/a635f1a0-4e98-46ae-8370-462e853d4032?source=dsp2,/Users/alokkumardalei/Desktop/MPLED/MPLEDs/data/mp_profiles/images/ls_5713.jpg,cached,https://sansad.in/ls/members,2026-08-29T07:57:18.033216+00:00,mplads/mp_profiles/lok_sabha/5713_balwant_baswant_wankhade,https://res.cloudinary.com/dfgsefn5v/image/upload/v1788003220/mplads/mp_profiles/lok_sabha/5713_balwant_baswant_wankhade.jpg,8b4324b762022ec88125d94782b7fd8d,uploaded,2026-08-29T11:33:41.006149+00:00
Lok Sabha,5692,Lata Wankhede,Bharatiya Janata Party,BJP,Sagar,Madhya Pradesh,https://sansad.in/getFile/dms/fetch/ac1b210b-b9b1-42ef-8c76-641b163a7796?source=dsp2,/Users/alokkumardalei/Desktop/MPLED/MPLEDs/data/mp_profiles/images/ls_5692.jpg,cached,https://sansad.in/ls/members,2026-08-29T07:57:18.033216+00:00,mplads/mp_profiles/lok_sabha/5692_lata_wankhede,https://res.cloudinary.com/dfgsefn5v/image/upload/v1788003220/mplads/mp_profiles/lok_sabha/5692_lata_wankhede.jpg,0f7dc7185bbc5f7f892d6deb18b767c0,uploaded,2026-08-29T11:33:40.804157+00:00
Lok Sabha,5747,Amrinder Singh Raja Warring,Indian National Congress,INC,Ludhiana,Punjab,https://sansad.in/getFile/dms/fetch/f817f1cd-b579-40cf-bec0-9591f1ac4b64?source=dsp2,/Users/alokkumardalei/Desktop/MPLED/MPLEDs/data/mp_profiles/images/ls_5747.jpg,cached,https://sansad.in/ls/members,2026-08-29T07:57:18.033216+00:00,mplads/mp_profiles/lok_sabha/5747_amrinder_singh_raja_warring,https://res.cloudinary.com/dfgsefn5v/image/upload/v1788003221/mplads/mp_profiles/lok_sabha/5747_amrinder_singh_raja_warring.jpg,2563b35028f42e2aee54a48447501ef0,uploaded,2026-08-29T11:33:41.332262+00:00
Lok Sabha,5802,Aditya Yadav,Samajwadi Party,SP,Badaun,Uttar Pradesh,https://sansad.in/getFile/dms/fetch/5874f9f9-9cad-490d-9797-5ec524b52580?source=dsp2,/Users/alokkumardalei/Desktop/MPLED/MPLEDs/data/mp_profiles/images/ls_5802.jpg,cached,https://sansad.in/ls/members,2026-08-29T07:57:18.033216+00:00,mplads/mp_profiles/lok_sabha/5802_aditya_yadav,https://res.cloudinary.com/dfgsefn5v/image/upload/v1788003221/mplads/mp_profiles/lok_sabha/5802_aditya_yadav.jpg,48d1f79229060a2cb894b8bd2e3748af,uploaded,2026-08-29T11:33:41.886538+00:00
Lok Sabha,564,Akhilesh Yadav,Samajwadi Party,SP,Kannauj,Uttar Pradesh,https://sansad.in/getFile/dms/fetch/f1f8ac05-8c70-4ee6-9d89-e0fb3e3c9c11?source=dsp2,/Users/alokkumardalei/Desktop/MPLED/MPLEDs/data/mp_profiles/images/ls_564.jpg,cached,https://sansad.in/ls/members,2026-08-29T07:57:18.033216+00:00,mplads/mp_profiles/lok_sabha/564_akhilesh_yadav,https://res.cloudinary.com/dfgsefn5v/image/upload/v1788003221/mplads/mp_profiles/lok_sabha/564_akhilesh_yadav.jpg,dd5cea4b3fe06ba62e2deb7c9fad7c02,uploaded,2026-08-29T11:33:41.542415+00:00
Lok Sabha,4779,Akshay Yadav,Samajwadi Party,SP,Firozabad,Uttar Pradesh,https://sansad.in/getFile/dms/fetch/740a6275-0f94-4770-9d5d-2e62c1a17a55?source=dsp2,/Users/alokkumardalei/Desktop/MPLED/MPLEDs/data/mp_profiles/images/ls_4779.jpg,cached,https://sansad.in/ls/members,2026-08-29T07:57:18.033216+00:00,mplads/mp_profiles/lok_sabha/4779_akshay_yadav,https://res.cloudinary.com/dfgsefn5v/image/upload/v1788003221/mplads/mp_profiles/lok_sabha/4779_akshay_yadav.jpg,b8cf61c8fabc0ea10660a265411b88e5,uploaded,2026-08-29T11:33:42.561368+00:00
Lok Sabha,5217,Ashok Kumar Yadav,Bharatiya Janata Party,BJP,Madhubani,Bihar,https://sansad.in/getFile/dms/fetch/82cbbdf4-51c1-4b22-b982-917140135628?source=dsp2,/Users/alokkumardalei/Desktop/MPLED/MPLEDs/data/mp_profiles/images/ls_5217.jpg,cached,https://sansad.in/ls/members,2026-08-29T07:57:18.033216+00:00,mplads/mp_profiles/lok_sabha/5217_ashok_kumar_yadav,https://res.cloudinary.com/dfgsefn5v/image/upload/v1788003221/mplads/mp_profiles/lok_sabha/5217_ashok_kumar_yadav.jpg,214c33eb62111451242e9dd85286acb4,uploaded,2026-08-29T11:33:41.941836+00:00
Lok Sabha,5541,Bhupender Yadav,Bharatiya Janata Party,BJP,Alwar,Rajasthan,https://sansad.in/getFile/dms/fetch/7163c96d-c5bc-4889-810f-565dd74da85e?source=dsp2,/Users/alokkumardalei/Desktop/MPLED/MPLEDs/data/mp_profiles/images/ls_5541.jpg,cached,https://sansad.in/ls/members,2026-08-29T07:57:18.033216+00:00,mplads/mp_profiles/lok_sabha/5541_bhupender_yadav,https://res.cloudinary.com/dfgsefn5v/image/upload/v1788003221/mplads/mp_profiles/lok_sabha/5541_bhupender_yadav.jpg,cbb3c19d8d8d4bd28b7ac03feb7ca8af,uploaded,2026-08-29T11:33:42.285006+00:00
Lok Sabha,4206,Dharmendra Yadav,Samajwadi Party,SP,Azamgarh,Uttar Pradesh,https://sansad.in/getFile/dms/fetch/6dc5ebb8-4197-4b71-b3ec-e737c55120de?source=dsp2,/Users/alokkumardalei/Desktop/MPLED/MPLEDs/data/mp_profiles/images/ls_4206.jpg,cached,https://sansad.in/ls/members,2026-08-29T07:57:18.033216+00:00,mplads/mp_profiles/lok_sabha/4206_dharmendra_yadav,https://res.cloudinary.com/dfgsefn5v/image/upload/v1788003222/mplads/mp_profiles/lok_sabha/4206_dharmendra_yadav.jpg,f2de7a7a5c8c5b1bb559b55012e75bb1,uploaded,2026-08-29T11:33:43.486773+00:00
Lok Sabha,527,Dinesh Chandra Yadav,Janata Dal (United),JD(U),Madhepura,Bihar,https://sansad.in/getFile/dms/fetch/e99f905e-8a17-468e-b03c-186c44a2cbac?source=dsp2,/Users/alokkumardalei/Desktop/MPLED/MPLEDs/data/mp_profiles/images/ls_527.jpg,cached,https://sansad.in/ls/members,2026-08-29T07:57:18.033216+00:00,mplads/mp_profiles/lok_sabha/527_dinesh_chandra_yadav,https://res.cloudinary.com/dfgsefn5v/image/upload/v1788003222/mplads/mp_profiles/lok_sabha/527_dinesh_chandra_yadav.jpg,8976459dccb087242a498e51825f72b6,uploaded,2026-08-29T11:33:42.592037+00:00
Lok Sabha,3830,Giridhari Yadav,Janata Dal (United),JD(U),Banka,Bihar,https://sansad.in/getFile/dms/fetch/faa4d4d2-9959-479e-9d22-c7792842c412?source=dsp2,/Users/alokkumardalei/Desktop/MPLED/MPLEDs/data/mp_profiles/images/ls_3830.jpg,cached,https://sansad.in/ls/members,2026-08-29T07:57:18.033216+00:00,mplads/mp_profiles/lok_sabha/3830_giridhari_yadav,https://res.cloudinary.com/dfgsefn5v/image/upload/v1788003222/mplads/mp_profiles/lok_sabha/3830_giridhari_yadav.jpg,e6580d013febab14755751a634a8eb57,uploaded,2026-08-29T11:33:42.825202+00:00
Lok Sabha,3955,Surendra Prasad Yadav,Rashtriya Janata Dal,RJD,Jahanabad,Bihar,https://sansad.in/getFile/dms/fetch/759dc9ef-c5f4-4833-8ddb-b0c3c91fffb9?source=dsp2,/Users/alokkumardalei/Desktop/MPLED/MPLEDs/data/mp_profiles/images/ls_3955.jpg,cached,https://sansad.in/ls/members,2026-08-29T07:57:18.033216+00:00,mplads/mp_profiles/lok_sabha/3955_surendra_prasad_yadav,https://res.cloudinary.com/dfgsefn5v/image/upload/v1788003222/mplads/mp_profiles/lok_sabha/3955_surendra_prasad_yadav.jpg,4f68cfcb0c33439dd06ce06539090aa2,uploaded,2026-08-29T11:33:43.627713+00:00
Lok Sabha,4580,Dimple Yadav,Samajwadi Party,SP,Mainpuri,Uttar Pradesh,https://sansad.in/getFile/dms/fetch/1182f4bc-d306-4d38-b8fd-f0f3612c7c23?source=dsp2,/Users/alokkumardalei/Desktop/MPLED/MPLEDs/data/mp_profiles/images/ls_4580.jpg,cached,https://sansad.in/ls/members,2026-08-29T07:57:18.033216+00:00,mplads/mp_profiles/lok_sabha/4580_dimple_yadav,https://res.cloudinary.com/dfgsefn5v/image/upload/v1788003222/mplads/mp_profiles/lok_sabha/4580_dimple_yadav.jpg,2a59c2916443a04efb4413a810d203e6,uploaded,2026-08-29T11:33:43.157868+00:00
Lok Sabha,5818,Pathan Yusuf,All India Trinamool Congress,AITC,Baharampur,West Bengal,https://sansad.in/getFile/dms/fetch/98fb2539-0a8a-4033-befd-eb194b21c867?source=dsp2,/Users/alokkumardalei/Desktop/MPLED/MPLEDs/data/mp_profiles/images/ls_5818.jpg,cached,https://sansad.in/ls/members,2026-08-29T07:57:18.033216+00:00,mplads/mp_profiles/lok_sabha/5818_pathan_yusuf,https://res.cloudinary.com/dfgsefn5v/image/upload/v1788003223/mplads/mp_profiles/lok_sabha/5818_pathan_yusuf.jpg,faa00ed6db06a334e58e0844211aa5fa,uploaded,2026-08-29T11:33:43.426457+00:00
Rajya Sabha,1929,"Abdul Wahab, Shri",Indian Union Muslim League,IUML,,Keralam,https://sansad.in/getFile/newmembers/photos/P1929.jpg?source=rajyasabha,/Users/alokkumardalei/Desktop/MPLED/MPLEDs/data/mp_profiles/images/rs_1929.jpg,cached,https://sansad.in/rs/members,2026-08-29T07:57:18.033216+00:00,mplads/mp_profiles/rajya_sabha/1929_abdul_wahab_shri,https://res.cloudinary.com/dfgsefn5v/image/upload/v1788003223/mplads/mp_profiles/rajya_sabha/1929_abdul_wahab_shri.jpg,89cedc45abd14e3bb7ef6778e7782d10,uploaded,2026-08-29T11:33:43.691597+00:00
Rajya Sabha,2556,"Agrawal, Dr. Radha Mohan Das",Bharatiya Janata Party,BJP,,Uttar Pradesh,https://sansad.in/getFile/newmembers/photos/P2556.jpg?source=rajyasabha,/Users/alokkumardalei/Desktop/MPLED/MPLEDs/data/mp_profiles/images/rs_2556.jpg,cached,https://sansad.in/rs/members,2026-08-29T07:57:18.033216+00:00,mplads/mp_profiles/rajya_sabha/2556_agrawal_dr_radha_mohan_das,https://res.cloudinary.com/dfgsefn5v/image/upload/v1788003223/mplads/mp_profiles/rajya_sabha/2556_agrawal_dr_radha_mohan_das.jpg,74ab10458e501cbb9251eb255f341146,uploaded,2026-08-29T11:33:43.980561+00:00
Rajya Sabha,2690,"Agrawal, Shri Rajneesh Kumar",Bharatiya Janata Party,BJP,,Madhya Pradesh,https://sansad.in/getFile/newmembers/photos/P2690.jpg?source=rajyasabha,/Users/alokkumardalei/Desktop/MPLED/MPLEDs/data/mp_profiles/images/rs_2690.jpg,cached,https://sansad.in/rs/members,2026-08-29T07:57:18.033216+00:00,mplads/mp_profiles/rajya_sabha/2690_agrawal_shri_rajneesh_kumar,https://res.cloudinary.com/dfgsefn5v/image/upload/v1788003223/mplads/mp_profiles/rajya_sabha/2690_agrawal_shri_rajneesh_kumar.jpg,71c1b785768abce981f6332b50e49fe2,uploaded,2026-08-29T11:33:44.047188+00:00
Rajya Sabha,2562,"Ahmad, Dr. Faiyaz",Rashtriya Janata Dal,RJD,,Bihar,https://sansad.in/getFile/newmembers/photos/P2562.jpg?source=rajyasabha,/Users/alokkumardalei/Desktop/MPLED/MPLEDs/data/mp_profiles/images/rs_2562.jpg,cached,https://sansad.in/rs/members,2026-08-29T07:57:18.033216+00:00,mplads/mp_profiles/rajya_sabha/2562_ahmad_dr_faiyaz,https://res.cloudinary.com/dfgsefn5v/image/upload/v1788003223/mplads/mp_profiles/rajya_sabha/2562_ahmad_dr_faiyaz.jpg,10d9b702138592fd26592d976745149e,uploaded,2026-08-29T11:33:44.138310+00:00
Rajya Sabha,2628,"Ahmad, Dr. Sarfraz",Jharkhand Mukti Morcha,JMM,,Jharkhand,https://sansad.in/getFile/newmembers/photos/P2628.jpg?source=rajyasabha,/Users/alokkumardalei/Desktop/MPLED/MPLEDs/data/mp_profiles/images/rs_2628.jpg,cached,https://sansad.in/rs/members,2026-08-29T07:57:18.033216+00:00,mplads/mp_profiles/rajya_sabha/2628_ahmad_dr_sarfraz,https://res.cloudinary.com/dfgsefn5v/image/upload/v1788003223/mplads/mp_profiles/rajya_sabha/2628_ahmad_dr_sarfraz.jpg,0344def733ce901ac1bf4c901a8744dd,uploaded,2026-08-29T11:33:44.203788+00:00
Rajya Sabha,2572,"Ali, Shri Gulam",Bharatiya Janata Party,BJP,,Nominated,https://sansad.in/getFile/newmembers/photos/P2572.jpg?source=rajyasabha,/Users/alokkumardalei/Desktop/MPLED/MPLEDs/data/mp_profiles/images/rs_2572.jpg,cached,https://sansad.in/rs/members,2026-08-29T07:57:18.033216+00:00,mplads/mp_profiles/rajya_sabha/2572_ali_shri_gulam,https://res.cloudinary.com/dfgsefn5v/image/upload/v1788003337/mplads/mp_profiles/rajya_sabha/2572_ali_shri_gulam.jpg,adfbb723c64dc6e16b2a6ff889cfedee,uploaded,2026-08-29T11:35:37.769546+00:00
Rajya Sabha,2248,"Athawale, Shri Ramdas Bandu",Republican Party of India (ATHAWALE),RPI (ATWL),,Maharashtra,https://sansad.in/getFile/newmembers/photos/P2248.jpg?source=rajyasabha,/Users/alokkumardalei/Desktop/MPLED/MPLEDs/data/mp_profiles/images/rs_2248.jpg,cached,https://sansad.in/rs/members,2026-08-29T07:57:18.033216+00:00,mplads/mp_profiles/rajya_sabha/2248_athawale_shri_ramdas_bandu,https://res.cloudinary.com/dfgsefn5v/image/upload/v1788003224/mplads/mp_profiles/rajya_sabha/2248_athawale_shri_ramdas_bandu.jpg,ef704cea74093f973ebcd20753119981,uploaded,2026-08-29T11:33:45.185061+00:00
Rajya Sabha,2641,"Babu, Shri Sana Sathish",Telugu Desam Party,TDP,,Andhra Pradesh,https://sansad.in/getFile/newmembers/photos/P2641.jpg?source=rajyasabha,/Users/alokkumardalei/Desktop/MPLED/MPLEDs/data/mp_profiles/images/rs_2641.jpg,cached,https://sansad.in/rs/members,2026-08-29T07:57:18.033216+00:00,mplads/mp_profiles/rajya_sabha/2641_babu_shri_sana_sathish,https://res.cloudinary.com/dfgsefn5v/image/upload/v1788003224/mplads/mp_profiles/rajya_sabha/2641_babu_shri_sana_sathish.jpg,bef7b142354f0371917274190fdd00df,uploaded,2026-08-29T11:33:44.831295+00:00
Rajya Sabha,2586,"Baburao, Shri Golla",Yuvajana Sramika Rythu Congress Party,YSRCP,,Andhra Pradesh,https://sansad.in/getFile/newmembers/photos/P2586.jpg?source=rajyasabha,/Users/alokkumardalei/Desktop/MPLED/MPLEDs/data/mp_profiles/images/rs_2586.jpg,cached,https://sansad.in/rs/members,2026-08-29T07:57:18.033216+00:00,mplads/mp_profiles/rajya_sabha/2586_baburao_shri_golla,https://res.cloudinary.com/dfgsefn5v/image/upload/v1788003224/mplads/mp_profiles/rajya_sabha/2586_baburao_shri_golla.jpg,1df210851d51c850a0bd6f4c95be7741,uploaded,2026-08-29T11:33:44.946200+00:00
Rajya Sabha,1964,"Bachchan, Smt. Jaya Amitabh",Samajwadi Party,SP,,Uttar Pradesh,https://sansad.in/getFile/newmembers/photos/P1964.jpg?source=rajyasabha,/Users/alokkumardalei/Desktop/MPLED/MPLEDs/data/mp_profiles/images/rs_1964.jpg,cached,https://sansad.in/rs/members,2026-08-29T07:57:18.033216+00:00,mplads/mp_profiles/rajya_sabha/1964_bachchan_smt_jaya_amitabh,https://res.cloudinary.com/dfgsefn5v/image/upload/v1788003225/mplads/mp_profiles/rajya_sabha/1964_bachchan_smt_jaya_amitabh.jpg,24751e4dbd10a2481c6e0e360b1af149,uploaded,2026-08-29T11:33:45.409720+00:00
Rajya Sabha,2064,"Baishya, Shri Birendra Prasad",Asom Gana Parishad,AGP,,Assam,https://sansad.in/getFile/newmembers/photos/P2064.jpg?source=rajyasabha,/Users/alokkumardalei/Desktop/MPLED/MPLEDs/data/mp_profiles/images/rs_2064.jpg,cached,https://sansad.in/rs/members,2026-08-29T07:57:18.033216+00:00,mplads/mp_profiles/rajya_sabha/2064_baishya_shri_birendra_prasad,https://res.cloudinary.com/dfgsefn5v/image/upload/v1788003225/mplads/mp_profiles/rajya_sabha/2064_baishya_shri_birendra_prasad.jpg,a66ced90e34a6d160d87ef6fd1911094,uploaded,2026-08-29T11:33:45.821293+00:00
Rajya Sabha,2558,"Bajpai, Dr. Laxmi Kant",Bharatiya Janata Party,BJP,,Uttar Pradesh,https://sansad.in/getFile/newmembers/photos/P2558.jpg?source=rajyasabha,/Users/alokkumardalei/Desktop/MPLED/MPLEDs/data/mp_profiles/images/rs_2558.jpg,cached,https://sansad.in/rs/members,2026-08-29T07:57:18.033216+00:00,mplads/mp_profiles/rajya_sabha/2558_bajpai_dr_laxmi_kant,https://res.cloudinary.com/dfgsefn5v/image/upload/v1788003226/mplads/mp_profiles/rajya_sabha/2558_bajpai_dr_laxmi_kant.jpg,bdca28ad18cd85890392eb3d0cca2f29,uploaded,2026-08-29T11:33:47.104395+00:00
Rajya Sabha,2533,"Balmik, Smt. Sumitra",Bharatiya Janata Party,BJP,,Madhya Pradesh,https://sansad.in/getFile/newmembers/photos/P2533.jpg?source=rajyasabha,/Users/alokkumardalei/Desktop/MPLED/MPLEDs/data/mp_profiles/images/rs_2533.jpg,cached,https://sansad.in/rs/members,2026-08-29T07:57:18.033216+00:00,mplads/mp_profiles/rajya_sabha/2533_balmik_smt_sumitra,https://res.cloudinary.com/dfgsefn5v/image/upload/v1788003229/mplads/mp_profiles/rajya_sabha/2533_balmik_smt_sumitra.jpg,d251cc68b3916592a725356989f8108d,uploaded,2026-08-29T11:33:49.955244+00:00
Rajya Sabha,2617,"Balwant, Dr. Sangeeta",Bharatiya Janata Party,BJP,,Uttar Pradesh,https://sansad.in/getFile/newmembers/photos/P2617.jpg?source=rajyasabha,/Users/alokkumardalei/Desktop/MPLED/MPLEDs/data/mp_profiles/images/rs_2617.jpg,cached,https://sansad.in/rs/members,2026-08-29T07:57:18.033216+00:00,mplads/mp_profiles/rajya_sabha/2617_balwant_dr_sangeeta,https://res.cloudinary.com/dfgsefn5v/image/upload/v1788003226/mplads/mp_profiles/rajya_sabha/2617_balwant_dr_sangeeta.jpg,5d4793c47421867023600446d16b40de,uploaded,2026-08-29T11:33:46.480899+00:00
Rajya Sabha,2493,"Bansal, Shri Naresh",Bharatiya Janata Party,BJP,,Uttarakhand,https://sansad.in/getFile/newmembers/photos/P2493.jpg?source=rajyasabha,/Users/alokkumardalei/Desktop/MPLED/MPLEDs/data/mp_profiles/images/rs_2493.jpg,cached,https://sansad.in/rs/members,2026-08-29T07:57:18.033216+00:00,mplads/mp_profiles/rajya_sabha/2493_bansal_shri_naresh,https://res.cloudinary.com/dfgsefn5v/image/upload/v1788003226/mplads/mp_profiles/rajya_sabha/2493_bansal_shri_naresh.jpg,21fe9fe7aed596d6207789a2f38b518a,uploaded,2026-08-29T11:33:47.131656+00:00
Rajya Sabha,2577,"Baraik, Shri Prakash Chik",Bharatiya Janata Party,BJP,,West Bengal,https://sansad.in/getFile/newmembers/photos/P2577.jpg?source=rajyasabha,/Users/alokkumardalei/Desktop/MPLED/MPLEDs/data/mp_profiles/images/rs_2577.jpg,cached,https://sansad.in/rs/members,2026-08-29T07:57:18.033216+00:00,mplads/mp_profiles/rajya_sabha/2577_baraik_shri_prakash_chik,https://res.cloudinary.com/dfgsefn5v/image/upload/v1788003228/mplads/mp_profiles/rajya_sabha/2577_baraik_shri_prakash_chik.jpg,5c9063841f80e69e53663b02943dd602,uploaded,2026-08-29T11:33:48.777883+00:00
Rajya Sabha,2677,"Baral, Shri Babul Supriya",All India Trinamool Congress,AITC,,West Bengal,https://sansad.in/getFile/newmembers/photos/P2677.jpg?source=rajyasabha,/Users/alokkumardalei/Desktop/MPLED/MPLEDs/data/mp_profiles/images/rs_2677.jpg,cached,https://sansad.in/rs/members,2026-08-29T07:57:18.033216+00:00,mplads/mp_profiles/rajya_sabha/2677_baral_shri_babul_supriya,https://res.cloudinary.com/dfgsefn5v/image/upload/v1788003227/mplads/mp_profiles/rajya_sabha/2677_baral_shri_babul_supriya.jpg,7e80c6daf2f18b86ec29c2c320b5c15f,uploaded,2026-08-29T11:33:48.015820+00:00
Rajya Sabha,2597,"Barala, Shri Subhash",Bharatiya Janata Party,BJP,,Haryana,https://sansad.in/getFile/newmembers/photos/P2597.jpg?source=rajyasabha,/Users/alokkumardalei/Desktop/MPLED/MPLEDs/data/mp_profiles/images/rs_2597.jpg,cached,https://sansad.in/rs/members,2026-08-29T07:57:18.033216+00:00,mplads/mp_profiles/rajya_sabha/2597_barala_shri_subhash,https://res.cloudinary.com/dfgsefn5v/image/upload/v1788003228/mplads/mp_profiles/rajya_sabha/2597_barala_shri_subhash.jpg,1b44587e2e971dfda92b902b052117e2,uploaded,2026-08-29T11:33:48.865621+00:00
Rajya Sabha,2527,"Beedha, Shri Masthan Rao Yadav",Telugu Desam Party,TDP,,Andhra Pradesh,https://sansad.in/getFile/newmembers/photos/P2527.jpg?source=rajyasabha,/Users/alokkumardalei/Desktop/MPLED/MPLEDs/data/mp_profiles/images/rs_2527.jpg,cached,https://sansad.in/rs/members,2026-08-29T07:57:18.033216+00:00,mplads/mp_profiles/rajya_sabha/2527_beedha_shri_masthan_rao_yadav,https://res.cloudinary.com/dfgsefn5v/image/upload/v1788003229/mplads/mp_profiles/rajya_sabha/2527_beedha_shri_masthan_rao_yadav.jpg,73180c8fa46513b268b32cd8bb66a8df,uploaded,2026-08-29T11:33:49.887393+00:00
Rajya Sabha,2631,"Beeran, Shri Haris",Indian Union Muslim League,IUML,,Keralam,https://sansad.in/getFile/newmembers/photos/P2631.jpg?source=rajyasabha,/Users/alokkumardalei/Desktop/MPLED/MPLEDs/data/mp_profiles/images/rs_2631.jpg,cached,https://sansad.in/rs/members,2026-08-29T07:57:18.033216+00:00,mplads/mp_profiles/rajya_sabha/2631_beeran_shri_haris,https://res.cloudinary.com/dfgsefn5v/image/upload/v1788003229/mplads/mp_profiles/rajya_sabha/2631_beeran_shri_haris.jpg,210ce7bf7a3e700bd0ba2a9bf352a2c2,uploaded,2026-08-29T11:33:49.392877+00:00
Rajya Sabha,2600,"Bhandage, Shri Narayanasa K.",Bharatiya Janata Party,BJP,,Karnataka,https://sansad.in/getFile/newmembers/photos/P2600.jpg?source=rajyasabha,/Users/alokkumardalei/Desktop/MPLED/MPLEDs/data/mp_profiles/images/rs_2600.jpg,cached,https://sansad.in/rs/members,2026-08-29T07:57:18.033216+00:00,mplads/mp_profiles/rajya_sabha/2600_bhandage_shri_narayanasa_k,https://res.cloudinary.com/dfgsefn5v/image/upload/v1788003229/mplads/mp_profiles/rajya_sabha/2600_bhandage_shri_narayanasa_k.jpg,0f9f6aa15263811d95664fd2788b96d0,uploaded,2026-08-29T11:33:49.951858+00:00
Rajya Sabha,2667,"Bhatia, Shri Sanjay",Bharatiya Janata Party,BJP,,Haryana,https://sansad.in/getFile/newmembers/photos/P2667.jpg?source=rajyasabha,/Users/alokkumardalei/Desktop/MPLED/MPLEDs/data/mp_profiles/images/rs_2667.jpg,cached,https://sansad.in/rs/members,2026-08-29T07:57:18.033216+00:00,mplads/mp_profiles/rajya_sabha/2667_bhatia_shri_sanjay,https://res.cloudinary.com/dfgsefn5v/image/upload/v1788003230/mplads/mp_profiles/rajya_sabha/2667_bhatia_shri_sanjay.jpg,c1f55636c5c525d969f82d4c28748845,uploaded,2026-08-29T11:33:50.478156+00:00
Rajya Sabha,2618,"Bhatt, Shri Mahendra",Bharatiya Janata Party,BJP,,Uttarakhand,https://sansad.in/getFile/newmembers/photos/P2618.jpg?source=rajyasabha,/Users/alokkumardalei/Desktop/MPLED/MPLEDs/data/mp_profiles/images/rs_2618.jpg,cached,https://sansad.in/rs/members,2026-08-29T07:57:18.033216+00:00,mplads/mp_profiles/rajya_sabha/2618_bhatt_shri_mahendra,https://res.cloudinary.com/dfgsefn5v/image/upload/v1788003230/mplads/mp_profiles/rajya_sabha/2618_bhatt_shri_mahendra.jpg,93f977d985e4dd9e621bda4d13a2f3dc,uploaded,2026-08-29T11:33:50.467927+00:00
Rajya Sabha,2640,"Bhattacharjee, Shri Rajib",Bharatiya Janata Party,BJP,,Tripura,https://sansad.in/getFile/newmembers/photos/P2640.jpg?source=rajyasabha,/Users/alokkumardalei/Desktop/MPLED/MPLEDs/data/mp_profiles/images/rs_2640.jpg,cached,https://sansad.in/rs/members,2026-08-29T07:57:18.033216+00:00,mplads/mp_profiles/rajya_sabha/2640_bhattacharjee_shri_rajib,https://res.cloudinary.com/dfgsefn5v/image/upload/v1788003231/mplads/mp_profiles/rajya_sabha/2640_bhattacharjee_shri_rajib.jpg,e1f2dc3f500d8af7a4a24f6bf273359a,uploaded,2026-08-29T11:33:51.772572+00:00
Rajya Sabha,2620,"Bhattacharya, Shri Samik",Bharatiya Janata Party,BJP,,West Bengal,https://sansad.in/getFile/newmembers/photos/P2620.jpg?source=rajyasabha,/Users/alokkumardalei/Desktop/MPLED/MPLEDs/data/mp_profiles/images/rs_2620.jpg,cached,https://sansad.in/rs/members,2026-08-29T07:57:18.033216+00:00,mplads/mp_profiles/rajya_sabha/2620_bhattacharya_shri_samik,https://res.cloudinary.com/dfgsefn5v/image/upload/v1788003230/mplads/mp_profiles/rajya_sabha/2620_bhattacharya_shri_samik.jpg,edcd4e7906e29ef88b6a51c6efa8f5ea,uploaded,2026-08-29T11:33:51.066325+00:00
Rajya Sabha,2543,"Bonde, Dr. Anil Sukhdeorao",Bharatiya Janata Party,BJP,,Maharashtra,https://sansad.in/getFile/newmembers/photos/P2543.jpg?source=rajyasabha,/Users/alokkumardalei/Desktop/MPLED/MPLEDs/data/mp_profiles/images/rs_2543.jpg,cached,https://sansad.in/rs/members,2026-08-29T07:57:18.033216+00:00,mplads/mp_profiles/rajya_sabha/2543_bonde_dr_anil_sukhdeorao,https://res.cloudinary.com/dfgsefn5v/image/upload/v1788003230/mplads/mp_profiles/rajya_sabha/2543_bonde_dr_anil_sukhdeorao.jpg,6a481d196f5dd4edbdb888955a18536c,uploaded,2026-08-29T11:33:51.342666+00:00
Rajya Sabha,2664,"Boro, Shri Pramod",UNITED PEOPLES PARTY (LIBERAL),UPP(L),,Assam,https://sansad.in/getFile/newmembers/photos/P2664.jpg?source=rajyasabha,/Users/alokkumardalei/Desktop/MPLED/MPLEDs/data/mp_profiles/images/rs_2664.jpg,cached,https://sansad.in/rs/members,2026-08-29T07:57:18.033216+00:00,mplads/mp_profiles/rajya_sabha/2664_boro_shri_pramod,https://res.cloudinary.com/dfgsefn5v/image/upload/v1788003231/mplads/mp_profiles/rajya_sabha/2664_boro_shri_pramod.jpg,4db2683f3c19a438dca8ac8302d499a3,uploaded,2026-08-29T11:33:51.672454+00:00
Rajya Sabha,2666,"Boudh, Shri Karamvir Singh",Indian National Congress,INC,,Haryana,https://sansad.in/getFile/newmembers/photos/P2666.jpg?source=rajyasabha,/Users/alokkumardalei/Desktop/MPLED/MPLEDs/data/mp_profiles/images/rs_2666.jpg,cached,https://sansad.in/rs/members,2026-08-29T07:57:18.033216+00:00,mplads/mp_profiles/rajya_sabha/2666_boudh_shri_karamvir_singh,https://res.cloudinary.com/dfgsefn5v/image/upload/v1788003231/mplads/mp_profiles/rajya_sabha/2666_boudh_shri_karamvir_singh.jpg,4ca1aa97222195135d69bae38c2d1c24,uploaded,2026-08-29T11:33:51.948219+00:00
Rajya Sabha,2488,"Brij Lal, Shri",Bharatiya Janata Party,BJP,,Uttar Pradesh,https://sansad.in/getFile/newmembers/photos/P2488.jpg?source=rajyasabha,/Users/alokkumardalei/Desktop/MPLED/MPLEDs/data/mp_profiles/images/rs_2488.jpg,cached,https://sansad.in/rs/members,2026-08-29T07:57:18.033216+00:00,mplads/mp_profiles/rajya_sabha/2488_brij_lal_shri,https://res.cloudinary.com/dfgsefn5v/image/upload/v1788003234/mplads/mp_profiles/rajya_sabha/2488_brij_lal_shri.jpg,5d1d2dc6ab228978c45e3a8d74c85478,uploaded,2026-08-29T11:33:54.600780+00:00
Rajya Sabha,2498,"Brittas, Dr. John",Communist Party of India (Marxist),CPI(M),,Keralam,https://sansad.in/getFile/newmembers/photos/P2498.jpg?source=rajyasabha,/Users/alokkumardalei/Desktop/MPLED/MPLEDs/data/mp_profiles/images/rs_2498.jpg,cached,https://sansad.in/rs/members,2026-08-29T07:57:18.033216+00:00,mplads/mp_profiles/rajya_sabha/2498_brittas_dr_john,https://res.cloudinary.com/dfgsefn5v/image/upload/v1788003231/mplads/mp_profiles/rajya_sabha/2498_brittas_dr_john.jpg,85d0df9f933f11a5eec62ced7ee31f42,uploaded,2026-08-29T11:33:52.239257+00:00
Rajya Sabha,2522,"Chadha, Shri Raghav",Bharatiya Janata Party,BJP,,Punjab,https://sansad.in/getFile/newmembers/photos/P2522.jpg?source=rajyasabha,/Users/alokkumardalei/Desktop/MPLED/MPLEDs/data/mp_profiles/images/rs_2522.jpg,cached,https://sansad.in/rs/members,2026-08-29T07:57:18.033216+00:00,mplads/mp_profiles/rajya_sabha/2522_chadha_shri_raghav,https://res.cloudinary.com/dfgsefn5v/image/upload/v1788003232/mplads/mp_profiles/rajya_sabha/2522_chadha_shri_raghav.jpg,8d859af5010b38e22a18b51b3414cf21,uploaded,2026-08-29T11:33:52.340370+00:00
Rajya Sabha,2687,"Chakravarthy, Shri Praveen",Indian National Congress,INC,,Tamil Nadu,https://sansad.in/getFile/newmembers/photos/P2687.jpg?source=rajyasabha,/Users/alokkumardalei/Desktop/MPLED/MPLEDs/data/mp_profiles/images/rs_2687.jpg,cached,https://sansad.in/rs/members,2026-08-29T07:57:18.033216+00:00,mplads/mp_profiles/rajya_sabha/2687_chakravarthy_shri_praveen,https://res.cloudinary.com/dfgsefn5v/image/upload/v1788003233/mplads/mp_profiles/rajya_sabha/2687_chakravarthy_shri_praveen.jpg,1658fd78b9a4cff5a8b2fea66ffb286e,uploaded,2026-08-29T11:33:54.031910+00:00
Rajya Sabha,2384,"Chandrashekhar, Shri G.C.",Indian National Congress,INC,,Karnataka,https://sansad.in/getFile/newmembers/photos/P2384.jpg?source=rajyasabha,/Users/alokkumardalei/Desktop/MPLED/MPLEDs/data/mp_profiles/images/rs_2384.jpg,cached,https://sansad.in/rs/members,2026-08-29T07:57:18.033216+00:00,mplads/mp_profiles/rajya_sabha/2384_chandrashekhar_shri_g_c,https://res.cloudinary.com/dfgsefn5v/image/upload/v1788003232/mplads/mp_profiles/rajya_sabha/2384_chandrashekhar_shri_g_c.jpg,a2c6b143f983c926ae0f8ca71bb74d7c,uploaded,2026-08-29T11:33:52.970075+00:00
Rajya Sabha,2551,"Chaudhary, Shri Jayant",Rashtriya Lok Dal,RLD,,Uttar Pradesh,https://sansad.in/getFile/newmembers/photos/P2551.jpg?source=rajyasabha,/Users/alokkumardalei/Desktop/MPLED/MPLEDs/data/mp_profiles/images/rs_2551.jpg,cached,https://sansad.in/rs/members,2026-08-29T07:57:18.033216+00:00,mplads/mp_profiles/rajya_sabha/2551_chaudhary_shri_jayant,https://res.cloudinary.com/dfgsefn5v/image/upload/v1788003232/mplads/mp_profiles/rajya_sabha/2551_chaudhary_shri_jayant.jpg,37a6d8de4f291682e8405519317f10cb,uploaded,2026-08-29T11:33:53.245180+00:00
Rajya Sabha,2607,"Chavan, Shri Ashokrao Shankarrao",Bharatiya Janata Party,BJP,,Maharashtra,https://sansad.in/getFile/newmembers/photos/P2607.jpg?source=rajyasabha,/Users/alokkumardalei/Desktop/MPLED/MPLEDs/data/mp_profiles/images/rs_2607.jpg,cached,https://sansad.in/rs/members,2026-08-29T07:57:18.033216+00:00,mplads/mp_profiles/rajya_sabha/2607_chavan_shri_ashokrao_shankarrao,https://res.cloudinary.com/dfgsefn5v/image/upload/v1788003233/mplads/mp_profiles/rajya_sabha/2607_chavan_shri_ashokrao_shankarrao.jpg,5c37eb0f5b39926aa1fa2a99c3581c59,uploaded,2026-08-29T11:33:53.511957+00:00
Rajya Sabha,2343,"Chidambaram, Shri P.",Indian National Congress,INC,,Tamil Nadu,https://sansad.in/getFile/newmembers/photos/P2343.jpg?source=rajyasabha,/Users/alokkumardalei/Desktop/MPLED/MPLEDs/data/mp_profiles/images/rs_2343.jpg,cached,https://sansad.in/rs/members,2026-08-29T07:57:18.033216+00:00,mplads/mp_profiles/rajya_sabha/2343_chidambaram_shri_p,https://res.cloudinary.com/dfgsefn5v/image/upload/v1788003233/mplads/mp_profiles/rajya_sabha/2343_chidambaram_shri_p.jpg,90a1d2d41fa4210912b80168241d54a9,uploaded,2026-08-29T11:33:53.806429+00:00
Rajya Sabha,2694,"Chintakayala, Shri Vijay",Telugu Desam Party,TDP,,Andhra Pradesh,https://sansad.in/getFile/newmembers/photos/P2694.jpg?source=rajyasabha,/Users/alokkumardalei/Desktop/MPLED/MPLEDs/data/mp_profiles/images/rs_2694.jpg,cached,https://sansad.in/rs/members,2026-08-29T07:57:18.033216+00:00,mplads/mp_profiles/rajya_sabha/2694_chintakayala_shri_vijay,https://res.cloudinary.com/dfgsefn5v/image/upload/v1788003233/mplads/mp_profiles/rajya_sabha/2694_chintakayala_shri_vijay.jpg,7d236628a6b1599ff8427e2a34d8aed2,uploaded,2026-08-29T11:33:54.129300+00:00
Rajya Sabha,503,"Chowdhury, Smt. Renuka",Indian National Congress,INC,,Telangana,https://sansad.in/getFile/newmembers/photos/P503.jpg?source=rajyasabha,/Users/alokkumardalei/Desktop/MPLED/MPLEDs/data/mp_profiles/images/rs_503.jpg,cached,https://sansad.in/rs/members,2026-08-29T07:57:18.033216+00:00,mplads/mp_profiles/rajya_sabha/503_chowdhury_smt_renuka,https://res.cloudinary.com/dfgsefn5v/image/upload/v1788003234/mplads/mp_profiles/rajya_sabha/503_chowdhury_smt_renuka.jpg,608e6b430d2bb554ef085c92b6216a1c,uploaded,2026-08-29T11:33:54.328654+00:00
Rajya Sabha,2691,"Chugh, Shri Tarun",Bharatiya Janata Party,BJP,,Madhya Pradesh,https://sansad.in/getFile/newmembers/photos/P2691.jpg?source=rajyasabha,/Users/alokkumardalei/Desktop/MPLED/MPLEDs/data/mp_profiles/images/rs_2691.jpg,cached,https://sansad.in/rs/members,2026-08-29T07:57:18.033216+00:00,mplads/mp_profiles/rajya_sabha/2691_chugh_shri_tarun,https://res.cloudinary.com/dfgsefn5v/image/upload/v1788003234/mplads/mp_profiles/rajya_sabha/2691_chugh_shri_tarun.jpg,eb619b235821654fb3c044bdcbe37391,uploaded,2026-08-29T11:33:54.585296+00:00
Rajya Sabha,2477,"Dangi, Shri Neeraj",Indian National Congress,INC,,Rajasthan,https://sansad.in/getFile/newmembers/photos/P2477.jpg?source=rajyasabha,/Users/alokkumardalei/Desktop/MPLED/MPLEDs/data/mp_profiles/images/rs_2477.jpg,cached,https://sansad.in/rs/members,2026-08-29T07:57:18.033216+00:00,mplads/mp_profiles/rajya_sabha/2477_dangi_shri_neeraj,https://res.cloudinary.com/dfgsefn5v/image/upload/v1788003234/mplads/mp_profiles/rajya_sabha/2477_dangi_shri_neeraj.jpg,e17c3ebcfa33ef78372e05e96928f83c,uploaded,2026-08-29T11:33:54.659067+00:00
Rajya Sabha,2541,"Deo, Smt. Sulata",Biju Janata Dal,BJD,,Odisha,https://sansad.in/getFile/newmembers/photos/P2541.jpg?source=rajyasabha,/Users/alokkumardalei/Desktop/MPLED/MPLEDs/data/mp_profiles/images/rs_2541.jpg,cached,https://sansad.in/rs/members,2026-08-29T07:57:18.033216+00:00,mplads/mp_profiles/rajya_sabha/2541_deo_smt_sulata,https://res.cloudinary.com/dfgsefn5v/image/upload/v1788003234/mplads/mp_profiles/rajya_sabha/2541_deo_smt_sulata.jpg,ea8a53b79ed69aa7024315c1f13fb621,uploaded,2026-08-29T11:33:54.870565+00:00
Rajya Sabha,2608,"Deora, Shri Milind Murli",Shiv Sena,SS,,Maharashtra,https://sansad.in/getFile/newmembers/photos/P2608.jpg?source=rajyasabha,/Users/alokkumardalei/Desktop/MPLED/MPLEDs/data/mp_profiles/images/rs_2608.jpg,cached,https://sansad.in/rs/members,2026-08-29T07:57:18.033216+00:00,mplads/mp_profiles/rajya_sabha/2608_deora_shri_milind_murli,https://res.cloudinary.com/dfgsefn5v/image/upload/v1788003234/mplads/mp_profiles/rajya_sabha/2608_deora_shri_milind_murli.jpg,758b65191fc6bd7f773ee72c3fd72332,uploaded,2026-08-29T11:33:55.216975+00:00
Rajya Sabha,2576,"Desai, Shri Babubhai Jesangbhai",Bharatiya Janata Party,BJP,,Gujarat,https://sansad.in/getFile/newmembers/photos/P2576.jpg?source=rajyasabha,/Users/alokkumardalei/Desktop/MPLED/MPLEDs/data/mp_profiles/images/rs_2576.jpg,cached,https://sansad.in/rs/members,2026-08-29T07:57:18.033216+00:00,mplads/mp_profiles/rajya_sabha/2576_desai_shri_babubhai_jesangbhai,https://res.cloudinary.com/dfgsefn5v/image/upload/v1788003235/mplads/mp_profiles/rajya_sabha/2576_desai_shri_babubhai_jesangbhai.jpg,e7e23eceacf4942ba2b29b2ab58bed74,uploaded,2026-08-29T11:33:55.682590+00:00
Rajya Sabha,2507,"Dev, Ms. Sushmita",Bharatiya Janata Party,BJP,,West Bengal,https://sansad.in/getFile/newmembers/photos/P2507.jpg?source=rajyasabha,/Users/alokkumardalei/Desktop/MPLED/MPLEDs/data/mp_profiles/images/rs_2507.jpg,cached,https://sansad.in/rs/members,2026-08-29T07:57:18.033216+00:00,mplads/mp_profiles/rajya_sabha/2507_dev_ms_sushmita,https://res.cloudinary.com/dfgsefn5v/image/upload/v1788003234/mplads/mp_profiles/rajya_sabha/2507_dev_ms_sushmita.jpg,da6949355418c19bbf88c5c2ef17d212,uploaded,2026-08-29T11:33:55.166431+00:00
Rajya Sabha,2695,"Devi, Smt. Adhikarimayum Sharda",Bharatiya Janata Party,BJP,,Manipur,https://sansad.in/getFile/newmembers/photos/P2695.jpg?source=rajyasabha,/Users/alokkumardalei/Desktop/MPLED/MPLEDs/data/mp_profiles/images/rs_2695.jpg,cached,https://sansad.in/rs/members,2026-08-29T07:57:18.033216+00:00,mplads/mp_profiles/rajya_sabha/2695_devi_smt_adhikarimayum_sharda,https://res.cloudinary.com/dfgsefn5v/image/upload/v1788003235/mplads/mp_profiles/rajya_sabha/2695_devi_smt_adhikarimayum_sharda.jpg,ca4a8a6b38469d375b55d2c91f7daf73,uploaded,2026-08-29T11:33:55.474905+00:00
Rajya Sabha,2653,"Dhanapal, Dr. M.",All India Anna Dravida Munnetra Kazhagam,AIADMK,,Tamil Nadu,https://sansad.in/getFile/newmembers/photos/P2653.jpg?source=rajyasabha,/Users/alokkumardalei/Desktop/MPLED/MPLEDs/data/mp_profiles/images/rs_2653.jpg,cached,https://sansad.in/rs/members,2026-08-29T07:57:18.033216+00:00,mplads/mp_profiles/rajya_sabha/2653_dhanapal_dr_m,https://res.cloudinary.com/dfgsefn5v/image/upload/v1788003235/mplads/mp_profiles/rajya_sabha/2653_dhanapal_dr_m.jpg,ae704ce71e954708b4636dcc78c8db47,uploaded,2026-08-29T11:33:55.761576+00:00
Rajya Sabha,2537,"Dharmar, Shri R.",All India Anna Dravida Munnetra Kazhagam,AIADMK,,Tamil Nadu,https://sansad.in/getFile/newmembers/photos/P2537.jpg?source=rajyasabha,/Users/alokkumardalei/Desktop/MPLED/MPLEDs/data/mp_profiles/images/rs_2537.jpg,cached,https://sansad.in/rs/members,2026-08-29T07:57:18.033216+00:00,mplads/mp_profiles/rajya_sabha/2537_dharmar_shri_r,https://res.cloudinary.com/dfgsefn5v/image/upload/v1788003235/mplads/mp_profiles/rajya_sabha/2537_dharmar_shri_r.jpg,7a18991e513c51880daa4395abb4ba7d,uploaded,2026-08-29T11:33:55.903680+00:00
Rajya Sabha,2594,"Dholakia, Shri Govindbhai Laljibhai",Bharatiya Janata Party,BJP,,Gujarat,https://sansad.in/getFile/newmembers/photos/P2594.jpg?source=rajyasabha,/Users/alokkumardalei/Desktop/MPLED/MPLEDs/data/mp_profiles/images/rs_2594.jpg,cached,https://sansad.in/rs/members,2026-08-29T07:57:18.033216+00:00,mplads/mp_profiles/rajya_sabha/2594_dholakia_shri_govindbhai_laljibhai,https://res.cloudinary.com/dfgsefn5v/image/upload/v1788003235/mplads/mp_profiles/rajya_sabha/2594_dholakia_shri_govindbhai_laljibhai.jpg,c82f49048f7fc976292669518f58721e,uploaded,2026-08-29T11:33:56.097822+00:00
Rajya Sabha,2529,"Divakonda, Shri Damodar Rao",Bharat Rashtra Samithi,BRS,,Telangana,https://sansad.in/getFile/newmembers/photos/P2529.jpg?source=rajyasabha,/Users/alokkumardalei/Desktop/MPLED/MPLEDs/data/mp_profiles/images/rs_2529.jpg,cached,https://sansad.in/rs/members,2026-08-29T07:57:18.033216+00:00,mplads/mp_profiles/rajya_sabha/2529_divakonda_shri_damodar_rao,https://res.cloudinary.com/dfgsefn5v/image/upload/v1788003236/mplads/mp_profiles/rajya_sabha/2529_divakonda_shri_damodar_rao.jpg,56f82fa6cde7557bfcdd7f2f2f7be955,uploaded,2026-08-29T11:33:57.485251+00:00
Rajya Sabha,2435,"Dubey, Shri Satish Chandra",Bharatiya Janata Party,BJP,,Bihar,https://sansad.in/getFile/newmembers/photos/P2435.jpg?source=rajyasabha,/Users/alokkumardalei/Desktop/MPLED/MPLEDs/data/mp_profiles/images/rs_2435.jpg,cached,https://sansad.in/rs/members,2026-08-29T07:57:18.033216+00:00,mplads/mp_profiles/rajya_sabha/2435_dubey_shri_satish_chandra,https://res.cloudinary.com/dfgsefn5v/image/upload/v1788003236/mplads/mp_profiles/rajya_sabha/2435_dubey_shri_satish_chandra.jpg,983e8e6403263d43e661187365f28ac4,uploaded,2026-08-29T11:33:56.616039+00:00
Rajya Sabha,2490,"Dwivedi, Smt. Seema",Bharatiya Janata Party,BJP,,Uttar Pradesh,https://sansad.in/getFile/newmembers/photos/P2490.jpg?source=rajyasabha,/Users/alokkumardalei/Desktop/MPLED/MPLEDs/data/mp_profiles/images/rs_2490.jpg,cached,https://sansad.in/rs/members,2026-08-29T07:57:18.033216+00:00,mplads/mp_profiles/rajya_sabha/2490_dwivedi_smt_seema,https://res.cloudinary.com/dfgsefn5v/image/upload/v1788003236/mplads/mp_profiles/rajya_sabha/2490_dwivedi_smt_seema.jpg,7537309e0cb40286c212e5f9bdc9498a,uploaded,2026-08-29T11:33:57.045240+00:00
Rajya Sabha,2626,"Gandhi, Smt. Sonia",Indian National Congress,INC,,Rajasthan,https://sansad.in/getFile/newmembers/photos/P2626.jpg?source=rajyasabha,/Users/alokkumardalei/Desktop/MPLED/MPLEDs/data/mp_profiles/images/rs_2626.jpg,cached,https://sansad.in/rs/members,2026-08-29T07:57:18.033216+00:00,mplads/mp_profiles/rajya_sabha/2626_gandhi_smt_sonia,https://res.cloudinary.com/dfgsefn5v/image/upload/v1788003236/mplads/mp_profiles/rajya_sabha/2626_gandhi_smt_sonia.jpg,dc229d28bf06ff8c94bd51df51ca054f,uploaded,2026-08-29T11:33:56.824126+00:00
Rajya Sabha,2624,"Garasiya, Shri Chunnilal",Bharatiya Janata Party,BJP,,Rajasthan,https://sansad.in/getFile/newmembers/photos/P2624.jpg?source=rajyasabha,/Users/alokkumardalei/Desktop/MPLED/MPLEDs/data/mp_profiles/images/rs_2624.jpg,cached,https://sansad.in/rs/members,2026-08-29T07:57:18.033216+00:00,mplads/mp_profiles/rajya_sabha/2624_garasiya_shri_chunnilal,https://res.cloudinary.com/dfgsefn5v/image/upload/v1788003236/mplads/mp_profiles/rajya_sabha/2624_garasiya_shri_chunnilal.jpg,8af32bf5a33262975d83b338e52ff28e,uploaded,2026-08-29T11:33:57.167631+00:00
Rajya Sabha,2487,"Geeta alias Chandraprabha, Smt.",Bharatiya Janata Party,BJP,,Uttar Pradesh,https://sansad.in/getFile/newmembers/photos/P2487.jpg?source=rajyasabha,/Users/alokkumardalei/Desktop/MPLED/MPLEDs/data/mp_profiles/images/rs_2487.jpg,cached,https://sansad.in/rs/members,2026-08-29T07:57:18.033216+00:00,mplads/mp_profiles/rajya_sabha/2487_geeta_alias_chandraprabha_smt,https://res.cloudinary.com/dfgsefn5v/image/upload/v1788003237/mplads/mp_profiles/rajya_sabha/2487_geeta_alias_chandraprabha_smt.jpg,df54a54f913de2d48ae391863f97639b,uploaded,2026-08-29T11:33:57.376114+00:00
Rajya Sabha,2621,"Ghose, Smt. Sagarika",All India Trinamool Congress,AITC,,West Bengal,https://sansad.in/getFile/newmembers/photos/P2621.jpg?source=rajyasabha,/Users/alokkumardalei/Desktop/MPLED/MPLEDs/data/mp_profiles/images/rs_2621.jpg,cached,https://sansad.in/rs/members,2026-08-29T07:57:18.033216+00:00,mplads/mp_profiles/rajya_sabha/2621_ghose_smt_sagarika,https://res.cloudinary.com/dfgsefn5v/image/upload/v1788003237/mplads/mp_profiles/rajya_sabha/2621_ghose_smt_sagarika.jpg,cb0457aa0c534a5946e4e88990162a1f,uploaded,2026-08-29T11:33:57.639162+00:00
Rajya Sabha,2535,"Girirajan, Shri R.",Dravida Munnetra Kazhagam,DMK,,Tamil Nadu,https://sansad.in/getFile/newmembers/photos/P2535.jpg?source=rajyasabha,/Users/alokkumardalei/Desktop/MPLED/MPLEDs/data/mp_profiles/images/rs_2535.jpg,cached,https://sansad.in/rs/members,2026-08-29T07:57:18.033216+00:00,mplads/mp_profiles/rajya_sabha/2535_girirajan_shri_r,https://res.cloudinary.com/dfgsefn5v/image/upload/v1788003237/mplads/mp_profiles/rajya_sabha/2535_girirajan_shri_r.jpg,ea6b7001e71162f671077ad9530cbfcb,uploaded,2026-08-29T11:33:57.765118+00:00
Rajya Sabha,2606,"Gopchade, Dr. Ajeet Madhavrao",Bharatiya Janata Party,BJP,,Maharashtra,https://sansad.in/getFile/newmembers/photos/P2606.jpg?source=rajyasabha,/Users/alokkumardalei/Desktop/MPLED/MPLEDs/data/mp_profiles/images/rs_2606.jpg,cached,https://sansad.in/rs/members,2026-08-29T07:57:18.033216+00:00,mplads/mp_profiles/rajya_sabha/2606_gopchade_dr_ajeet_madhavrao,https://res.cloudinary.com/dfgsefn5v/image/upload/v1788003237/mplads/mp_profiles/rajya_sabha/2606_gopchade_dr_ajeet_madhavrao.jpg,d56f0e2beced447e1c5dc3c8c7a5bc37,uploaded,2026-08-29T11:33:57.930913+00:00
Rajya Sabha,2661,"Gowalla, Shri Terash",Bharatiya Janata Party,BJP,,Assam,https://sansad.in/getFile/newmembers/photos/P2661.jpg?source=rajyasabha,/Users/alokkumardalei/Desktop/MPLED/MPLEDs/data/mp_profiles/images/rs_2661.jpg,cached,https://sansad.in/rs/members,2026-08-29T07:57:18.033216+00:00,mplads/mp_profiles/rajya_sabha/2661_gowalla_shri_terash,https://res.cloudinary.com/dfgsefn5v/image/upload/v1788003237/mplads/mp_profiles/rajya_sabha/2661_gowalla_shri_terash.jpg,8c2973ac2fc44042e096010d748faf78,uploaded,2026-08-29T11:33:58.031161+00:00
Rajya Sabha,2589,"Gupta, Dr. Dharmshila",Bharatiya Janata Party,BJP,,Bihar,https://sansad.in/getFile/newmembers/photos/P2589.jpg?source=rajyasabha,/Users/alokkumardalei/Desktop/MPLED/MPLEDs/data/mp_profiles/images/rs_2589.jpg,cached,https://sansad.in/rs/members,2026-08-29T07:57:18.033216+00:00,mplads/mp_profiles/rajya_sabha/2589_gupta_dr_dharmshila,https://res.cloudinary.com/dfgsefn5v/image/upload/v1788003237/mplads/mp_profiles/rajya_sabha/2589_gupta_dr_dharmshila.jpg,b4f7244b0c2edc6bbd23f1bbf453811f,uploaded,2026-08-29T11:33:58.215765+00:00
Rajya Sabha,2374,"Gupta, Shri Narain Dass",Aam Aadmi Party,AAP,,National Capital Territory of Delhi,https://sansad.in/getFile/newmembers/photos/P2374.jpg?source=rajyasabha,/Users/alokkumardalei/Desktop/MPLED/MPLEDs/data/mp_profiles/images/rs_2374.jpg,cached,https://sansad.in/rs/members,2026-08-29T07:57:18.033216+00:00,mplads/mp_profiles/rajya_sabha/2374_gupta_shri_narain_dass,https://res.cloudinary.com/dfgsefn5v/image/upload/v1788003238/mplads/mp_profiles/rajya_sabha/2374_gupta_shri_narain_dass.jpg,8790c251c02584430daab5383407b7e3,uploaded,2026-08-29T11:33:58.287923+00:00
Rajya Sabha,2654,"Gupta, Shri Rajinder",Bharatiya Janata Party,BJP,,Punjab,https://sansad.in/getFile/newmembers/photos/P2654.jpg?source=rajyasabha,/Users/alokkumardalei/Desktop/MPLED/MPLEDs/data/mp_profiles/images/rs_2654.jpg,cached,https://sansad.in/rs/members,2026-08-29T07:57:18.033216+00:00,mplads/mp_profiles/rajya_sabha/2654_gupta_shri_rajinder,https://res.cloudinary.com/dfgsefn5v/image/upload/v1788003238/mplads/mp_profiles/rajya_sabha/2654_gupta_shri_rajinder.jpg,ecefde6e0040feab16becdc887a0cc42,uploaded,2026-08-29T11:33:58.458829+00:00
Rajya Sabha,2688,"Gurjar, Dr. Alka",Bharatiya Janata Party,BJP,,Rajasthan,https://sansad.in/getFile/newmembers/photos/P2688.jpg?source=rajyasabha,/Users/alokkumardalei/Desktop/MPLED/MPLEDs/data/mp_profiles/images/rs_2688.jpg,cached,https://sansad.in/rs/members,2026-08-29T07:57:18.033216+00:00,mplads/mp_profiles/rajya_sabha/2688_gurjar_dr_alka,https://res.cloudinary.com/dfgsefn5v/image/upload/v1788003238/mplads/mp_profiles/rajya_sabha/2688_gurjar_dr_alka.jpg,7ff41248979bca78bd7c1ba6c5db6b16,uploaded,2026-08-29T11:33:58.538659+00:00
Rajya Sabha,2603,"Gurjar, Shri Banshilal",Bharatiya Janata Party,BJP,,Madhya Pradesh,https://sansad.in/getFile/newmembers/photos/P2603.jpg?source=rajyasabha,/Users/alokkumardalei/Desktop/MPLED/MPLEDs/data/mp_profiles/images/rs_2603.jpg,cached,https://sansad.in/rs/members,2026-08-29T07:57:18.033216+00:00,mplads/mp_profiles/rajya_sabha/2603_gurjar_shri_banshilal,https://res.cloudinary.com/dfgsefn5v/image/upload/v1788003238/mplads/mp_profiles/rajya_sabha/2603_gurjar_shri_banshilal.jpg,9a84d5fefc5b81343bb56e2e78a639b8,uploaded,2026-08-29T11:33:58.818944+00:00
Rajya Sabha,2678,"Guruswamy, Dr. Menaka",All India Trinamool Congress,AITC,,West Bengal,https://sansad.in/getFile/newmembers/photos/P2678.jpg?source=rajyasabha,/Users/alokkumardalei/Desktop/MPLED/MPLEDs/data/mp_profiles/images/rs_2678.jpg,cached,https://sansad.in/rs/members,2026-08-29T07:57:18.033216+00:00,mplads/mp_profiles/rajya_sabha/2678_guruswamy_dr_menaka,https://res.cloudinary.com/dfgsefn5v/image/upload/v1788003238/mplads/mp_profiles/rajya_sabha/2678_guruswamy_dr_menaka.jpg,e61b9f1877e33a2501047c3b90fded7e,uploaded,2026-08-29T11:33:58.973989+00:00
Rajya Sabha,2649,"Haasan, Shri Kamal",Makkal Needhi Maiam,MNM,,Tamil Nadu,https://sansad.in/getFile/newmembers/photos/P2649.jpg?source=rajyasabha,/Users/alokkumardalei/Desktop/MPLED/MPLEDs/data/mp_profiles/images/rs_2649.jpg,cached,https://sansad.in/rs/members,2026-08-29T07:57:18.033216+00:00,mplads/mp_profiles/rajya_sabha/2649_haasan_shri_kamal,https://res.cloudinary.com/dfgsefn5v/image/upload/v1788003238/mplads/mp_profiles/rajya_sabha/2649_haasan_shri_kamal.jpg,50eae6a89f2df455b14f3e5c4f92a89a,uploaded,2026-08-29T11:33:59.332364+00:00
Rajya Sabha,2609,"Handore, Shri Chandrakant Damodar",Indian National Congress,INC,,Maharashtra,https://sansad.in/getFile/newmembers/photos/P2609.jpg?source=rajyasabha,/Users/alokkumardalei/Desktop/MPLED/MPLEDs/data/mp_profiles/images/rs_2609.jpg,cached,https://sansad.in/rs/members,2026-08-29T07:57:18.033216+00:00,mplads/mp_profiles/rajya_sabha/2609_handore_shri_chandrakant_damodar,https://res.cloudinary.com/dfgsefn5v/image/upload/v1788003239/mplads/mp_profiles/rajya_sabha/2609_handore_shri_chandrakant_damodar.jpg,61576a7b13afe3a24f4fea94df879bf4,uploaded,2026-08-29T11:33:59.328351+00:00
Rajya Sabha,2198,"Haque, Shri Mohammed Nadimul",All India Trinamool Congress,AITC,,West Bengal,https://sansad.in/getFile/newmembers/photos/P2198.jpg?source=rajyasabha,/Users/alokkumardalei/Desktop/MPLED/MPLEDs/data/mp_profiles/images/rs_2198.jpg,cached,https://sansad.in/rs/members,2026-08-29T07:57:18.033216+00:00,mplads/mp_profiles/rajya_sabha/2198_haque_shri_mohammed_nadimul,https://res.cloudinary.com/dfgsefn5v/image/upload/v1788003239/mplads/mp_profiles/rajya_sabha/2198_haque_shri_mohammed_nadimul.jpg,c38a3ede0052477dc28095fb212c38db,uploaded,2026-08-29T11:33:59.366638+00:00
Rajya Sabha,2567,"Heggade, Dr. Dharmasthala Veerendra",Nominated,NOM.,,Nominated,https://sansad.in/getFile/newmembers/photos/P2567.jpg?source=rajyasabha,/Users/alokkumardalei/Desktop/MPLED/MPLEDs/data/mp_profiles/images/rs_2567.jpg,cached,https://sansad.in/rs/members,2026-08-29T07:57:18.033216+00:00,mplads/mp_profiles/rajya_sabha/2567_heggade_dr_dharmasthala_veerendra,https://res.cloudinary.com/dfgsefn5v/image/upload/v1788003239/mplads/mp_profiles/rajya_sabha/2567_heggade_dr_dharmasthala_veerendra.jpg,7cd7c0bb4a08cb62eba42dcb85253339,uploaded,2026-08-29T11:33:59.519313+00:00
Rajya Sabha,2386,"Hussain, Dr. Syed Naseer",Indian National Congress,INC,,Karnataka,https://sansad.in/getFile/newmembers/photos/P2386.jpg?source=rajyasabha,/Users/alokkumardalei/Desktop/MPLED/MPLEDs/data/mp_profiles/images/rs_2386.jpg,cached,https://sansad.in/rs/members,2026-08-29T07:57:18.033216+00:00,mplads/mp_profiles/rajya_sabha/2386_hussain_dr_syed_naseer,https://res.cloudinary.com/dfgsefn5v/image/upload/v1788003240/mplads/mp_profiles/rajya_sabha/2386_hussain_dr_syed_naseer.jpg,2a56c8f6d88c95e3d440bcc518893a81,uploaded,2026-08-29T11:34:01.050536+00:00
Rajya Sabha,2566,"Ilaiyaraaja, Shri",Nominated,NOM.,,Nominated,https://sansad.in/getFile/newmembers/photos/P2566.jpg?source=rajyasabha,/Users/alokkumardalei/Desktop/MPLED/MPLEDs/data/mp_profiles/images/rs_2566.jpg,cached,https://sansad.in/rs/members,2026-08-29T07:57:18.033216+00:00,mplads/mp_profiles/rajya_sabha/2566_ilaiyaraaja_shri,https://res.cloudinary.com/dfgsefn5v/image/upload/v1788003240/mplads/mp_profiles/rajya_sabha/2566_ilaiyaraaja_shri.jpg,0f52bd40af02bc7c62ae43bc45cb9ef7,uploaded,2026-08-29T11:34:01.145238+00:00
Rajya Sabha,2652,"Inbadurai, Shri I.S.",All India Anna Dravida Munnetra Kazhagam,AIADMK,,Tamil Nadu,https://sansad.in/getFile/newmembers/photos/P2652.jpg?source=rajyasabha,/Users/alokkumardalei/Desktop/MPLED/MPLEDs/data/mp_profiles/images/rs_2652.jpg,cached,https://sansad.in/rs/members,2026-08-29T07:57:18.033216+00:00,mplads/mp_profiles/rajya_sabha/2652_inbadurai_shri_i_s,https://res.cloudinary.com/dfgsefn5v/image/upload/v1788003239/mplads/mp_profiles/rajya_sabha/2652_inbadurai_shri_i_s.jpg,520db5149795d22043888f29a8320684,uploaded,2026-08-29T11:33:59.967192+00:00
Rajya Sabha,2578,"Islam, Shri Samirul",All India Trinamool Congress,AITC,,West Bengal,https://sansad.in/getFile/newmembers/photos/P2578.jpg?source=rajyasabha,/Users/alokkumardalei/Desktop/MPLED/MPLEDs/data/mp_profiles/images/rs_2578.jpg,cached,https://sansad.in/rs/members,2026-08-29T07:57:18.033216+00:00,mplads/mp_profiles/rajya_sabha/2578_islam_shri_samirul,https://res.cloudinary.com/dfgsefn5v/image/upload/v1788003240/mplads/mp_profiles/rajya_sabha/2578_islam_shri_samirul.jpg,2d6b6af74c242fa8763f562a54a6dbfa,uploaded,2026-08-29T11:34:00.423379+00:00
Rajya Sabha,2660,"Ivnate, Smt. Maya Chintaman",Bharatiya Janata Party,BJP,,Maharashtra,https://sansad.in/getFile/newmembers/photos/P2660.jpg?source=rajyasabha,/Users/alokkumardalei/Desktop/MPLED/MPLEDs/data/mp_profiles/images/rs_2660.jpg,cached,https://sansad.in/rs/members,2026-08-29T07:57:18.033216+00:00,mplads/mp_profiles/rajya_sabha/2660_ivnate_smt_maya_chintaman,https://res.cloudinary.com/dfgsefn5v/image/upload/v1788003240/mplads/mp_profiles/rajya_sabha/2660_ivnate_smt_maya_chintaman.jpg,e37234fe7a1ea5c04ca5daf9ca50e746,uploaded,2026-08-29T11:34:00.503069+00:00
Rajya Sabha,2538,"Jaggesh, Shri",Bharatiya Janata Party,BJP,,Karnataka,https://sansad.in/getFile/newmembers/photos/P2538.jpg?source=rajyasabha,/Users/alokkumardalei/Desktop/MPLED/MPLEDs/data/mp_profiles/images/rs_2538.jpg,cached,https://sansad.in/rs/members,2026-08-29T07:57:18.033216+00:00,mplads/mp_profiles/rajya_sabha/2538_jaggesh_shri,https://res.cloudinary.com/dfgsefn5v/image/upload/v1788003242/mplads/mp_profiles/rajya_sabha/2538_jaggesh_shri.jpg,5ae69f56150afbe0a86b3e8fd29d1624,uploaded,2026-08-29T11:34:02.919505+00:00
Rajya Sabha,2648,"Jain, Dr. Meenakshi",Nominated,NOM.,,Nominated,https://sansad.in/getFile/newmembers/photos/P2648.jpg?source=rajyasabha,/Users/alokkumardalei/Desktop/MPLED/MPLEDs/data/mp_profiles/images/rs_2648.jpg,cached,https://sansad.in/rs/members,2026-08-29T07:57:18.033216+00:00,mplads/mp_profiles/rajya_sabha/2648_jain_dr_meenakshi,https://res.cloudinary.com/dfgsefn5v/image/upload/v1788003240/mplads/mp_profiles/rajya_sabha/2648_jain_dr_meenakshi.jpg,4fca87161dc9000a5e8cbbe5697b9b40,uploaded,2026-08-29T11:34:01.374888+00:00
Rajya Sabha,2613,"Jain, Shri Naveen",Bharatiya Janata Party,BJP,,Uttar Pradesh,https://sansad.in/getFile/newmembers/photos/P2613.jpg?source=rajyasabha,/Users/alokkumardalei/Desktop/MPLED/MPLEDs/data/mp_profiles/images/rs_2613.jpg,cached,https://sansad.in/rs/members,2026-08-29T07:57:18.033216+00:00,mplads/mp_profiles/rajya_sabha/2613_jain_shri_naveen,https://res.cloudinary.com/dfgsefn5v/image/upload/v1788003243/mplads/mp_profiles/rajya_sabha/2613_jain_shri_naveen.jpg,2e349c16bc61122ccd5934f3eb0c3533,uploaded,2026-08-29T11:34:03.397109+00:00
Rajya Sabha,2686,"Jain, Shri Rajendra Hiralal",Nationalist Congress Party,NCP,,Maharashtra,https://sansad.in/getFile/newmembers/photos/P2686.jpg?source=rajyasabha,/Users/alokkumardalei/Desktop/MPLED/MPLEDs/data/mp_profiles/images/rs_2686.jpg,cached,https://sansad.in/rs/members,2026-08-29T07:57:18.033216+00:00,mplads/mp_profiles/rajya_sabha/2686_jain_shri_rajendra_hiralal,https://res.cloudinary.com/dfgsefn5v/image/upload/v1788003241/mplads/mp_profiles/rajya_sabha/2686_jain_shri_rajendra_hiralal.jpg,28db29cf2e86619bc70f62b7954214c1,uploaded,2026-08-29T11:34:01.702234+00:00
Rajya Sabha,2426,"Jaishankar, Shri S.",Bharatiya Janata Party,BJP,,Gujarat,https://sansad.in/getFile/newmembers/photos/P2426.jpg?source=rajyasabha,/Users/alokkumardalei/Desktop/MPLED/MPLEDs/data/mp_profiles/images/rs_2426.jpg,cached,https://sansad.in/rs/members,2026-08-29T07:57:18.033216+00:00,mplads/mp_profiles/rajya_sabha/2426_jaishankar_shri_s,https://res.cloudinary.com/dfgsefn5v/image/upload/v1788003241/mplads/mp_profiles/rajya_sabha/2426_jaishankar_shri_s.jpg,a0b5b5dfe433a704e2a4090ae9e3c991,uploaded,2026-08-29T11:34:01.945844+00:00
Rajya Sabha,2379,"Jha, Prof. Manoj Kumar",Rashtriya Janata Dal,RJD,,Bihar,https://sansad.in/getFile/newmembers/photos/P2379.jpg?source=rajyasabha,/Users/alokkumardalei/Desktop/MPLED/MPLEDs/data/mp_profiles/images/rs_2379.jpg,cached,https://sansad.in/rs/members,2026-08-29T07:57:18.033216+00:00,mplads/mp_profiles/rajya_sabha/2379_jha_prof_manoj_kumar,https://res.cloudinary.com/dfgsefn5v/image/upload/v1788003241/mplads/mp_profiles/rajya_sabha/2379_jha_prof_manoj_kumar.jpg,f5d45810fe166a1de711a669866d439f,uploaded,2026-08-29T11:34:02.653282+00:00
Rajya Sabha,2591,"Jha, Shri Sanjay Kumar",Janata Dal (United),JD(U),,Bihar,https://sansad.in/getFile/newmembers/photos/P2591.jpg?source=rajyasabha,/Users/alokkumardalei/Desktop/MPLED/MPLEDs/data/mp_profiles/images/rs_2591.jpg,cached,https://sansad.in/rs/members,2026-08-29T07:57:18.033216+00:00,mplads/mp_profiles/rajya_sabha/2591_jha_shri_sanjay_kumar,https://res.cloudinary.com/dfgsefn5v/image/upload/v1788003242/mplads/mp_profiles/rajya_sabha/2591_jha_shri_sanjay_kumar.jpg,f93a86b6d792e7aef6091b7a03df0186,uploaded,2026-08-29T11:34:02.464171+00:00
Rajya Sabha,2579,"Jhala, Shri Kesridevsinh",Bharatiya Janata Party,BJP,,Gujarat,https://sansad.in/getFile/newmembers/photos/P2579.jpg?source=rajyasabha,/Users/alokkumardalei/Desktop/MPLED/MPLEDs/data/mp_profiles/images/rs_2579.jpg,cached,https://sansad.in/rs/members,2026-08-29T07:57:18.033216+00:00,mplads/mp_profiles/rajya_sabha/2579_jhala_shri_kesridevsinh,https://res.cloudinary.com/dfgsefn5v/image/upload/v1788003242/mplads/mp_profiles/rajya_sabha/2579_jhala_shri_kesridevsinh.jpg,ebac34f2621dcb58d2e1f074a8a83d6d,uploaded,2026-08-29T11:34:03.007092+00:00
Rajya Sabha,2534,"Kalyanasundaram, Shri S.",Dravida Munnetra Kazhagam,DMK,,Tamil Nadu,https://sansad.in/getFile/newmembers/photos/P2534.jpg?source=rajyasabha,/Users/alokkumardalei/Desktop/MPLED/MPLEDs/data/mp_profiles/images/rs_2534.jpg,cached,https://sansad.in/rs/members,2026-08-29T07:57:18.033216+00:00,mplads/mp_profiles/rajya_sabha/2534_kalyanasundaram_shri_s,https://res.cloudinary.com/dfgsefn5v/image/upload/v1788003242/mplads/mp_profiles/rajya_sabha/2534_kalyanasundaram_shri_s.jpg,77ca9d7bb3cd1a457090c2a834e2962a,uploaded,2026-08-29T11:34:03.224941+00:00
Rajya Sabha,2700,"Kanzariya, Shri Jitendra Meghjibhai",Bharatiya Janata Party,BJP,,Gujarat,https://sansad.in/getFile/newmembers/photos/P2700.jpg?source=rajyasabha,/Users/alokkumardalei/Desktop/MPLED/MPLEDs/data/mp_profiles/images/rs_2700.jpg,cached,https://sansad.in/rs/members,2026-08-29T07:57:18.033216+00:00,mplads/mp_profiles/rajya_sabha/2700_kanzariya_shri_jitendra_meghjibhai,https://res.cloudinary.com/dfgsefn5v/image/upload/v1788003243/mplads/mp_profiles/rajya_sabha/2700_kanzariya_shri_jitendra_meghjibhai.jpg,6ff45eb52572fc150a0e6b7b01d32683,uploaded,2026-08-29T11:34:03.510526+00:00
Rajya Sabha,2704,"Kewat, Shri Mahesh",Bharatiya Janata Party,BJP,,Madhya Pradesh,https://sansad.in/getFile/newmembers/photos/P2704.jpg?source=rajyasabha,/Users/alokkumardalei/Desktop/MPLED/MPLEDs/data/mp_profiles/images/rs_2704.jpg,cached,https://sansad.in/rs/members,2026-08-29T07:57:18.033216+00:00,mplads/mp_profiles/rajya_sabha/2704_kewat_shri_mahesh,https://res.cloudinary.com/dfgsefn5v/image/upload/v1788003243/mplads/mp_profiles/rajya_sabha/2704_kewat_shri_mahesh.jpg,cffb99c28fc612f8e5e12dbcb4dbf415,uploaded,2026-08-29T11:34:03.590027+00:00
Rajya Sabha,2295,"Khan, Shri Javed Ali",Samajwadi Party,SP,,Uttar Pradesh,https://sansad.in/getFile/newmembers/photos/P2295.jpg?source=rajyasabha,/Users/alokkumardalei/Desktop/MPLED/MPLEDs/data/mp_profiles/images/rs_2295.jpg,cached,https://sansad.in/rs/members,2026-08-29T07:57:18.033216+00:00,mplads/mp_profiles/rajya_sabha/2295_khan_shri_javed_ali,https://res.cloudinary.com/dfgsefn5v/image/upload/v1788003243/mplads/mp_profiles/rajya_sabha/2295_khan_shri_javed_ali.jpg,15cef0e3dc3cb913bf3d067b9096ed0b,uploaded,2026-08-29T11:34:03.823354+00:00
Rajya Sabha,2703,"Khan, Shri Mansoor Ali",Indian National Congress,INC,,Karnataka,https://sansad.in/getFile/newmembers/photos/P2703.jpg?source=rajyasabha,/Users/alokkumardalei/Desktop/MPLED/MPLEDs/data/mp_profiles/images/rs_2703.jpg,cached,https://sansad.in/rs/members,2026-08-29T07:57:18.033216+00:00,mplads/mp_profiles/rajya_sabha/2703_khan_shri_mansoor_ali,https://res.cloudinary.com/dfgsefn5v/image/upload/v1788003243/mplads/mp_profiles/rajya_sabha/2703_khan_shri_mansoor_ali.jpg,743b5fcb93f86e66d5e59fe4f92f0360,uploaded,2026-08-29T11:34:04.045508+00:00
Rajya Sabha,2482,"Kharge, Shri Mallikarjun",Indian National Congress,INC,,Karnataka,https://sansad.in/getFile/newmembers/photos/P2482.jpg?source=rajyasabha,/Users/alokkumardalei/Desktop/MPLED/MPLEDs/data/mp_profiles/images/rs_2482.jpg,cached,https://sansad.in/rs/members,2026-08-29T07:57:18.033216+00:00,mplads/mp_profiles/rajya_sabha/2482_kharge_shri_mallikarjun,https://res.cloudinary.com/dfgsefn5v/image/upload/v1788003244/mplads/mp_profiles/rajya_sabha/2482_kharge_shri_mallikarjun.jpg,1e28f0b903c6c938dba580904daf174c,uploaded,2026-08-29T11:34:04.785759+00:00
Rajya Sabha,2702,"Khera, Shri Pawan",Indian National Congress,INC,,Karnataka,https://sansad.in/getFile/newmembers/photos/P2702.jpg?source=rajyasabha,/Users/alokkumardalei/Desktop/MPLED/MPLEDs/data/mp_profiles/images/rs_2702.jpg,cached,https://sansad.in/rs/members,2026-08-29T07:57:18.033216+00:00,mplads/mp_profiles/rajya_sabha/2702_khera_shri_pawan,https://res.cloudinary.com/dfgsefn5v/image/upload/v1788003243/mplads/mp_profiles/rajya_sabha/2702_khera_shri_pawan.jpg,b781be258fa901513ba622a77622614a,uploaded,2026-08-29T11:34:04.176266+00:00
Rajya Sabha,2623,"Khuntia, Shri Subhasish",Biju Janata Dal,BJD,,Odisha,https://sansad.in/getFile/newmembers/photos/P2623.jpg?source=rajyasabha,/Users/alokkumardalei/Desktop/MPLED/MPLEDs/data/mp_profiles/images/rs_2623.jpg,cached,https://sansad.in/rs/members,2026-08-29T07:57:18.033216+00:00,mplads/mp_profiles/rajya_sabha/2623_khuntia_shri_subhasish,https://res.cloudinary.com/dfgsefn5v/image/upload/v1788003244/mplads/mp_profiles/rajya_sabha/2623_khuntia_shri_subhasish.jpg,d1d5d392bc02aa0ebe680e583fbdc591,uploaded,2026-08-29T11:34:04.362425+00:00
Rajya Sabha,2656,"Kichloo, Shri Sajjad Ahmad",J&K National Conference,J&KNC,,Jammu & Kashmir,https://sansad.in/getFile/newmembers/photos/P2656.jpg?source=rajyasabha,/Users/alokkumardalei/Desktop/MPLED/MPLEDs/data/mp_profiles/images/rs_2656.jpg,cached,https://sansad.in/rs/members,2026-08-29T07:57:18.033216+00:00,mplads/mp_profiles/rajya_sabha/2656_kichloo_shri_sajjad_ahmad,https://res.cloudinary.com/dfgsefn5v/image/upload/v1788003244/mplads/mp_profiles/rajya_sabha/2656_kichloo_shri_sajjad_ahmad.jpg,9ad17158b4d77e35d957e513bbe79476,uploaded,2026-08-29T11:34:04.566431+00:00
Rajya Sabha,2516,"Konyak, Smt. S. Phangnon",Bharatiya Janata Party,BJP,,Nagaland,https://sansad.in/getFile/newmembers/photos/P2516.jpg?source=rajyasabha,/Users/alokkumardalei/Desktop/MPLED/MPLEDs/data/mp_profiles/images/rs_2516.jpg,cached,https://sansad.in/rs/members,2026-08-29T07:57:18.033216+00:00,mplads/mp_profiles/rajya_sabha/2516_konyak_smt_s_phangnon,https://res.cloudinary.com/dfgsefn5v/image/upload/v1788003244/mplads/mp_profiles/rajya_sabha/2516_konyak_smt_s_phangnon.jpg,405bfe6b52efa14e758cf979177f0937,uploaded,2026-08-29T11:34:04.826901+00:00
Rajya Sabha,2528,"Krishnaiah, Shri Ryaga",Bharatiya Janata Party,BJP,,Andhra Pradesh,https://sansad.in/getFile/newmembers/photos/P2528.jpg?source=rajyasabha,/Users/alokkumardalei/Desktop/MPLED/MPLEDs/data/mp_profiles/images/rs_2528.jpg,cached,https://sansad.in/rs/members,2026-08-29T07:57:18.033216+00:00,mplads/mp_profiles/rajya_sabha/2528_krishnaiah_shri_ryaga,https://res.cloudinary.com/dfgsefn5v/image/upload/v1788003244/mplads/mp_profiles/rajya_sabha/2528_krishnaiah_shri_ryaga.jpg,06b4d943bef1a555bb5793ca91302512,uploaded,2026-08-29T11:34:04.919471+00:00
Rajya Sabha,2605,"Kulkarni, Dr. Medha Vishram",Bharatiya Janata Party,BJP,,Maharashtra,https://sansad.in/getFile/newmembers/photos/P2605.jpg?source=rajyasabha,/Users/alokkumardalei/Desktop/MPLED/MPLEDs/data/mp_profiles/images/rs_2605.jpg,cached,https://sansad.in/rs/members,2026-08-29T07:57:18.033216+00:00,mplads/mp_profiles/rajya_sabha/2605_kulkarni_dr_medha_vishram,https://res.cloudinary.com/dfgsefn5v/image/upload/v1788003247/mplads/mp_profiles/rajya_sabha/2605_kulkarni_dr_medha_vishram.jpg,0c7d77077b4b8ec25a26885e1bb52e31,uploaded,2026-08-29T11:34:07.540250+00:00
Rajya Sabha,2512,"Kumar, Dr. Sikander",Bharatiya Janata Party,BJP,,Himachal Pradesh,https://sansad.in/getFile/newmembers/photos/P2512.jpg?source=rajyasabha,/Users/alokkumardalei/Desktop/MPLED/MPLEDs/data/mp_profiles/images/rs_2512.jpg,cached,https://sansad.in/rs/members,2026-08-29T07:57:18.033216+00:00,mplads/mp_profiles/rajya_sabha/2512_kumar_dr_sikander,https://res.cloudinary.com/dfgsefn5v/image/upload/v1788003245/mplads/mp_profiles/rajya_sabha/2512_kumar_dr_sikander.jpg,766218b755a31dfa31cc9be37cf85066,uploaded,2026-08-29T11:34:05.682295+00:00
Rajya Sabha,2555,"Kumar, Shri Mithlesh",Bharatiya Janata Party,BJP,,Uttar Pradesh,https://sansad.in/getFile/newmembers/photos/P2555.jpg?source=rajyasabha,/Users/alokkumardalei/Desktop/MPLED/MPLEDs/data/mp_profiles/images/rs_2555.jpg,cached,https://sansad.in/rs/members,2026-08-29T07:57:18.033216+00:00,mplads/mp_profiles/rajya_sabha/2555_kumar_shri_mithlesh,https://res.cloudinary.com/dfgsefn5v/image/upload/v1788003245/mplads/mp_profiles/rajya_sabha/2555_kumar_shri_mithlesh.jpg,cc5e9faf6ebe8ed2553f5a05adf92501,uploaded,2026-08-29T11:34:05.425901+00:00
Rajya Sabha,2685,"Kumar, Shri Nitish",Janata Dal (United),JD(U),,Bihar,https://sansad.in/getFile/newmembers/photos/P2685.jpg?source=rajyasabha,/Users/alokkumardalei/Desktop/MPLED/MPLEDs/data/mp_profiles/images/rs_2685.jpg,cached,https://sansad.in/rs/members,2026-08-29T07:57:18.033216+00:00,mplads/mp_profiles/rajya_sabha/2685_kumar_shri_nitish,https://res.cloudinary.com/dfgsefn5v/image/upload/v1788003245/mplads/mp_profiles/rajya_sabha/2685_kumar_shri_nitish.jpg,dbedaed3d44e6435e24f61b8f10bccc8,uploaded,2026-08-29T11:34:05.489619+00:00
Rajya Sabha,2679,"Kumar, Shri Rajeev",All India Trinamool Congress,AITC,,West Bengal,https://sansad.in/getFile/newmembers/photos/P2679.jpg?source=rajyasabha,/Users/alokkumardalei/Desktop/MPLED/MPLEDs/data/mp_profiles/images/rs_2679.jpg,cached,https://sansad.in/rs/members,2026-08-29T07:57:18.033216+00:00,mplads/mp_profiles/rajya_sabha/2679_kumar_shri_rajeev,https://res.cloudinary.com/dfgsefn5v/image/upload/v1788003245/mplads/mp_profiles/rajya_sabha/2679_kumar_shri_rajeev.jpg,5dff34a04b13cebf4b33de85e3539dc3,uploaded,2026-08-29T11:34:07.186899+00:00
Rajya Sabha,2684,"Kumar, Shri Shivesh",Bharatiya Janata Party,BJP,,Bihar,https://sansad.in/getFile/newmembers/photos/P2684.jpg?source=rajyasabha,/Users/alokkumardalei/Desktop/MPLED/MPLEDs/data/mp_profiles/images/rs_2684.jpg,cached,https://sansad.in/rs/members,2026-08-29T07:57:18.033216+00:00,mplads/mp_profiles/rajya_sabha/2684_kumar_shri_shivesh,https://res.cloudinary.com/dfgsefn5v/image/upload/v1788003245/mplads/mp_profiles/rajya_sabha/2684_kumar_shri_shivesh.jpg,2bbd683b94e19f24b57bb4d16de66984,uploaded,2026-08-29T11:34:06.164896+00:00
Rajya Sabha,2447,"Kumar, Shri Sujeet",Bharatiya Janata Party,BJP,,Odisha,https://sansad.in/getFile/newmembers/photos/P2447.jpg?source=rajyasabha,/Users/alokkumardalei/Desktop/MPLED/MPLEDs/data/mp_profiles/images/rs_2447.jpg,cached,https://sansad.in/rs/members,2026-08-29T07:57:18.033216+00:00,mplads/mp_profiles/rajya_sabha/2447_kumar_shri_sujeet,https://res.cloudinary.com/dfgsefn5v/image/upload/v1788003245/mplads/mp_profiles/rajya_sabha/2447_kumar_shri_sujeet.jpg,829fbe2b8a6a968dd8014925207c4a2f,uploaded,2026-08-29T11:34:06.224125+00:00
Rajya Sabha,2168,"Kushwaha, Shri Upendra",Rashtriya Lok Morcha,RLM,,Bihar,https://sansad.in/getFile/newmembers/photos/P2168.jpg?source=rajyasabha,/Users/alokkumardalei/Desktop/MPLED/MPLEDs/data/mp_profiles/images/rs_2168.jpg,cached,https://sansad.in/rs/members,2026-08-29T07:57:18.033216+00:00,mplads/mp_profiles/rajya_sabha/2168_kushwaha_shri_upendra,https://res.cloudinary.com/dfgsefn5v/image/upload/v1788003246/mplads/mp_profiles/rajya_sabha/2168_kushwaha_shri_upendra.jpg,883c008f1a64cd125e391e60a7983c04,uploaded,2026-08-29T11:34:07.252955+00:00
Rajya Sabha,2705,"Laltluangkima, Shri Khiangte",Zoram Peoples Movement,ZPM,,Mizoram,https://sansad.in/getFile/newmembers/photos/P2705.jpg?source=rajyasabha,/Users/alokkumardalei/Desktop/MPLED/MPLEDs/data/mp_profiles/images/rs_2705.jpg,cached,https://sansad.in/rs/members,2026-08-29T07:57:18.033216+00:00,mplads/mp_profiles/rajya_sabha/2705_laltluangkima_shri_khiangte,https://res.cloudinary.com/dfgsefn5v/image/upload/v1788003246/mplads/mp_profiles/rajya_sabha/2705_laltluangkima_shri_khiangte.jpg,a899b0adaedfc675565a6dc3b2dd229c,uploaded,2026-08-29T11:34:06.743714+00:00
Rajya Sabha,2557,"Laxman, Dr. K.",Bharatiya Janata Party,BJP,,Uttar Pradesh,https://sansad.in/getFile/newmembers/photos/P2557.jpg?source=rajyasabha,/Users/alokkumardalei/Desktop/MPLED/MPLEDs/data/mp_profiles/images/rs_2557.jpg,cached,https://sansad.in/rs/members,2026-08-29T07:57:18.033216+00:00,mplads/mp_profiles/rajya_sabha/2557_laxman_dr_k,https://res.cloudinary.com/dfgsefn5v/image/upload/v1788003246/mplads/mp_profiles/rajya_sabha/2557_laxman_dr_k.jpg,f38a7fc1ff19d0f367f306428e678671,uploaded,2026-08-29T11:34:07.427802+00:00
Rajya Sabha,2584,"Lepcha, Shri Dorjee Tshering",Bharatiya Janata Party,BJP,,Sikkim,https://sansad.in/getFile/newmembers/photos/P2584.jpg?source=rajyasabha,/Users/alokkumardalei/Desktop/MPLED/MPLEDs/data/mp_profiles/images/rs_2584.jpg,cached,https://sansad.in/rs/members,2026-08-29T07:57:18.033216+00:00,mplads/mp_profiles/rajya_sabha/2584_lepcha_shri_dorjee_tshering,https://res.cloudinary.com/dfgsefn5v/image/upload/v1788003247/mplads/mp_profiles/rajya_sabha/2584_lepcha_shri_dorjee_tshering.jpg,bee4fb001d1f46a855b37af4faca2b78,uploaded,2026-08-29T11:34:07.788547+00:00
Rajya Sabha,2544,"Mahadik, Shri Dhananjay Bhimrao",Bharatiya Janata Party,BJP,,Maharashtra,https://sansad.in/getFile/newmembers/photos/P2544.jpg?source=rajyasabha,/Users/alokkumardalei/Desktop/MPLED/MPLEDs/data/mp_profiles/images/rs_2544.jpg,cached,https://sansad.in/rs/members,2026-08-29T07:57:18.033216+00:00,mplads/mp_profiles/rajya_sabha/2544_mahadik_shri_dhananjay_bhimrao,https://res.cloudinary.com/dfgsefn5v/image/upload/v1788003248/mplads/mp_profiles/rajya_sabha/2544_mahadik_shri_dhananjay_bhimrao.jpg,1a7a76af4b5774e146fc61355556cc90,uploaded,2026-08-29T11:34:08.808374+00:00
Rajya Sabha,2598,"Mahajan, Shri Harsh",Bharatiya Janata Party,BJP,,Himachal Pradesh,https://sansad.in/getFile/newmembers/photos/P2598.jpg?source=rajyasabha,/Users/alokkumardalei/Desktop/MPLED/MPLEDs/data/mp_profiles/images/rs_2598.jpg,cached,https://sansad.in/rs/members,2026-08-29T07:57:18.033216+00:00,mplads/mp_profiles/rajya_sabha/2598_mahajan_shri_harsh,https://res.cloudinary.com/dfgsefn5v/image/upload/v1788003247/mplads/mp_profiles/rajya_sabha/2598_mahajan_shri_harsh.jpg,f84a4ffc426bd0b0aa93a807ab05ea52,uploaded,2026-08-29T11:34:07.953097+00:00
Rajya Sabha,2561,"Mahto, Shri Khiru",Janata Dal (United),JD(U),,Bihar,https://sansad.in/getFile/newmembers/photos/P2561.jpg?source=rajyasabha,/Users/alokkumardalei/Desktop/MPLED/MPLEDs/data/mp_profiles/images/rs_2561.jpg,cached,https://sansad.in/rs/members,2026-08-29T07:57:18.033216+00:00,mplads/mp_profiles/rajya_sabha/2561_mahto_shri_khiru,https://res.cloudinary.com/dfgsefn5v/image/upload/v1788003248/mplads/mp_profiles/rajya_sabha/2561_mahto_shri_khiru.jpg,4f479f553b42b019afbce944d330f5a5,uploaded,2026-08-29T11:34:08.351262+00:00
Rajya Sabha,2565,"Maji, Smt. Mahua",Jharkhand Mukti Morcha,JMM,,Jharkhand,https://sansad.in/getFile/newmembers/photos/P2565.jpg?source=rajyasabha,/Users/alokkumardalei/Desktop/MPLED/MPLEDs/data/mp_profiles/images/rs_2565.jpg,cached,https://sansad.in/rs/members,2026-08-29T07:57:18.033216+00:00,mplads/mp_profiles/rajya_sabha/2565_maji_smt_mahua,https://res.cloudinary.com/dfgsefn5v/image/upload/v1788003248/mplads/mp_profiles/rajya_sabha/2565_maji_smt_mahua.jpg,9a7e95e65e1e70bb16eb428c29ecc06f,uploaded,2026-08-29T11:34:08.330405+00:00
Rajya Sabha,2599,"Makan, Shri Ajay",Indian National Congress,INC,,Karnataka,https://sansad.in/getFile/newmembers/photos/P2599.jpg?source=rajyasabha,/Users/alokkumardalei/Desktop/MPLED/MPLEDs/data/mp_profiles/images/rs_2599.jpg,cached,https://sansad.in/rs/members,2026-08-29T07:57:18.033216+00:00,mplads/mp_profiles/rajya_sabha/2599_makan_shri_ajay,https://res.cloudinary.com/dfgsefn5v/image/upload/v1788003248/mplads/mp_profiles/rajya_sabha/2599_makan_shri_ajay.jpg,a38fe21f4c7011adf6aeb73d042e22c8,uploaded,2026-08-29T11:34:08.594402+00:00
Rajya Sabha,2582,"Maliwal, Ms. Swati",Bharatiya Janata Party,BJP,,National Capital Territory of Delhi,https://sansad.in/getFile/newmembers/photos/P2582.jpg?source=rajyasabha,/Users/alokkumardalei/Desktop/MPLED/MPLEDs/data/mp_profiles/images/rs_2582.jpg,cached,https://sansad.in/rs/members,2026-08-29T07:57:18.033216+00:00,mplads/mp_profiles/rajya_sabha/2582_maliwal_ms_swati,https://res.cloudinary.com/dfgsefn5v/image/upload/v1788003248/mplads/mp_profiles/rajya_sabha/2582_maliwal_ms_swati.jpg,80f07e5b06428e1ca00bf8d30955dcf3,uploaded,2026-08-29T11:34:09.119648+00:00
Rajya Sabha,2610,"Mandadi, Shri Anil Kumar Yadav",Indian National Congress,INC,,Telangana,https://sansad.in/getFile/newmembers/photos/P2610.jpg?source=rajyasabha,/Users/alokkumardalei/Desktop/MPLED/MPLEDs/data/mp_profiles/images/rs_2610.jpg,cached,https://sansad.in/rs/members,2026-08-29T07:57:18.033216+00:00,mplads/mp_profiles/rajya_sabha/2610_mandadi_shri_anil_kumar_yadav,https://res.cloudinary.com/dfgsefn5v/image/upload/v1788003248/mplads/mp_profiles/rajya_sabha/2610_mandadi_shri_anil_kumar_yadav.jpg,b11c1ed12066642d1df999f80f3a0a80,uploaded,2026-08-29T11:34:08.896780+00:00
Rajya Sabha,2540,"Mangaraj, Shri Manas Ranjan",Biju Janata Dal,BJD,,Odisha,https://sansad.in/getFile/newmembers/photos/P2540.jpg?source=rajyasabha,/Users/alokkumardalei/Desktop/MPLED/MPLEDs/data/mp_profiles/images/rs_2540.jpg,cached,https://sansad.in/rs/members,2026-08-29T07:57:18.033216+00:00,mplads/mp_profiles/rajya_sabha/2540_mangaraj_shri_manas_ranjan,https://res.cloudinary.com/dfgsefn5v/image/upload/v1788003248/mplads/mp_profiles/rajya_sabha/2540_mangaraj_shri_manas_ranjan.jpg,0b11a50fa1a2bdae72f2ca3428ae9623,uploaded,2026-08-29T11:34:09.171350+00:00
Rajya Sabha,2416,"Mani, Shri Jose K.",Kerala Congress (M),KC(M),,Keralam,https://sansad.in/getFile/newmembers/photos/P2416.jpg?source=rajyasabha,/Users/alokkumardalei/Desktop/MPLED/MPLEDs/data/mp_profiles/images/rs_2416.jpg,cached,https://sansad.in/rs/members,2026-08-29T07:57:18.033216+00:00,mplads/mp_profiles/rajya_sabha/2416_mani_shri_jose_k,https://res.cloudinary.com/dfgsefn5v/image/upload/v1788003249/mplads/mp_profiles/rajya_sabha/2416_mani_shri_jose_k.jpg,640a65e94d52df1e956a5905aedaac85,uploaded,2026-08-29T11:34:09.582937+00:00
Rajya Sabha,2659,"Manickam, Shri Christopher",Indian National Congress,INC,,Tamil Nadu,https://sansad.in/getFile/newmembers/photos/P2659.jpg?source=rajyasabha,/Users/alokkumardalei/Desktop/MPLED/MPLEDs/data/mp_profiles/images/rs_2659.jpg,cached,https://sansad.in/rs/members,2026-08-29T07:57:18.033216+00:00,mplads/mp_profiles/rajya_sabha/2659_manickam_shri_christopher,https://res.cloudinary.com/dfgsefn5v/image/upload/v1788003249/mplads/mp_profiles/rajya_sabha/2659_manickam_shri_christopher.jpg,7c7771528042fb51a47d27c638a1a564,uploaded,2026-08-29T11:34:09.661426+00:00
Rajya Sabha,2510,"Margherita, Shri Pabitra",Bharatiya Janata Party,BJP,,Assam,https://sansad.in/getFile/newmembers/photos/P2510.jpg?source=rajyasabha,/Users/alokkumardalei/Desktop/MPLED/MPLEDs/data/mp_profiles/images/rs_2510.jpg,cached,https://sansad.in/rs/members,2026-08-29T07:57:18.033216+00:00,mplads/mp_profiles/rajya_sabha/2510_margherita_shri_pabitra,https://res.cloudinary.com/dfgsefn5v/image/upload/v1788003249/mplads/mp_profiles/rajya_sabha/2510_margherita_shri_pabitra.jpg,8e88c5e4e8ad26c42450e542296b1d78,uploaded,2026-08-29T11:34:09.676219+00:00
Rajya Sabha,2646,"Master, Shri C. Sadanandan",Bharatiya Janata Party,BJP,,Nominated,https://sansad.in/getFile/newmembers/photos/P2646.jpg?source=rajyasabha,/Users/alokkumardalei/Desktop/MPLED/MPLEDs/data/mp_profiles/images/rs_2646.jpg,cached,https://sansad.in/rs/members,2026-08-29T07:57:18.033216+00:00,mplads/mp_profiles/rajya_sabha/2646_master_shri_c_sadanandan,https://res.cloudinary.com/dfgsefn5v/image/upload/v1788003249/mplads/mp_profiles/rajya_sabha/2646_master_shri_c_sadanandan.jpg,e75edf0f2e4de9ee7be9c1609bca6312,uploaded,2026-08-29T11:34:09.787257+00:00
Rajya Sabha,2513,"Mather Hisham, Smt. Jebi",Indian National Congress,INC,,Keralam,https://sansad.in/getFile/newmembers/photos/P2513.jpg?source=rajyasabha,/Users/alokkumardalei/Desktop/MPLED/MPLEDs/data/mp_profiles/images/rs_2513.jpg,cached,https://sansad.in/rs/members,2026-08-29T07:57:18.033216+00:00,mplads/mp_profiles/rajya_sabha/2513_mather_hisham_smt_jebi,https://res.cloudinary.com/dfgsefn5v/image/upload/v1788003249/mplads/mp_profiles/rajya_sabha/2513_mather_hisham_smt_jebi.jpg,8f478c25e91f8ce81509a524028b6d30,uploaded,2026-08-29T11:34:10.525798+00:00
Rajya Sabha,2611,"Maurya, Shri Amar Pal",Bharatiya Janata Party,BJP,,Uttar Pradesh,https://sansad.in/getFile/newmembers/photos/P2611.jpg?source=rajyasabha,/Users/alokkumardalei/Desktop/MPLED/MPLEDs/data/mp_profiles/images/rs_2611.jpg,cached,https://sansad.in/rs/members,2026-08-29T07:57:18.033216+00:00,mplads/mp_profiles/rajya_sabha/2611_maurya_shri_amar_pal,https://res.cloudinary.com/dfgsefn5v/image/upload/v1788003249/mplads/mp_profiles/rajya_sabha/2611_maurya_shri_amar_pal.jpg,a9fc3643598d46464f9d813b4c8808ad,uploaded,2026-08-29T11:34:10.197918+00:00
Rajya Sabha,2634,"Mishra, Shri Manan Kumar",Bharatiya Janata Party,BJP,,Bihar,https://sansad.in/getFile/newmembers/photos/P2634.jpg?source=rajyasabha,/Users/alokkumardalei/Desktop/MPLED/MPLEDs/data/mp_profiles/images/rs_2634.jpg,cached,https://sansad.in/rs/members,2026-08-29T07:57:18.033216+00:00,mplads/mp_profiles/rajya_sabha/2634_mishra_shri_manan_kumar,https://res.cloudinary.com/dfgsefn5v/image/upload/v1788003249/mplads/mp_profiles/rajya_sabha/2634_mishra_shri_manan_kumar.jpg,2020edbae8d510530e24ebd7d0b121b9,uploaded,2026-08-29T11:34:10.309837+00:00
Rajya Sabha,2673,"Misra, Dr. Santrupt",Biju Janata Dal,BJD,,Odisha,https://sansad.in/getFile/newmembers/photos/P2673.jpg?source=rajyasabha,/Users/alokkumardalei/Desktop/MPLED/MPLEDs/data/mp_profiles/images/rs_2673.jpg,cached,https://sansad.in/rs/members,2026-08-29T07:57:18.033216+00:00,mplads/mp_profiles/rajya_sabha/2673_misra_dr_santrupt,https://res.cloudinary.com/dfgsefn5v/image/upload/v1788003250/mplads/mp_profiles/rajya_sabha/2673_misra_dr_santrupt.jpg,3141264828c259b022bc55c87605f3ff,uploaded,2026-08-29T11:34:11.207929+00:00
Rajya Sabha,2518,"Mittal, Dr. Ashok Kumar",Bharatiya Janata Party,BJP,,Punjab,https://sansad.in/getFile/newmembers/photos/P2518.jpg?source=rajyasabha,/Users/alokkumardalei/Desktop/MPLED/MPLEDs/data/mp_profiles/images/rs_2518.jpg,cached,https://sansad.in/rs/members,2026-08-29T07:57:18.033216+00:00,mplads/mp_profiles/rajya_sabha/2518_mittal_dr_ashok_kumar,https://res.cloudinary.com/dfgsefn5v/image/upload/v1788003250/mplads/mp_profiles/rajya_sabha/2518_mittal_dr_ashok_kumar.jpg,f6a326ec4a8024571872ca45a39705db,uploaded,2026-08-29T11:34:11.261814+00:00
Rajya Sabha,2663,"Mohan, Shri Jogen",Bharatiya Janata Party,BJP,,Assam,https://sansad.in/getFile/newmembers/photos/P2663.jpg?source=rajyasabha,/Users/alokkumardalei/Desktop/MPLED/MPLEDs/data/mp_profiles/images/rs_2663.jpg,cached,https://sansad.in/rs/members,2026-08-29T07:57:18.033216+00:00,mplads/mp_profiles/rajya_sabha/2663_mohan_shri_jogen,https://res.cloudinary.com/dfgsefn5v/image/upload/v1788003250/mplads/mp_profiles/rajya_sabha/2663_mohan_shri_jogen.jpg,6f64ac40a27aa98c4a5df02ca25a1b66,uploaded,2026-08-29T11:34:10.848355+00:00
Rajya Sabha,2585,"Murty, Smt. Sudha",Nominated,NOM.,,Nominated,https://sansad.in/getFile/newmembers/photos/P2585.jpg?source=rajyasabha,/Users/alokkumardalei/Desktop/MPLED/MPLEDs/data/mp_profiles/images/rs_2585.jpg,cached,https://sansad.in/rs/members,2026-08-29T07:57:18.033216+00:00,mplads/mp_profiles/rajya_sabha/2585_murty_smt_sudha,https://res.cloudinary.com/dfgsefn5v/image/upload/v1788003250/mplads/mp_profiles/rajya_sabha/2585_murty_smt_sudha.jpg,a02f917d8cf5e2f32047f6c6689dda7b,uploaded,2026-08-29T11:34:11.092766+00:00
Rajya Sabha,2504,"Murugan, Dr. L.",Bharatiya Janata Party,BJP,,Madhya Pradesh,https://sansad.in/getFile/newmembers/photos/P2504.jpg?source=rajyasabha,/Users/alokkumardalei/Desktop/MPLED/MPLEDs/data/mp_profiles/images/rs_2504.jpg,cached,https://sansad.in/rs/members,2026-08-29T07:57:18.033216+00:00,mplads/mp_profiles/rajya_sabha/2504_murugan_dr_l,https://res.cloudinary.com/dfgsefn5v/image/upload/v1788003251/mplads/mp_profiles/rajya_sabha/2504_murugan_dr_l.jpg,3db1529b7a69d6515a3086bb34ad45f5,uploaded,2026-08-29T11:34:11.372564+00:00
Rajya Sabha,2683,"Nabin, Shri Nitin",Bharatiya Janata Party,BJP,,Bihar,https://sansad.in/getFile/newmembers/photos/P2683.jpg?source=rajyasabha,/Users/alokkumardalei/Desktop/MPLED/MPLEDs/data/mp_profiles/images/rs_2683.jpg,cached,https://sansad.in/rs/members,2026-08-29T07:57:18.033216+00:00,mplads/mp_profiles/rajya_sabha/2683_nabin_shri_nitin,https://res.cloudinary.com/dfgsefn5v/image/upload/v1788003251/mplads/mp_profiles/rajya_sabha/2683_nabin_shri_nitin.jpg,2ef9e3a52e019a6949271f2e625d3641,uploaded,2026-08-29T11:34:11.824371+00:00
Rajya Sabha,2204,"Nadda, Shri Jagat Prakash",Bharatiya Janata Party,BJP,,Gujarat,https://sansad.in/getFile/newmembers/photos/P2204.jpg?source=rajyasabha,/Users/alokkumardalei/Desktop/MPLED/MPLEDs/data/mp_profiles/images/rs_2204.jpg,cached,https://sansad.in/rs/members,2026-08-29T07:57:18.033216+00:00,mplads/mp_profiles/rajya_sabha/2204_nadda_shri_jagat_prakash,https://res.cloudinary.com/dfgsefn5v/image/upload/v1788003251/mplads/mp_profiles/rajya_sabha/2204_nadda_shri_jagat_prakash.jpg,8cb717bfda4c23918f2f0b426e41014b,uploaded,2026-08-29T11:34:11.892263+00:00
Rajya Sabha,2353,"Nagar, Shri Surendra Singh",Bharatiya Janata Party,BJP,,Uttar Pradesh,https://sansad.in/getFile/newmembers/photos/P2353.jpg?source=rajyasabha,/Users/alokkumardalei/Desktop/MPLED/MPLEDs/data/mp_profiles/images/rs_2353.jpg,cached,https://sansad.in/rs/members,2026-08-29T07:57:18.033216+00:00,mplads/mp_profiles/rajya_sabha/2353_nagar_shri_surendra_singh,https://res.cloudinary.com/dfgsefn5v/image/upload/v1788003251/mplads/mp_profiles/rajya_sabha/2353_nagar_shri_surendra_singh.jpg,ed6353898e524fdf79284824a90c7c5d,uploaded,2026-08-29T11:34:12.154920+00:00
Rajya Sabha,2701,"Nagaraja, Shri M.",Bharatiya Janata Party,BJP,,Karnataka,https://sansad.in/getFile/newmembers/photos/P2701.jpg?source=rajyasabha,/Users/alokkumardalei/Desktop/MPLED/MPLEDs/data/mp_profiles/images/rs_2701.jpg,cached,https://sansad.in/rs/members,2026-08-29T07:57:18.033216+00:00,mplads/mp_profiles/rajya_sabha/2701_nagaraja_shri_m,https://res.cloudinary.com/dfgsefn5v/image/upload/v1788003251/mplads/mp_profiles/rajya_sabha/2701_nagaraja_shri_m.jpg,a6889b4d73e2c0df61a3e9c37615becf,uploaded,2026-08-29T11:34:11.949567+00:00
Rajya Sabha,2604,"Naroliya, Smt. Maya",Bharatiya Janata Party,BJP,,Madhya Pradesh,https://sansad.in/getFile/newmembers/photos/P2604.jpg?source=rajyasabha,/Users/alokkumardalei/Desktop/MPLED/MPLEDs/data/mp_profiles/images/rs_2604.jpg,cached,https://sansad.in/rs/members,2026-08-29T07:57:18.033216+00:00,mplads/mp_profiles/rajya_sabha/2604_naroliya_smt_maya,https://res.cloudinary.com/dfgsefn5v/image/upload/v1788003253/mplads/mp_profiles/rajya_sabha/2604_naroliya_smt_maya.jpg,634655f4efb7f6ef3914874c5616d0cc,uploaded,2026-08-29T11:34:13.632664+00:00
Rajya Sabha,2511,"Narzary, Shri Rwngwra",UNITED PEOPLES PARTY (LIBERAL),UPP(L),,Assam,https://sansad.in/getFile/newmembers/photos/P2511.jpg?source=rajyasabha,/Users/alokkumardalei/Desktop/MPLED/MPLEDs/data/mp_profiles/images/rs_2511.jpg,cached,https://sansad.in/rs/members,2026-08-29T07:57:18.033216+00:00,mplads/mp_profiles/rajya_sabha/2511_narzary_shri_rwngwra,https://res.cloudinary.com/dfgsefn5v/image/upload/v1788003252/mplads/mp_profiles/rajya_sabha/2511_narzary_shri_rwngwra.jpg,4dbe192a8a3a9f1f0b6c7bdadd4145db,uploaded,2026-08-29T11:34:12.509427+00:00
Rajya Sabha,2596,"Nayak, Shri Mayankkumar",Bharatiya Janata Party,BJP,,Gujarat,https://sansad.in/getFile/newmembers/photos/P2596.jpg?source=rajyasabha,/Users/alokkumardalei/Desktop/MPLED/MPLEDs/data/mp_profiles/images/rs_2596.jpg,cached,https://sansad.in/rs/members,2026-08-29T07:57:18.033216+00:00,mplads/mp_profiles/rajya_sabha/2596_nayak_shri_mayankkumar,https://res.cloudinary.com/dfgsefn5v/image/upload/v1788003252/mplads/mp_profiles/rajya_sabha/2596_nayak_shri_mayankkumar.jpg,6ade22d29b5b878ae6b2822fce67a326,uploaded,2026-08-29T11:34:12.548881+00:00
Rajya Sabha,2460,"Netam, Smt. Phulo Devi",Indian National Congress,INC,,Chhattisgarh,https://sansad.in/getFile/newmembers/photos/P2460.jpg?source=rajyasabha,/Users/alokkumardalei/Desktop/MPLED/MPLEDs/data/mp_profiles/images/rs_2460.jpg,cached,https://sansad.in/rs/members,2026-08-29T07:57:18.033216+00:00,mplads/mp_profiles/rajya_sabha/2460_netam_smt_phulo_devi,https://res.cloudinary.com/dfgsefn5v/image/upload/v1788003252/mplads/mp_profiles/rajya_sabha/2460_netam_smt_phulo_devi.jpg,21ecdb80fe21bfc2b9cc49239b8a9e6d,uploaded,2026-08-29T11:34:13.259216+00:00
Rajya Sabha,2645,"Nikam, Shri Ujjwal Deorao",Bharatiya Janata Party,BJP,,Nominated,https://sansad.in/getFile/newmembers/photos/P2645.jpg?source=rajyasabha,/Users/alokkumardalei/Desktop/MPLED/MPLEDs/data/mp_profiles/images/rs_2645.jpg,cached,https://sansad.in/rs/members,2026-08-29T07:57:18.033216+00:00,mplads/mp_profiles/rajya_sabha/2645_nikam_shri_ujjwal_deorao,https://res.cloudinary.com/dfgsefn5v/image/upload/v1788003252/mplads/mp_profiles/rajya_sabha/2645_nikam_shri_ujjwal_deorao.jpg,14ad0cc0311bbf0d47adb36b361c9df5,uploaded,2026-08-29T11:34:13.805251+00:00
Rajya Sabha,2288,"Nirmala Sitharaman, Smt.",Bharatiya Janata Party,BJP,,Karnataka,https://sansad.in/getFile/newmembers/photos/P2288.jpg?source=rajyasabha,/Users/alokkumardalei/Desktop/MPLED/MPLEDs/data/mp_profiles/images/rs_2288.jpg,cached,https://sansad.in/rs/members,2026-08-29T07:57:18.033216+00:00,mplads/mp_profiles/rajya_sabha/2288_nirmala_sitharaman_smt,https://res.cloudinary.com/dfgsefn5v/image/upload/v1788003252/mplads/mp_profiles/rajya_sabha/2288_nirmala_sitharaman_smt.jpg,3bd91b0dfb16d5673a5557f95ff62bd8,uploaded,2026-08-29T11:34:13.131780+00:00
Rajya Sabha,2554,"Nishad, Shri Baburam",Bharatiya Janata Party,BJP,,Uttar Pradesh,https://sansad.in/getFile/newmembers/photos/P2554.jpg?source=rajyasabha,/Users/alokkumardalei/Desktop/MPLED/MPLEDs/data/mp_profiles/images/rs_2554.jpg,cached,https://sansad.in/rs/members,2026-08-29T07:57:18.033216+00:00,mplads/mp_profiles/rajya_sabha/2554_nishad_shri_baburam,https://res.cloudinary.com/dfgsefn5v/image/upload/v1788003253/mplads/mp_profiles/rajya_sabha/2554_nishad_shri_baburam.jpg,edd67bb0f1e59358d87b092b80a4e635,uploaded,2026-08-29T11:34:14.351200+00:00
Rajya Sabha,2181,"O' Brien, Shri Derek",All India Trinamool Congress,AITC,,West Bengal,https://sansad.in/getFile/newmembers/photos/P2181.jpg?source=rajyasabha,/Users/alokkumardalei/Desktop/MPLED/MPLEDs/data/mp_profiles/images/rs_2181.jpg,cached,https://sansad.in/rs/members,2026-08-29T07:57:18.033216+00:00,mplads/mp_profiles/rajya_sabha/2181_o_brien_shri_derek,https://res.cloudinary.com/dfgsefn5v/image/upload/v1788003253/mplads/mp_profiles/rajya_sabha/2181_o_brien_shri_derek.jpg,44ae6aaac509327b8e2671f9481d7ca1,uploaded,2026-08-29T11:34:13.899282+00:00
Rajya Sabha,2658,"Oberoi, Shri Gurwinder Singh",J&K National Conference,J&KNC,,Jammu & Kashmir,https://sansad.in/getFile/newmembers/photos/P2658.jpg?source=rajyasabha,/Users/alokkumardalei/Desktop/MPLED/MPLEDs/data/mp_profiles/images/rs_2658.jpg,cached,https://sansad.in/rs/members,2026-08-29T07:57:18.033216+00:00,mplads/mp_profiles/rajya_sabha/2658_oberoi_shri_gurwinder_singh,https://res.cloudinary.com/dfgsefn5v/image/upload/v1788003254/mplads/mp_profiles/rajya_sabha/2658_oberoi_shri_gurwinder_singh.jpg,09999f11b0dbeff96d34a267326d5042,uploaded,2026-08-29T11:34:14.468089+00:00
Rajya Sabha,2515,"P, Shri Sandosh Kumar",Communist Party of India,CPI,,Keralam,https://sansad.in/getFile/newmembers/photos/P2515.jpg?source=rajyasabha,/Users/alokkumardalei/Desktop/MPLED/MPLEDs/data/mp_profiles/images/rs_2515.jpg,cached,https://sansad.in/rs/members,2026-08-29T07:57:18.033216+00:00,mplads/mp_profiles/rajya_sabha/2515_p_shri_sandosh_kumar,https://res.cloudinary.com/dfgsefn5v/image/upload/v1788003254/mplads/mp_profiles/rajya_sabha/2515_p_shri_sandosh_kumar.jpg,b48c41e5542b8e0cec93df5ba1c51725,uploaded,2026-08-29T11:34:14.442612+00:00
Rajya Sabha,2081,"Parimal, Shri Nathwani",Independent & Others,IND.,,Jharkhand,https://sansad.in/getFile/newmembers/photos/P2081.jpg?source=rajyasabha,/Users/alokkumardalei/Desktop/MPLED/MPLEDs/data/mp_profiles/images/rs_2081.jpg,cached,https://sansad.in/rs/members,2026-08-29T07:57:18.033216+00:00,mplads/mp_profiles/rajya_sabha/2081_parimal_shri_nathwani,https://res.cloudinary.com/dfgsefn5v/image/upload/v1788003255/mplads/mp_profiles/rajya_sabha/2081_parimal_shri_nathwani.jpg,aed75dd86f59a00b0e64936c145519c7,uploaded,2026-08-29T11:34:16.057712+00:00
Rajya Sabha,2699,"Parmar, Shri Mansingh Meraman",Bharatiya Janata Party,BJP,,Gujarat,https://sansad.in/getFile/newmembers/photos/P2699.jpg?source=rajyasabha,/Users/alokkumardalei/Desktop/MPLED/MPLEDs/data/mp_profiles/images/rs_2699.jpg,cached,https://sansad.in/rs/members,2026-08-29T07:57:18.033216+00:00,mplads/mp_profiles/rajya_sabha/2699_parmar_shri_mansingh_meraman,https://res.cloudinary.com/dfgsefn5v/image/upload/v1788003254/mplads/mp_profiles/rajya_sabha/2699_parmar_shri_mansingh_meraman.jpg,1c6ccf653b4f03d3ebdbb64a002e908d,uploaded,2026-08-29T11:34:14.905382+00:00
Rajya Sabha,208,"Patel, Shri Praful",Nationalist Congress Party,NCP,,Maharashtra,https://sansad.in/getFile/newmembers/photos/P208.jpg?source=rajyasabha,/Users/alokkumardalei/Desktop/MPLED/MPLEDs/data/mp_profiles/images/rs_208.jpg,cached,https://sansad.in/rs/members,2026-08-29T07:57:18.033216+00:00,mplads/mp_profiles/rajya_sabha/208_patel_shri_praful,https://res.cloudinary.com/dfgsefn5v/image/upload/v1788003254/mplads/mp_profiles/rajya_sabha/208_patel_shri_praful.jpg,052606de1918088c794d31ba9d2294dc,uploaded,2026-08-29T11:34:15.170425+00:00
Rajya Sabha,2563,"Patel, Shri Shambhu Sharan",Bharatiya Janata Party,BJP,,Bihar,https://sansad.in/getFile/newmembers/photos/P2563.jpg?source=rajyasabha,/Users/alokkumardalei/Desktop/MPLED/MPLEDs/data/mp_profiles/images/rs_2563.jpg,cached,https://sansad.in/rs/members,2026-08-29T07:57:18.033216+00:00,mplads/mp_profiles/rajya_sabha/2563_patel_shri_shambhu_sharan,https://res.cloudinary.com/dfgsefn5v/image/upload/v1788003254/mplads/mp_profiles/rajya_sabha/2563_patel_shri_shambhu_sharan.jpg,539c84089e365a1807d11305fe786245,uploaded,2026-08-29T11:34:15.305952+00:00
Rajya Sabha,2521,"Pathak, Dr. Sandeep Kumar",Bharatiya Janata Party,BJP,,Punjab,https://sansad.in/getFile/newmembers/photos/P2521.jpg?source=rajyasabha,/Users/alokkumardalei/Desktop/MPLED/MPLEDs/data/mp_profiles/images/rs_2521.jpg,cached,https://sansad.in/rs/members,2026-08-29T07:57:18.033216+00:00,mplads/mp_profiles/rajya_sabha/2521_pathak_dr_sandeep_kumar,https://res.cloudinary.com/dfgsefn5v/image/upload/v1788003255/mplads/mp_profiles/rajya_sabha/2521_pathak_dr_sandeep_kumar.jpg,3f80edb4025c80909d462349c4121db8,uploaded,2026-08-29T11:34:15.479467+00:00
Rajya Sabha,2532,"Patidar, Dr. Kavita",Bharatiya Janata Party,BJP,,Madhya Pradesh,https://sansad.in/getFile/newmembers/photos/P2532.jpg?source=rajyasabha,/Users/alokkumardalei/Desktop/MPLED/MPLEDs/data/mp_profiles/images/rs_2532.jpg,cached,https://sansad.in/rs/members,2026-08-29T07:57:18.033216+00:00,mplads/mp_profiles/rajya_sabha/2532_patidar_dr_kavita,https://res.cloudinary.com/dfgsefn5v/image/upload/v1788003255/mplads/mp_profiles/rajya_sabha/2532_patidar_dr_kavita.jpg,731e67cfac0dbea5fdcd985699732f2c,uploaded,2026-08-29T11:34:15.724283+00:00
Rajya Sabha,2638,"Patil, Shri Nitin Laxmanrao Jadhav",Nationalist Congress Party,NCP,,Maharashtra,https://sansad.in/getFile/newmembers/photos/P2638.jpg?source=rajyasabha,/Users/alokkumardalei/Desktop/MPLED/MPLEDs/data/mp_profiles/images/rs_2638.jpg,cached,https://sansad.in/rs/members,2026-08-29T07:57:18.033216+00:00,mplads/mp_profiles/rajya_sabha/2638_patil_shri_nitin_laxmanrao_jadhav,https://res.cloudinary.com/dfgsefn5v/image/upload/v1788003255/mplads/mp_profiles/rajya_sabha/2638_patil_shri_nitin_laxmanrao_jadhav.jpg,896ac26d5ec7a5b49cb2add2e6079388,uploaded,2026-08-29T11:34:16.020548+00:00
Rajya Sabha,2423,"Patra, Dr. Sasmit",Biju Janata Dal,BJD,,Odisha,https://sansad.in/getFile/newmembers/photos/P2423.jpg?source=rajyasabha,/Users/alokkumardalei/Desktop/MPLED/MPLEDs/data/mp_profiles/images/rs_2423.jpg,cached,https://sansad.in/rs/members,2026-08-29T07:57:18.033216+00:00,mplads/mp_profiles/rajya_sabha/2423_patra_dr_sasmit,https://res.cloudinary.com/dfgsefn5v/image/upload/v1788003255/mplads/mp_profiles/rajya_sabha/2423_patra_dr_sasmit.jpg,e8f17350796d8abbf883cbb91d9a5878,uploaded,2026-08-29T11:34:16.109516+00:00
Rajya Sabha,2669,"Pawar, Shri Parth Ajit",Nationalist Congress Party,NCP,,Maharashtra,https://sansad.in/getFile/newmembers/photos/P2669.jpg?source=rajyasabha,/Users/alokkumardalei/Desktop/MPLED/MPLEDs/data/mp_profiles/images/rs_2669.jpg,cached,https://sansad.in/rs/members,2026-08-29T07:57:18.033216+00:00,mplads/mp_profiles/rajya_sabha/2669_pawar_shri_parth_ajit,https://res.cloudinary.com/dfgsefn5v/image/upload/v1788003255/mplads/mp_profiles/rajya_sabha/2669_pawar_shri_parth_ajit.jpg,5429d7b37c751804d13ec1bc54de39a6,uploaded,2026-08-29T11:34:16.290629+00:00
Rajya Sabha,2251,"Pawar, Shri Sharadchandra",Nationalist Congress Party-SHARADCHANDRA PAWAR,NCP-SCP,,Maharashtra,https://sansad.in/getFile/newmembers/photos/P2251.jpg?source=rajyasabha,/Users/alokkumardalei/Desktop/MPLED/MPLEDs/data/mp_profiles/images/rs_2251.jpg,cached,https://sansad.in/rs/members,2026-08-29T07:57:18.033216+00:00,mplads/mp_profiles/rajya_sabha/2251_pawar_shri_sharadchandra,https://res.cloudinary.com/dfgsefn5v/image/upload/v1788003256/mplads/mp_profiles/rajya_sabha/2251_pawar_shri_sharadchandra.jpg,78f8b9ebde26c9ad8d3edd9f366f1651,uploaded,2026-08-29T11:34:16.570292+00:00
Rajya Sabha,2706,"Poonia, Dr. Satish",Bharatiya Janata Party,BJP,,Rajasthan,https://sansad.in/getFile/newmembers/photos/P2706.jpg?source=rajyasabha,/Users/alokkumardalei/Desktop/MPLED/MPLEDs/data/mp_profiles/images/rs_2706.jpg,cached,https://sansad.in/rs/members,2026-08-29T07:57:18.033216+00:00,mplads/mp_profiles/rajya_sabha/2706_poonia_dr_satish,https://res.cloudinary.com/dfgsefn5v/image/upload/v1788003256/mplads/mp_profiles/rajya_sabha/2706_poonia_dr_satish.jpg,0eb02a98cba6829dc54911962d65a14f,uploaded,2026-08-29T11:34:16.574635+00:00
Rajya Sabha,2564,"Prasad, Shri Aditya",Bharatiya Janata Party,BJP,,Jharkhand,https://sansad.in/getFile/newmembers/photos/P2564.jpg?source=rajyasabha,/Users/alokkumardalei/Desktop/MPLED/MPLEDs/data/mp_profiles/images/rs_2564.jpg,cached,https://sansad.in/rs/members,2026-08-29T07:57:18.033216+00:00,mplads/mp_profiles/rajya_sabha/2564_prasad_shri_aditya,https://res.cloudinary.com/dfgsefn5v/image/upload/v1788003256/mplads/mp_profiles/rajya_sabha/2564_prasad_shri_aditya.jpg,bcf1199dd9c1aa3b8149070ee5432f11,uploaded,2026-08-29T11:34:16.785106+00:00
Rajya Sabha,2569,"Prasad, Shri V. Vijayendra",Nominated,NOM.,,Nominated,https://sansad.in/getFile/newmembers/photos/P2569.jpg?source=rajyasabha,/Users/alokkumardalei/Desktop/MPLED/MPLEDs/data/mp_profiles/images/rs_2569.jpg,cached,https://sansad.in/rs/members,2026-08-29T07:57:18.033216+00:00,mplads/mp_profiles/rajya_sabha/2569_prasad_shri_v_vijayendra,https://res.cloudinary.com/dfgsefn5v/image/upload/v1788003256/mplads/mp_profiles/rajya_sabha/2569_prasad_shri_v_vijayendra.jpg,5d17b8034d4c0e1aa71d5758cd8f835b,uploaded,2026-08-29T11:34:16.807745+00:00
Rajya Sabha,2542,"Pratapgarhi, Shri Imran",Indian National Congress,INC,,Maharashtra,https://sansad.in/getFile/newmembers/photos/P2542.jpg?source=rajyasabha,/Users/alokkumardalei/Desktop/MPLED/MPLEDs/data/mp_profiles/images/rs_2542.jpg,cached,https://sansad.in/rs/members,2026-08-29T07:57:18.033216+00:00,mplads/mp_profiles/rajya_sabha/2542_pratapgarhi_shri_imran,https://res.cloudinary.com/dfgsefn5v/image/upload/v1788003259/mplads/mp_profiles/rajya_sabha/2542_pratapgarhi_shri_imran.jpg,f15ef1cfbad1c7af5190d149e52ec5ed,uploaded,2026-08-29T11:34:19.674439+00:00
Rajya Sabha,2371,"Puri, Shri Hardeep Singh",Bharatiya Janata Party,BJP,,Uttar Pradesh,https://sansad.in/getFile/newmembers/photos/P2371.jpg?source=rajyasabha,/Users/alokkumardalei/Desktop/MPLED/MPLEDs/data/mp_profiles/images/rs_2371.jpg,cached,https://sansad.in/rs/members,2026-08-29T07:57:18.033216+00:00,mplads/mp_profiles/rajya_sabha/2371_puri_shri_hardeep_singh,https://res.cloudinary.com/dfgsefn5v/image/upload/v1788003258/mplads/mp_profiles/rajya_sabha/2371_puri_shri_hardeep_singh.jpg,e75a70d5efc0f7f18fcd4dd361acb235,uploaded,2026-08-29T11:34:18.456715+00:00
Rajya Sabha,2644,"Purkayastha, Shri Kanad",Bharatiya Janata Party,BJP,,Assam,https://sansad.in/getFile/newmembers/photos/P2644.jpg?source=rajyasabha,/Users/alokkumardalei/Desktop/MPLED/MPLEDs/data/mp_profiles/images/rs_2644.jpg,cached,https://sansad.in/rs/members,2026-08-29T07:57:18.033216+00:00,mplads/mp_profiles/rajya_sabha/2644_purkayastha_shri_kanad,https://res.cloudinary.com/dfgsefn5v/image/upload/v1788003258/mplads/mp_profiles/rajya_sabha/2644_purkayastha_shri_kanad.jpg,2d84a373589f3c4c181bc8e601ccf2af,uploaded,2026-08-29T11:34:18.695323+00:00
Rajya Sabha,2514,"Rahim, Shri A. A.",Communist Party of India (Marxist),CPI(M),,Keralam,https://sansad.in/getFile/newmembers/photos/P2514.jpg?source=rajyasabha,/Users/alokkumardalei/Desktop/MPLED/MPLEDs/data/mp_profiles/images/rs_2514.jpg,cached,https://sansad.in/rs/members,2026-08-29T07:57:18.033216+00:00,mplads/mp_profiles/rajya_sabha/2514_rahim_shri_a_a,https://res.cloudinary.com/dfgsefn5v/image/upload/v1788003257/mplads/mp_profiles/rajya_sabha/2514_rahim_shri_a_a.jpg,047af4da1f43a129f7267453bd013997,uploaded,2026-08-29T11:34:17.516443+00:00
Rajya Sabha,2506,"Rajeshkumar, Shri K.R.N.",Dravida Munnetra Kazhagam,DMK,,Tamil Nadu,https://sansad.in/getFile/newmembers/photos/P2506.jpg?source=rajyasabha,/Users/alokkumardalei/Desktop/MPLED/MPLEDs/data/mp_profiles/images/rs_2506.jpg,cached,https://sansad.in/rs/members,2026-08-29T07:57:18.033216+00:00,mplads/mp_profiles/rajya_sabha/2506_rajeshkumar_shri_k_r_n,https://res.cloudinary.com/dfgsefn5v/image/upload/v1788003258/mplads/mp_profiles/rajya_sabha/2506_rajeshkumar_shri_k_r_n.jpg,d08040d5ae23466b5dd02779e04ddaa0,uploaded,2026-08-29T11:34:18.459246+00:00
Rajya Sabha,2707,"Ram, Shri Baidyanath",Jharkhand Mukti Morcha,JMM,,Jharkhand,https://sansad.in/getFile/newmembers/photos/P2707.jpg?source=rajyasabha,/Users/alokkumardalei/Desktop/MPLED/MPLEDs/data/mp_profiles/images/rs_2707.jpg,cached,https://sansad.in/rs/members,2026-08-29T07:57:18.033216+00:00,mplads/mp_profiles/rajya_sabha/2707_ram_shri_baidyanath,https://res.cloudinary.com/dfgsefn5v/image/upload/v1788003259/mplads/mp_profiles/rajya_sabha/2707_ram_shri_baidyanath.jpg,5e2b3bbbd7a45729068e5862218d4eb4,uploaded,2026-08-29T11:34:19.624375+00:00
Rajya Sabha,2692,"Rama Krishna, Shri Bhashyam",Telugu Desam Party,TDP,,Andhra Pradesh,https://sansad.in/getFile/newmembers/photos/P2692.jpg?source=rajyasabha,/Users/alokkumardalei/Desktop/MPLED/MPLEDs/data/mp_profiles/images/rs_2692.jpg,cached,https://sansad.in/rs/members,2026-08-29T07:57:18.033216+00:00,mplads/mp_profiles/rajya_sabha/2692_rama_krishna_shri_bhashyam,https://res.cloudinary.com/dfgsefn5v/image/upload/v1788003259/mplads/mp_profiles/rajya_sabha/2692_rama_krishna_shri_bhashyam.jpg,4b838b7b59c82d6d5ac9f50b64cdf124,uploaded,2026-08-29T11:34:20.342840+00:00
Rajya Sabha,1949,"Ramadoss, Dr. Anbumani",Pattali Makkal Katchi,PMK,,Tamil Nadu,https://sansad.in/getFile/newmembers/photos/P1949.jpg?source=rajyasabha,/Users/alokkumardalei/Desktop/MPLED/MPLEDs/data/mp_profiles/images/rs_1949.jpg,cached,https://sansad.in/rs/members,2026-08-29T07:57:18.033216+00:00,mplads/mp_profiles/rajya_sabha/1949_ramadoss_dr_anbumani,https://res.cloudinary.com/dfgsefn5v/image/upload/v1788003259/mplads/mp_profiles/rajya_sabha/1949_ramadoss_dr_anbumani.jpg,486a170535d4642c03cd8d974c72217c,uploaded,2026-08-29T11:34:19.767251+00:00
Rajya Sabha,1935,"Ramesh, Shri Jairam",Indian National Congress,INC,,Karnataka,https://sansad.in/getFile/newmembers/photos/P1935.jpg?source=rajyasabha,/Users/alokkumardalei/Desktop/MPLED/MPLEDs/data/mp_profiles/images/rs_1935.jpg,cached,https://sansad.in/rs/members,2026-08-29T07:57:18.033216+00:00,mplads/mp_profiles/rajya_sabha/1935_ramesh_shri_jairam,https://res.cloudinary.com/dfgsefn5v/image/upload/v1788003260/mplads/mp_profiles/rajya_sabha/1935_ramesh_shri_jairam.jpg,2917a4d62136a21ebf21bbf9efb76acc,uploaded,2026-08-29T11:34:20.475603+00:00
Rajya Sabha,2693,"Ramesh, Shri Lingamaneni",Janasena Party,JSP,,Andhra Pradesh,https://sansad.in/getFile/newmembers/photos/P2693.jpg?source=rajyasabha,/Users/alokkumardalei/Desktop/MPLED/MPLEDs/data/mp_profiles/images/rs_2693.jpg,cached,https://sansad.in/rs/members,2026-08-29T07:57:18.033216+00:00,mplads/mp_profiles/rajya_sabha/2693_ramesh_shri_lingamaneni,https://res.cloudinary.com/dfgsefn5v/image/upload/v1788003259/mplads/mp_profiles/rajya_sabha/2693_ramesh_shri_lingamaneni.jpg,e7de67420ebc8adab8697475bced2548,uploaded,2026-08-29T11:34:20.268447+00:00
Rajya Sabha,2489,"Ramji, Shri",Bahujan Samaj Party,BSP,,Uttar Pradesh,https://sansad.in/getFile/newmembers/photos/P2489.jpg?source=rajyasabha,/Users/alokkumardalei/Desktop/MPLED/MPLEDs/data/mp_profiles/images/rs_2489.jpg,cached,https://sansad.in/rs/members,2026-08-29T07:57:18.033216+00:00,mplads/mp_profiles/rajya_sabha/2489_ramji_shri,https://res.cloudinary.com/dfgsefn5v/image/upload/v1788003260/mplads/mp_profiles/rajya_sabha/2489_ramji_shri.jpg,191ce00f420326d57ad6e210e8731ed9,uploaded,2026-08-29T11:34:20.672701+00:00
Rajya Sabha,2655,"Ramzan, Shri Chowdry Mohammad",J&K National Conference,J&KNC,,Jammu & Kashmir,https://sansad.in/getFile/newmembers/photos/P2655.jpg?source=rajyasabha,/Users/alokkumardalei/Desktop/MPLED/MPLEDs/data/mp_profiles/images/rs_2655.jpg,cached,https://sansad.in/rs/members,2026-08-29T07:57:18.033216+00:00,mplads/mp_profiles/rajya_sabha/2655_ramzan_shri_chowdry_mohammad,https://res.cloudinary.com/dfgsefn5v/image/upload/v1788003260/mplads/mp_profiles/rajya_sabha/2655_ramzan_shri_chowdry_mohammad.jpg,fdd2f8c9ad3a21730af76eb5e4857c03,uploaded,2026-08-29T11:34:20.832254+00:00
Rajya Sabha,2531,"Ranjan, Smt. Ranjeet",Indian National Congress,INC,,Chhattisgarh,https://sansad.in/getFile/newmembers/photos/P2531.jpg?source=rajyasabha,/Users/alokkumardalei/Desktop/MPLED/MPLEDs/data/mp_profiles/images/rs_2531.jpg,cached,https://sansad.in/rs/members,2026-08-29T07:57:18.033216+00:00,mplads/mp_profiles/rajya_sabha/2531_ranjan_smt_ranjeet,https://res.cloudinary.com/dfgsefn5v/image/upload/v1788003260/mplads/mp_profiles/rajya_sabha/2531_ranjan_smt_ranjeet.jpg,de7c64843714c9acb2c83b981b3fe819,uploaded,2026-08-29T11:34:21.000465+00:00
Rajya Sabha,2625,"Rathore, Shri Madan",Bharatiya Janata Party,BJP,,Rajasthan,https://sansad.in/getFile/newmembers/photos/P2625.jpg?source=rajyasabha,/Users/alokkumardalei/Desktop/MPLED/MPLEDs/data/mp_profiles/images/rs_2625.jpg,cached,https://sansad.in/rs/members,2026-08-29T07:57:18.033216+00:00,mplads/mp_profiles/rajya_sabha/2625_rathore_shri_madan,https://res.cloudinary.com/dfgsefn5v/image/upload/v1788003260/mplads/mp_profiles/rajya_sabha/2625_rathore_shri_madan.jpg,4e2d240ef91e3fe75329faacb1e9a99a,uploaded,2026-08-29T11:34:21.095766+00:00
Rajya Sabha,2698,"Rathwa, Dr. Mukeshbhai J.",Bharatiya Janata Party,BJP,,Gujarat,https://sansad.in/getFile/newmembers/photos/P2698.jpg?source=rajyasabha,/Users/alokkumardalei/Desktop/MPLED/MPLEDs/data/mp_profiles/images/rs_2698.jpg,cached,https://sansad.in/rs/members,2026-08-29T07:57:18.033216+00:00,mplads/mp_profiles/rajya_sabha/2698_rathwa_dr_mukeshbhai_j,https://res.cloudinary.com/dfgsefn5v/image/upload/v1788003260/mplads/mp_profiles/rajya_sabha/2698_rathwa_dr_mukeshbhai_j.jpg,e1e63742678b4137fc48ad3f8d654ada,uploaded,2026-08-29T11:34:21.237163+00:00
Rajya Sabha,1945,"Raut, Shri Sanjay",Shiv Sena-Uddhav Balasaheb Thackeray,SS-UBT,,Maharashtra,https://sansad.in/getFile/newmembers/photos/P1945.jpg?source=rajyasabha,/Users/alokkumardalei/Desktop/MPLED/MPLEDs/data/mp_profiles/images/rs_1945.jpg,cached,https://sansad.in/rs/members,2026-08-29T07:57:18.033216+00:00,mplads/mp_profiles/rajya_sabha/1945_raut_shri_sanjay,https://res.cloudinary.com/dfgsefn5v/image/upload/v1788003261/mplads/mp_profiles/rajya_sabha/1945_raut_shri_sanjay.jpg,06a48a43b4e5989bb462240be37cb6b8,uploaded,2026-08-29T11:34:21.408205+00:00
Rajya Sabha,2672,"Ravindran, Shri Constandine",Dravida Munnetra Kazhagam,DMK,,Tamil Nadu,https://sansad.in/getFile/newmembers/photos/P2672.jpg?source=rajyasabha,/Users/alokkumardalei/Desktop/MPLED/MPLEDs/data/mp_profiles/images/rs_2672.jpg,cached,https://sansad.in/rs/members,2026-08-29T07:57:18.033216+00:00,mplads/mp_profiles/rajya_sabha/2672_ravindran_shri_constandine,https://res.cloudinary.com/dfgsefn5v/image/upload/v1788003261/mplads/mp_profiles/rajya_sabha/2672_ravindran_shri_constandine.jpg,945f454260ed5ac200109e5790ba2135,uploaded,2026-08-29T11:34:21.616833+00:00
Rajya Sabha,236,"Ray, Shri Dilip Kumar",Independent & Others,IND.,,Odisha,https://sansad.in/getFile/newmembers/photos/P236.jpg?source=rajyasabha,/Users/alokkumardalei/Desktop/MPLED/MPLEDs/data/mp_profiles/images/rs_236.jpg,cached,https://sansad.in/rs/members,2026-08-29T07:57:18.033216+00:00,mplads/mp_profiles/rajya_sabha/236_ray_shri_dilip_kumar,https://res.cloudinary.com/dfgsefn5v/image/upload/v1788003261/mplads/mp_profiles/rajya_sabha/236_ray_shri_dilip_kumar.jpg,8584a40c0279263ca1f05a447425272c,uploaded,2026-08-29T11:34:21.835956+00:00
Rajya Sabha,2580,"Ray, Shri Nagendra",Bharatiya Janata Party,BJP,,West Bengal,https://sansad.in/getFile/newmembers/photos/P2580.jpg?source=rajyasabha,/Users/alokkumardalei/Desktop/MPLED/MPLEDs/data/mp_profiles/images/rs_2580.jpg,cached,https://sansad.in/rs/members,2026-08-29T07:57:18.033216+00:00,mplads/mp_profiles/rajya_sabha/2580_ray_shri_nagendra,https://res.cloudinary.com/dfgsefn5v/image/upload/v1788003261/mplads/mp_profiles/rajya_sabha/2580_ray_shri_nagendra.jpg,a2c13caa0f583097e30f67dbbec1f946,uploaded,2026-08-29T11:34:21.888647+00:00
Rajya Sabha,2184,"Ray, Shri Sukhendu Sekhar",Bharatiya Janata Party,BJP,,West Bengal,https://sansad.in/getFile/newmembers/photos/P2184.jpg?source=rajyasabha,/Users/alokkumardalei/Desktop/MPLED/MPLEDs/data/mp_profiles/images/rs_2184.jpg,cached,https://sansad.in/rs/members,2026-08-29T07:57:18.033216+00:00,mplads/mp_profiles/rajya_sabha/2184_ray_shri_sukhendu_sekhar,https://res.cloudinary.com/dfgsefn5v/image/upload/v1788003261/mplads/mp_profiles/rajya_sabha/2184_ray_shri_sukhendu_sekhar.jpg,b21edead39baa80cc2d1c2952ce9b295,uploaded,2026-08-29T11:34:21.972544+00:00
Rajya Sabha,2530,"Reddy, Shri B. Parthasaradhi",Bharat Rashtra Samithi,BRS,,Telangana,https://sansad.in/getFile/newmembers/photos/P2530.jpg?source=rajyasabha,/Users/alokkumardalei/Desktop/MPLED/MPLEDs/data/mp_profiles/images/rs_2530.jpg,cached,https://sansad.in/rs/members,2026-08-29T07:57:18.033216+00:00,mplads/mp_profiles/rajya_sabha/2530_reddy_shri_b_parthasaradhi,https://res.cloudinary.com/dfgsefn5v/image/upload/v1788003261/mplads/mp_profiles/rajya_sabha/2530_reddy_shri_b_parthasaradhi.jpg,d4c58aacc883498bac6243afc223e2e2,uploaded,2026-08-29T11:34:22.197663+00:00
Rajya Sabha,2587,"Reddy, Shri Meda Raghunadha",Yuvajana Sramika Rythu Congress Party,YSRCP,,Andhra Pradesh,https://sansad.in/getFile/newmembers/photos/P2587.jpg?source=rajyasabha,/Users/alokkumardalei/Desktop/MPLED/MPLEDs/data/mp_profiles/images/rs_2587.jpg,cached,https://sansad.in/rs/members,2026-08-29T07:57:18.033216+00:00,mplads/mp_profiles/rajya_sabha/2587_reddy_shri_meda_raghunadha,https://res.cloudinary.com/dfgsefn5v/image/upload/v1788003262/mplads/mp_profiles/rajya_sabha/2587_reddy_shri_meda_raghunadha.jpg,f8340e18121f4c9814a969b8a4b9dd02,uploaded,2026-08-29T11:34:22.421503+00:00
Rajya Sabha,2526,"Reddy, Shri S Niranjan",Yuvajana Sramika Rythu Congress Party,YSRCP,,Andhra Pradesh,https://sansad.in/getFile/newmembers/photos/P2526.jpg?source=rajyasabha,/Users/alokkumardalei/Desktop/MPLED/MPLEDs/data/mp_profiles/images/rs_2526.jpg,cached,https://sansad.in/rs/members,2026-08-29T07:57:18.033216+00:00,mplads/mp_profiles/rajya_sabha/2526_reddy_shri_s_niranjan,https://res.cloudinary.com/dfgsefn5v/image/upload/v1788003271/mplads/mp_profiles/rajya_sabha/2526_reddy_shri_s_niranjan.jpg,4608976beef2465d89c315da34f903bf,uploaded,2026-08-29T11:34:31.725617+00:00
Rajya Sabha,2682,"Reddy, Shri Vem Narendar",Indian National Congress,INC,,Telangana,https://sansad.in/getFile/newmembers/photos/P2682.jpg?source=rajyasabha,/Users/alokkumardalei/Desktop/MPLED/MPLEDs/data/mp_profiles/images/rs_2682.jpg,cached,https://sansad.in/rs/members,2026-08-29T07:57:18.033216+00:00,mplads/mp_profiles/rajya_sabha/2682_reddy_shri_vem_narendar,https://res.cloudinary.com/dfgsefn5v/image/upload/v1788003262/mplads/mp_profiles/rajya_sabha/2682_reddy_shri_vem_narendar.jpg,e264537e89040005c31dd83b8b0720de,uploaded,2026-08-29T11:34:22.494728+00:00
Rajya Sabha,2588,"Reddy, Shri Yerram Venkata Subba",Yuvajana Sramika Rythu Congress Party,YSRCP,,Andhra Pradesh,https://sansad.in/getFile/newmembers/photos/P2588.jpg?source=rajyasabha,/Users/alokkumardalei/Desktop/MPLED/MPLEDs/data/mp_profiles/images/rs_2588.jpg,cached,https://sansad.in/rs/members,2026-08-29T07:57:18.033216+00:00,mplads/mp_profiles/rajya_sabha/2588_reddy_shri_yerram_venkata_subba,https://res.cloudinary.com/dfgsefn5v/image/upload/v1788003262/mplads/mp_profiles/rajya_sabha/2588_reddy_shri_yerram_venkata_subba.jpg,55bba6c06261991e1d902d73b417f49d,uploaded,2026-08-29T11:34:23.023880+00:00
Rajya Sabha,2546,"Sahney, Dr. Vikramjit Singh",Bharatiya Janata Party,BJP,,Punjab,https://sansad.in/getFile/newmembers/photos/P2546.jpg?source=rajyasabha,/Users/alokkumardalei/Desktop/MPLED/MPLEDs/data/mp_profiles/images/rs_2546.jpg,cached,https://sansad.in/rs/members,2026-08-29T07:57:18.033216+00:00,mplads/mp_profiles/rajya_sabha/2546_sahney_dr_vikramjit_singh,https://res.cloudinary.com/dfgsefn5v/image/upload/v1788003263/mplads/mp_profiles/rajya_sabha/2546_sahney_dr_vikramjit_singh.jpg,a4d82500a0c25a472b2bc1af01837582,uploaded,2026-08-29T11:34:23.605270+00:00
Rajya Sabha,2560,"Saini, Dr. Kalpana",Bharatiya Janata Party,BJP,,Uttarakhand,https://sansad.in/getFile/newmembers/photos/P2560.jpg?source=rajyasabha,/Users/alokkumardalei/Desktop/MPLED/MPLEDs/data/mp_profiles/images/rs_2560.jpg,cached,https://sansad.in/rs/members,2026-08-29T07:57:18.033216+00:00,mplads/mp_profiles/rajya_sabha/2560_saini_dr_kalpana,https://res.cloudinary.com/dfgsefn5v/image/upload/v1788003262/mplads/mp_profiles/rajya_sabha/2560_saini_dr_kalpana.jpg,0464d66ab6ecd8379a5a42973b02a432,uploaded,2026-08-29T11:34:23.033315+00:00
Rajya Sabha,2595,"Salamsinh, Dr. Parmar Jashvantsinh",Bharatiya Janata Party,BJP,,Gujarat,https://sansad.in/getFile/newmembers/photos/P2595.jpg?source=rajyasabha,/Users/alokkumardalei/Desktop/MPLED/MPLEDs/data/mp_profiles/images/rs_2595.jpg,cached,https://sansad.in/rs/members,2026-08-29T07:57:18.033216+00:00,mplads/mp_profiles/rajya_sabha/2595_salamsinh_dr_parmar_jashvantsinh,https://res.cloudinary.com/dfgsefn5v/image/upload/v1788003263/mplads/mp_profiles/rajya_sabha/2595_salamsinh_dr_parmar_jashvantsinh.jpg,a44a61e2362dd2ff6ec07a2b26ef6847,uploaded,2026-08-29T11:34:23.585459+00:00
Rajya Sabha,174,"Samal, Shri Manmohan",Bharatiya Janata Party,BJP,,Odisha,https://sansad.in/getFile/newmembers/photos/P174.jpg?source=rajyasabha,/Users/alokkumardalei/Desktop/MPLED/MPLEDs/data/mp_profiles/images/rs_174.jpg,cached,https://sansad.in/rs/members,2026-08-29T07:57:18.033216+00:00,mplads/mp_profiles/rajya_sabha/174_samal_shri_manmohan,https://res.cloudinary.com/dfgsefn5v/image/upload/v1788003263/mplads/mp_profiles/rajya_sabha/174_samal_shri_manmohan.jpg,cba5533fafdcbedf20da1770d422f865,uploaded,2026-08-29T11:34:23.570487+00:00
Rajya Sabha,2622,"Samantaray, Shri Debashish",Bharatiya Janata Party,BJP,,Odisha,https://sansad.in/getFile/newmembers/photos/P2622.jpg?source=rajyasabha,/Users/alokkumardalei/Desktop/MPLED/MPLEDs/data/mp_profiles/images/rs_2622.jpg,cached,https://sansad.in/rs/members,2026-08-29T07:57:18.033216+00:00,mplads/mp_profiles/rajya_sabha/2622_samantaray_shri_debashish,https://res.cloudinary.com/dfgsefn5v/image/upload/v1788003263/mplads/mp_profiles/rajya_sabha/2622_samantaray_shri_debashish.jpg,1b72979fc70737cfc7e51e8572a9699d,uploaded,2026-08-29T11:34:24.137068+00:00
Rajya Sabha,2583,"Sandhu, Shri Satnam Singh",Bharatiya Janata Party,BJP,,Nominated,https://sansad.in/getFile/newmembers/photos/P2583.jpg?source=rajyasabha,/Users/alokkumardalei/Desktop/MPLED/MPLEDs/data/mp_profiles/images/rs_2583.jpg,cached,https://sansad.in/rs/members,2026-08-29T07:57:18.033216+00:00,mplads/mp_profiles/rajya_sabha/2583_sandhu_shri_satnam_singh,https://res.cloudinary.com/dfgsefn5v/image/upload/v1788003263/mplads/mp_profiles/rajya_sabha/2583_sandhu_shri_satnam_singh.jpg,e91d3dcc20c69b2137cb3d5d82b16697,uploaded,2026-08-29T11:34:24.263591+00:00
Rajya Sabha,2689,"Sangma, Shri James Pangsang Kongkal",National Peoples Party,NPP,,Meghalaya,https://sansad.in/getFile/newmembers/photos/P2689.jpg?source=rajyasabha,/Users/alokkumardalei/Desktop/MPLED/MPLEDs/data/mp_profiles/images/rs_2689.jpg,cached,https://sansad.in/rs/members,2026-08-29T07:57:18.033216+00:00,mplads/mp_profiles/rajya_sabha/2689_sangma_shri_james_pangsang_kongkal,https://res.cloudinary.com/dfgsefn5v/image/upload/v1788003263/mplads/mp_profiles/rajya_sabha/2689_sangma_shri_james_pangsang_kongkal.jpg,f665b57c7f768edfbf4e4673b1183c46,uploaded,2026-08-29T11:34:24.168560+00:00
Rajya Sabha,2643,"Satyanarayana, Shri Paka Venkata",Bharatiya Janata Party,BJP,,Andhra Pradesh,https://sansad.in/getFile/newmembers/photos/P2643.jpg?source=rajyasabha,/Users/alokkumardalei/Desktop/MPLED/MPLEDs/data/mp_profiles/images/rs_2643.jpg,cached,https://sansad.in/rs/members,2026-08-29T07:57:18.033216+00:00,mplads/mp_profiles/rajya_sabha/2643_satyanarayana_shri_paka_venkata,https://res.cloudinary.com/dfgsefn5v/image/upload/v1788003264/mplads/mp_profiles/rajya_sabha/2643_satyanarayana_shri_paka_venkata.jpg,824642229bc5fbb375576324b9b14ff0,uploaded,2026-08-29T11:34:24.668001+00:00
Rajya Sabha,2508,"Selvaganabathy, Shri S.",Bharatiya Janata Party,BJP,,Puducherry,https://sansad.in/getFile/newmembers/photos/P2508.jpg?source=rajyasabha,/Users/alokkumardalei/Desktop/MPLED/MPLEDs/data/mp_profiles/images/rs_2508.jpg,cached,https://sansad.in/rs/members,2026-08-29T07:57:18.033216+00:00,mplads/mp_profiles/rajya_sabha/2508_selvaganabathy_shri_s,https://res.cloudinary.com/dfgsefn5v/image/upload/v1788003264/mplads/mp_profiles/rajya_sabha/2508_selvaganabathy_shri_s.jpg,b91718e9e9b1eeaed95d176bf5258e50,uploaded,2026-08-29T11:34:24.696349+00:00
Rajya Sabha,2307,"Sen, Ms. Dola",All India Trinamool Congress,AITC,,West Bengal,https://sansad.in/getFile/newmembers/photos/P2307.jpg?source=rajyasabha,/Users/alokkumardalei/Desktop/MPLED/MPLEDs/data/mp_profiles/images/rs_2307.jpg,cached,https://sansad.in/rs/members,2026-08-29T07:57:18.033216+00:00,mplads/mp_profiles/rajya_sabha/2307_sen_ms_dola,https://res.cloudinary.com/dfgsefn5v/image/upload/v1788003264/mplads/mp_profiles/rajya_sabha/2307_sen_ms_dola.jpg,f02a2836a3c185d19fb5f01e955aa500,uploaded,2026-08-29T11:34:24.822039+00:00
Rajya Sabha,2351,"Seth, Shri Sanjay",Bharatiya Janata Party,BJP,,Uttar Pradesh,https://sansad.in/getFile/newmembers/photos/P2351.jpg?source=rajyasabha,/Users/alokkumardalei/Desktop/MPLED/MPLEDs/data/mp_profiles/images/rs_2351.jpg,cached,https://sansad.in/rs/members,2026-08-29T07:57:18.033216+00:00,mplads/mp_profiles/rajya_sabha/2351_seth_shri_sanjay,https://res.cloudinary.com/dfgsefn5v/image/upload/v1788003264/mplads/mp_profiles/rajya_sabha/2351_seth_shri_sanjay.jpg,16545a595170be670f0350f84e861ab9,uploaded,2026-08-29T11:34:25.232709+00:00
Rajya Sabha,2581,"Sharma, Dr. Dinesh",Bharatiya Janata Party,BJP,,Uttar Pradesh,https://sansad.in/getFile/newmembers/photos/P2581.jpg?source=rajyasabha,/Users/alokkumardalei/Desktop/MPLED/MPLEDs/data/mp_profiles/images/rs_2581.jpg,cached,https://sansad.in/rs/members,2026-08-29T07:57:18.033216+00:00,mplads/mp_profiles/rajya_sabha/2581_sharma_dr_dinesh,https://res.cloudinary.com/dfgsefn5v/image/upload/v1788003264/mplads/mp_profiles/rajya_sabha/2581_sharma_dr_dinesh.jpg,0c372b8e59a551170b77a387587b1d0d,uploaded,2026-08-29T11:34:25.251577+00:00
Rajya Sabha,2668,"Sharma, Shri Anurag",Indian National Congress,INC,,Himachal Pradesh,https://sansad.in/getFile/newmembers/photos/P2668.jpg?source=rajyasabha,/Users/alokkumardalei/Desktop/MPLED/MPLEDs/data/mp_profiles/images/rs_2668.jpg,cached,https://sansad.in/rs/members,2026-08-29T07:57:18.033216+00:00,mplads/mp_profiles/rajya_sabha/2668_sharma_shri_anurag,https://res.cloudinary.com/dfgsefn5v/image/upload/v1788003265/mplads/mp_profiles/rajya_sabha/2668_sharma_shri_anurag.jpg,f20f63aaff9a25b67f460e591bcf355e,uploaded,2026-08-29T11:34:25.399005+00:00
Rajya Sabha,2571,"Sharma, Shri Kartikeya",Independent & Others,IND.,,Haryana,https://sansad.in/getFile/newmembers/photos/P2571.jpg?source=rajyasabha,/Users/alokkumardalei/Desktop/MPLED/MPLEDs/data/mp_profiles/images/rs_2571.jpg,cached,https://sansad.in/rs/members,2026-08-29T07:57:18.033216+00:00,mplads/mp_profiles/rajya_sabha/2571_sharma_shri_kartikeya,https://res.cloudinary.com/dfgsefn5v/image/upload/v1788003265/mplads/mp_profiles/rajya_sabha/2571_sharma_shri_kartikeya.jpg,4fd8529aed347ab2918a0a46b47d5b80,uploaded,2026-08-29T11:34:25.783739+00:00
Rajya Sabha,2657,"Sharma, Shri Sat Paul",Bharatiya Janata Party,BJP,,Jammu & Kashmir,https://sansad.in/getFile/newmembers/photos/P2657.jpg?source=rajyasabha,/Users/alokkumardalei/Desktop/MPLED/MPLEDs/data/mp_profiles/images/rs_2657.jpg,cached,https://sansad.in/rs/members,2026-08-29T07:57:18.033216+00:00,mplads/mp_profiles/rajya_sabha/2657_sharma_shri_sat_paul,https://res.cloudinary.com/dfgsefn5v/image/upload/v1788003265/mplads/mp_profiles/rajya_sabha/2657_sharma_shri_sat_paul.jpg,14219dc5b0cf2735854a5a9eec0dab5a,uploaded,2026-08-29T11:34:25.776272+00:00
Rajya Sabha,2642,"Sharma, Smt. Rekha",Bharatiya Janata Party,BJP,,Haryana,https://sansad.in/getFile/newmembers/photos/P2642.jpg?source=rajyasabha,/Users/alokkumardalei/Desktop/MPLED/MPLEDs/data/mp_profiles/images/rs_2642.jpg,cached,https://sansad.in/rs/members,2026-08-29T07:57:18.033216+00:00,mplads/mp_profiles/rajya_sabha/2642_sharma_smt_rekha,https://res.cloudinary.com/dfgsefn5v/image/upload/v1788003265/mplads/mp_profiles/rajya_sabha/2642_sharma_smt_rekha.jpg,43b82a1bce54b1692955277e2a8b0d90,uploaded,2026-08-29T11:34:25.947408+00:00
Rajya Sabha,2297,"Shekhar, Shri Neeraj",Bharatiya Janata Party,BJP,,Uttar Pradesh,https://sansad.in/getFile/newmembers/photos/P2297.jpg?source=rajyasabha,/Users/alokkumardalei/Desktop/MPLED/MPLEDs/data/mp_profiles/images/rs_2297.jpg,cached,https://sansad.in/rs/members,2026-08-29T07:57:18.033216+00:00,mplads/mp_profiles/rajya_sabha/2297_shekhar_shri_neeraj,https://res.cloudinary.com/dfgsefn5v/image/upload/v1788003266/mplads/mp_profiles/rajya_sabha/2297_shekhar_shri_neeraj.jpg,7788a98e79aed1ec43b05f649787edb9,uploaded,2026-08-29T11:34:26.392956+00:00
Rajya Sabha,2269,Shri Harivansh,Nominated,NOM.,,Nominated,https://sansad.in/getFile/newmembers/photos/P2269.jpg?source=rajyasabha,/Users/alokkumardalei/Desktop/MPLED/MPLEDs/data/mp_profiles/images/rs_2269.jpg,cached,https://sansad.in/rs/members,2026-08-29T07:57:18.033216+00:00,mplads/mp_profiles/rajya_sabha/2269_shri_harivansh,https://res.cloudinary.com/dfgsefn5v/image/upload/v1788003266/mplads/mp_profiles/rajya_sabha/2269_shri_harivansh.jpg,7c7150b87a26010a4f32d94e01522141,uploaded,2026-08-29T11:34:26.468531+00:00
Rajya Sabha,2647,"Shringla, Shri Harsh Vardhan",Bharatiya Janata Party,BJP,,Nominated,https://sansad.in/getFile/newmembers/photos/P2647.jpg?source=rajyasabha,/Users/alokkumardalei/Desktop/MPLED/MPLEDs/data/mp_profiles/images/rs_2647.jpg,cached,https://sansad.in/rs/members,2026-08-29T07:57:18.033216+00:00,mplads/mp_profiles/rajya_sabha/2647_shringla_shri_harsh_vardhan,https://res.cloudinary.com/dfgsefn5v/image/upload/v1788003266/mplads/mp_profiles/rajya_sabha/2647_shringla_shri_harsh_vardhan.jpg,9806100a7fb1f900a2153593def21ded,uploaded,2026-08-29T11:34:26.538165+00:00
Rajya Sabha,175,"Shukla, Shri Rajeev",Indian National Congress,INC,,Chhattisgarh,https://sansad.in/getFile/newmembers/photos/P175.jpg?source=rajyasabha,/Users/alokkumardalei/Desktop/MPLED/MPLEDs/data/mp_profiles/images/rs_175.jpg,cached,https://sansad.in/rs/members,2026-08-29T07:57:18.033216+00:00,mplads/mp_profiles/rajya_sabha/175_shukla_shri_rajeev,https://res.cloudinary.com/dfgsefn5v/image/upload/v1788003266/mplads/mp_profiles/rajya_sabha/175_shukla_shri_rajeev.jpg,0dbe891f903512a62b06cfe085c7aac5,uploaded,2026-08-29T11:34:27.131243+00:00
Rajya Sabha,2697,"Shukla, Shri Rajesh Parmanand",Bharatiya Janata Party,BJP,,Gujarat,https://sansad.in/getFile/newmembers/photos/P2697.jpg?source=rajyasabha,/Users/alokkumardalei/Desktop/MPLED/MPLEDs/data/mp_profiles/images/rs_2697.jpg,cached,https://sansad.in/rs/members,2026-08-29T07:57:18.033216+00:00,mplads/mp_profiles/rajya_sabha/2697_shukla_shri_rajesh_parmanand,https://res.cloudinary.com/dfgsefn5v/image/upload/v1788003266/mplads/mp_profiles/rajya_sabha/2697_shukla_shri_rajesh_parmanand.jpg,effffad9866fe60d06aec39da1fdc539,uploaded,2026-08-29T11:34:27.078797+00:00
Rajya Sabha,74,"Sibal, Shri Kapil",Independent & Others,IND.,,Uttar Pradesh,https://sansad.in/getFile/newmembers/photos/P74.jpg?source=rajyasabha,/Users/alokkumardalei/Desktop/MPLED/MPLEDs/data/mp_profiles/images/rs_74.jpg,cached,https://sansad.in/rs/members,2026-08-29T07:57:18.033216+00:00,mplads/mp_profiles/rajya_sabha/74_sibal_shri_kapil,https://res.cloudinary.com/dfgsefn5v/image/upload/v1788003266/mplads/mp_profiles/rajya_sabha/74_sibal_shri_kapil.jpg,d4b4cb34d4dddfe9e4bce5b43cff38d6,uploaded,2026-08-29T11:34:27.099963+00:00
Rajya Sabha,2590,"Singh, Dr. Bhim",Bharatiya Janata Party,BJP,,Bihar,https://sansad.in/getFile/newmembers/photos/P2590.jpg?source=rajyasabha,/Users/alokkumardalei/Desktop/MPLED/MPLEDs/data/mp_profiles/images/rs_2590.jpg,cached,https://sansad.in/rs/members,2026-08-29T07:57:18.033216+00:00,mplads/mp_profiles/rajya_sabha/2590_singh_dr_bhim,https://res.cloudinary.com/dfgsefn5v/image/upload/v1788003267/mplads/mp_profiles/rajya_sabha/2590_singh_dr_bhim.jpg,7918d8333166b8423529b5b225829e95,uploaded,2026-08-29T11:34:27.674205+00:00
Rajya Sabha,2377,"Singh, Shri Akhilesh Prasad",Indian National Congress,INC,,Bihar,https://sansad.in/getFile/newmembers/photos/P2377.jpg?source=rajyasabha,/Users/alokkumardalei/Desktop/MPLED/MPLEDs/data/mp_profiles/images/rs_2377.jpg,cached,https://sansad.in/rs/members,2026-08-29T07:57:18.033216+00:00,mplads/mp_profiles/rajya_sabha/2377_singh_shri_akhilesh_prasad,https://res.cloudinary.com/dfgsefn5v/image/upload/v1788003267/mplads/mp_profiles/rajya_sabha/2377_singh_shri_akhilesh_prasad.jpg,69390d034297823f131f8c1ac00f33b3,uploaded,2026-08-29T11:34:27.667286+00:00
Rajya Sabha,2437,"Singh, Shri Arun",Bharatiya Janata Party,BJP,,Uttar Pradesh,https://sansad.in/getFile/newmembers/photos/P2437.jpg?source=rajyasabha,/Users/alokkumardalei/Desktop/MPLED/MPLEDs/data/mp_profiles/images/rs_2437.jpg,cached,https://sansad.in/rs/members,2026-08-29T07:57:18.033216+00:00,mplads/mp_profiles/rajya_sabha/2437_singh_shri_arun,https://res.cloudinary.com/dfgsefn5v/image/upload/v1788003267/mplads/mp_profiles/rajya_sabha/2437_singh_shri_arun.jpg,fc1253b17ee0b067de5361963f1d1a45,uploaded,2026-08-29T11:34:27.819395+00:00
Rajya Sabha,2601,"Singh, Shri Ashok",Indian National Congress,INC,,Madhya Pradesh,https://sansad.in/getFile/newmembers/photos/P2601.jpg?source=rajyasabha,/Users/alokkumardalei/Desktop/MPLED/MPLEDs/data/mp_profiles/images/rs_2601.jpg,cached,https://sansad.in/rs/members,2026-08-29T07:57:18.033216+00:00,mplads/mp_profiles/rajya_sabha/2601_singh_shri_ashok,https://res.cloudinary.com/dfgsefn5v/image/upload/v1788003267/mplads/mp_profiles/rajya_sabha/2601_singh_shri_ashok.jpg,9ae36547378fc074ef6a293cb35aae52,uploaded,2026-08-29T11:34:28.308348+00:00
Rajya Sabha,2593,"Singh, Shri Devendra Pratap",Bharatiya Janata Party,BJP,,Chhattisgarh,https://sansad.in/getFile/newmembers/photos/P2593.jpg?source=rajyasabha,/Users/alokkumardalei/Desktop/MPLED/MPLEDs/data/mp_profiles/images/rs_2593.jpg,cached,https://sansad.in/rs/members,2026-08-29T07:57:18.033216+00:00,mplads/mp_profiles/rajya_sabha/2593_singh_shri_devendra_pratap,https://res.cloudinary.com/dfgsefn5v/image/upload/v1788003267/mplads/mp_profiles/rajya_sabha/2593_singh_shri_devendra_pratap.jpg,f40a1373490cabaf2b3e66cca800d141,uploaded,2026-08-29T11:34:28.259717+00:00
Rajya Sabha,2520,"Singh, Shri Harbhajan",Bharatiya Janata Party,BJP,,Punjab,https://sansad.in/getFile/newmembers/photos/P2520.jpg?source=rajyasabha,/Users/alokkumardalei/Desktop/MPLED/MPLEDs/data/mp_profiles/images/rs_2520.jpg,cached,https://sansad.in/rs/members,2026-08-29T07:57:18.033216+00:00,mplads/mp_profiles/rajya_sabha/2520_singh_shri_harbhajan,https://res.cloudinary.com/dfgsefn5v/image/upload/v1788003268/mplads/mp_profiles/rajya_sabha/2520_singh_shri_harbhajan.jpg,7dfb65ea79d9345d57cca9fc5dd184c0,uploaded,2026-08-29T11:34:28.736450+00:00
Rajya Sabha,2614,"Singh, Shri Ratanjit Pratap Narain",Bharatiya Janata Party,BJP,,Uttar Pradesh,https://sansad.in/getFile/newmembers/photos/P2614.jpg?source=rajyasabha,/Users/alokkumardalei/Desktop/MPLED/MPLEDs/data/mp_profiles/images/rs_2614.jpg,cached,https://sansad.in/rs/members,2026-08-29T07:57:18.033216+00:00,mplads/mp_profiles/rajya_sabha/2614_singh_shri_ratanjit_pratap_narain,https://res.cloudinary.com/dfgsefn5v/image/upload/v1788003268/mplads/mp_profiles/rajya_sabha/2614_singh_shri_ratanjit_pratap_narain.jpg,918c8938543af5a053852a636cadb7ad,uploaded,2026-08-29T11:34:28.897468+00:00
Rajya Sabha,2372,"Singh, Shri Sanjay",Aam Aadmi Party,AAP,,National Capital Territory of Delhi,https://sansad.in/getFile/newmembers/photos/P2372.jpg?source=rajyasabha,/Users/alokkumardalei/Desktop/MPLED/MPLEDs/data/mp_profiles/images/rs_2372.jpg,cached,https://sansad.in/rs/members,2026-08-29T07:57:18.033216+00:00,mplads/mp_profiles/rajya_sabha/2372_singh_shri_sanjay,https://res.cloudinary.com/dfgsefn5v/image/upload/v1788003268/mplads/mp_profiles/rajya_sabha/2372_singh_shri_sanjay.jpg,5c88b203bb5fbcf69c7b03c72112c08b,uploaded,2026-08-29T11:34:29.066594+00:00
Rajya Sabha,2545,"Singh, Shri Sant Balbir",Aam Aadmi Party,AAP,,Punjab,https://sansad.in/getFile/newmembers/photos/P2545.jpg?source=rajyasabha,/Users/alokkumardalei/Desktop/MPLED/MPLEDs/data/mp_profiles/images/rs_2545.jpg,cached,https://sansad.in/rs/members,2026-08-29T07:57:18.033216+00:00,mplads/mp_profiles/rajya_sabha/2545_singh_shri_sant_balbir,https://res.cloudinary.com/dfgsefn5v/image/upload/v1788003271/mplads/mp_profiles/rajya_sabha/2545_singh_shri_sant_balbir.jpg,aa268e6d35d69f24038a1b5c77f7ff92,uploaded,2026-08-29T11:34:31.805305+00:00
Rajya Sabha,2612,"Singh, Shri Tejveer",Bharatiya Janata Party,BJP,,Uttar Pradesh,https://sansad.in/getFile/newmembers/photos/P2612.jpg?source=rajyasabha,/Users/alokkumardalei/Desktop/MPLED/MPLEDs/data/mp_profiles/images/rs_2612.jpg,cached,https://sansad.in/rs/members,2026-08-29T07:57:18.033216+00:00,mplads/mp_profiles/rajya_sabha/2612_singh_shri_tejveer,https://res.cloudinary.com/dfgsefn5v/image/upload/v1788003269/mplads/mp_profiles/rajya_sabha/2612_singh_shri_tejveer.jpg,21b955853a426d616fd97cc575a75098,uploaded,2026-08-29T11:34:29.429740+00:00
Rajya Sabha,2553,"Singh, Smt. Darshana",Bharatiya Janata Party,BJP,,Uttar Pradesh,https://sansad.in/getFile/newmembers/photos/P2553.jpg?source=rajyasabha,/Users/alokkumardalei/Desktop/MPLED/MPLEDs/data/mp_profiles/images/rs_2553.jpg,cached,https://sansad.in/rs/members,2026-08-29T07:57:18.033216+00:00,mplads/mp_profiles/rajya_sabha/2553_singh_smt_darshana,https://res.cloudinary.com/dfgsefn5v/image/upload/v1788003269/mplads/mp_profiles/rajya_sabha/2553_singh_smt_darshana.jpg,b3672a2abc6b2998a4c5d3741b273576,uploaded,2026-08-29T11:34:29.659962+00:00
Rajya Sabha,2616,"Singh, Smt. Sadhna",Bharatiya Janata Party,BJP,,Uttar Pradesh,https://sansad.in/getFile/newmembers/photos/P2616.jpg?source=rajyasabha,/Users/alokkumardalei/Desktop/MPLED/MPLEDs/data/mp_profiles/images/rs_2616.jpg,cached,https://sansad.in/rs/members,2026-08-29T07:57:18.033216+00:00,mplads/mp_profiles/rajya_sabha/2616_singh_smt_sadhna,https://res.cloudinary.com/dfgsefn5v/image/upload/v1788003269/mplads/mp_profiles/rajya_sabha/2616_singh_smt_sadhna.jpg,b0e5064154504c87350584082866edac,uploaded,2026-08-29T11:34:29.968272+00:00
Rajya Sabha,2029,"Singhvi, Dr. Abhishek Manu",Indian National Congress,INC,,Telangana,https://sansad.in/getFile/newmembers/photos/P2029.jpg?source=rajyasabha,/Users/alokkumardalei/Desktop/MPLED/MPLEDs/data/mp_profiles/images/rs_2029.jpg,cached,https://sansad.in/rs/members,2026-08-29T07:57:18.033216+00:00,mplads/mp_profiles/rajya_sabha/2029_singhvi_dr_abhishek_manu,https://res.cloudinary.com/dfgsefn5v/image/upload/v1788003269/mplads/mp_profiles/rajya_sabha/2029_singhvi_dr_abhishek_manu.jpg,c9e12f6e56f813fe185f58430736ad57,uploaded,2026-08-29T11:34:30.244770+00:00
Rajya Sabha,2681,"Sinha (Rahul Sinha), Shri Biswajit",Bharatiya Janata Party,BJP,,West Bengal,https://sansad.in/getFile/newmembers/photos/P2681.jpg?source=rajyasabha,/Users/alokkumardalei/Desktop/MPLED/MPLEDs/data/mp_profiles/images/rs_2681.jpg,cached,https://sansad.in/rs/members,2026-08-29T07:57:18.033216+00:00,mplads/mp_profiles/rajya_sabha/2681_sinha_rahul_sinha_shri_biswajit,https://res.cloudinary.com/dfgsefn5v/image/upload/v1788003270/mplads/mp_profiles/rajya_sabha/2681_sinha_rahul_sinha_shri_biswajit.jpg,cf776f892cb82fd2d68f72034027fab7,uploaded,2026-08-29T11:34:30.890125+00:00
Rajya Sabha,2539,"Siroya, Shri Lahar Singh",Bharatiya Janata Party,BJP,,Karnataka,https://sansad.in/getFile/newmembers/photos/P2539.jpg?source=rajyasabha,/Users/alokkumardalei/Desktop/MPLED/MPLEDs/data/mp_profiles/images/rs_2539.jpg,cached,https://sansad.in/rs/members,2026-08-29T07:57:18.033216+00:00,mplads/mp_profiles/rajya_sabha/2539_siroya_shri_lahar_singh,https://res.cloudinary.com/dfgsefn5v/image/upload/v1788003270/mplads/mp_profiles/rajya_sabha/2539_siroya_shri_lahar_singh.jpg,be15bd56ddfff353bc47b88d81bc81da,uploaded,2026-08-29T11:34:30.843157+00:00
Rajya Sabha,177,"Siva, Shri Tiruchi",Dravida Munnetra Kazhagam,DMK,,Tamil Nadu,https://sansad.in/getFile/newmembers/photos/P177.jpg?source=rajyasabha,/Users/alokkumardalei/Desktop/MPLED/MPLEDs/data/mp_profiles/images/rs_177.jpg,cached,https://sansad.in/rs/members,2026-08-29T07:57:18.033216+00:00,mplads/mp_profiles/rajya_sabha/177_siva_shri_tiruchi,https://res.cloudinary.com/dfgsefn5v/image/upload/v1788003271/mplads/mp_profiles/rajya_sabha/177_siva_shri_tiruchi.jpg,22d939054e51a4ed8c18f011ee793389,uploaded,2026-08-29T11:34:31.857631+00:00
Rajya Sabha,2499,"Sivadasan, Dr. V.",Communist Party of India (Marxist),CPI(M),,Keralam,https://sansad.in/getFile/newmembers/photos/P2499.jpg?source=rajyasabha,/Users/alokkumardalei/Desktop/MPLED/MPLEDs/data/mp_profiles/images/rs_2499.jpg,cached,https://sansad.in/rs/members,2026-08-29T07:57:18.033216+00:00,mplads/mp_profiles/rajya_sabha/2499_sivadasan_dr_v,https://res.cloudinary.com/dfgsefn5v/image/upload/v1788003271/mplads/mp_profiles/rajya_sabha/2499_sivadasan_dr_v.jpg,a9485ba573e9892436879c93f43ec6c2,uploaded,2026-08-29T11:34:31.515596+00:00
Rajya Sabha,2651,"Sivalingam, Shri S.R.",Dravida Munnetra Kazhagam,DMK,,Tamil Nadu,https://sansad.in/getFile/newmembers/photos/P2651.jpg?source=rajyasabha,/Users/alokkumardalei/Desktop/MPLED/MPLEDs/data/mp_profiles/images/rs_2651.jpg,cached,https://sansad.in/rs/members,2026-08-29T07:57:18.033216+00:00,mplads/mp_profiles/rajya_sabha/2651_sivalingam_shri_s_r,https://res.cloudinary.com/dfgsefn5v/image/upload/v1788003271/mplads/mp_profiles/rajya_sabha/2651_sivalingam_shri_s_r.jpg,9e0156a431d35258bb5afd831a9a921c,uploaded,2026-08-29T11:34:32.106348+00:00
Rajya Sabha,2650,Smt. Rajathi,Dravida Munnetra Kazhagam,DMK,,Tamil Nadu,https://sansad.in/getFile/newmembers/photos/P2650.jpg?source=rajyasabha,/Users/alokkumardalei/Desktop/MPLED/MPLEDs/data/mp_profiles/images/rs_2650.jpg,cached,https://sansad.in/rs/members,2026-08-29T07:57:18.033216+00:00,mplads/mp_profiles/rajya_sabha/2650_smt_rajathi,https://res.cloudinary.com/dfgsefn5v/image/upload/v1788003271/mplads/mp_profiles/rajya_sabha/2650_smt_rajathi.jpg,55aee3ff8dbfa2ae7dca5770fd0b3841,uploaded,2026-08-29T11:34:32.280791+00:00
Rajya Sabha,2676,"Sudhish, Shri L. K.",Desiya Murpokku Dravida Kazhagam,DMDK,,Tamil Nadu,https://sansad.in/getFile/newmembers/photos/P2676.jpg?source=rajyasabha,/Users/alokkumardalei/Desktop/MPLED/MPLEDs/data/mp_profiles/images/rs_2676.jpg,cached,https://sansad.in/rs/members,2026-08-29T07:57:18.033216+00:00,mplads/mp_profiles/rajya_sabha/2676_sudhish_shri_l_k,https://res.cloudinary.com/dfgsefn5v/image/upload/v1788003272/mplads/mp_profiles/rajya_sabha/2676_sudhish_shri_l_k.jpg,fd209dfec7de0a809a2fc9f68b73b34f,uploaded,2026-08-29T11:34:32.385229+00:00
Rajya Sabha,2615,"Suman, Shri Ramji Lal",Samajwadi Party,SP,,Uttar Pradesh,https://sansad.in/getFile/newmembers/photos/P2615.jpg?source=rajyasabha,/Users/alokkumardalei/Desktop/MPLED/MPLEDs/data/mp_profiles/images/rs_2615.jpg,cached,https://sansad.in/rs/members,2026-08-29T07:57:18.033216+00:00,mplads/mp_profiles/rajya_sabha/2615_suman_shri_ramji_lal,https://res.cloudinary.com/dfgsefn5v/image/upload/v1788003272/mplads/mp_profiles/rajya_sabha/2615_suman_shri_ramji_lal.jpg,ad27289d44a17b1fd4990443f8ca12e8,uploaded,2026-08-29T11:34:32.464626+00:00
Rajya Sabha,2630,"Suneer, Shri P. P.",Communist Party of India,CPI,,Keralam,https://sansad.in/getFile/newmembers/photos/P2630.jpg?source=rajyasabha,/Users/alokkumardalei/Desktop/MPLED/MPLEDs/data/mp_profiles/images/rs_2630.jpg,cached,https://sansad.in/rs/members,2026-08-29T07:57:18.033216+00:00,mplads/mp_profiles/rajya_sabha/2630_suneer_shri_p_p,https://res.cloudinary.com/dfgsefn5v/image/upload/v1788003272/mplads/mp_profiles/rajya_sabha/2630_suneer_shri_p_p.jpg,df2351570e6a8ee1d2d22b4558dc7d0a,uploaded,2026-08-29T11:34:32.657560+00:00
Rajya Sabha,2548,"Surjewala, Shri Randeep Singh",Indian National Congress,INC,,Rajasthan,https://sansad.in/getFile/newmembers/photos/P2548.jpg?source=rajyasabha,/Users/alokkumardalei/Desktop/MPLED/MPLEDs/data/mp_profiles/images/rs_2548.jpg,cached,https://sansad.in/rs/members,2026-08-29T07:57:18.033216+00:00,mplads/mp_profiles/rajya_sabha/2548_surjewala_shri_randeep_singh,https://res.cloudinary.com/dfgsefn5v/image/upload/v1788003273/mplads/mp_profiles/rajya_sabha/2548_surjewala_shri_randeep_singh.jpg,fdb97bf208ad70fd43369dc63a323dfa,uploaded,2026-08-29T11:34:33.426733+00:00
Rajya Sabha,2696,"Tagak, Shri Tai",Bharatiya Janata Party,BJP,,Arunachal Pradesh,https://sansad.in/getFile/newmembers/photos/P2696.jpg?source=rajyasabha,/Users/alokkumardalei/Desktop/MPLED/MPLEDs/data/mp_profiles/images/rs_2696.jpg,cached,https://sansad.in/rs/members,2026-08-29T07:57:18.033216+00:00,mplads/mp_profiles/rajya_sabha/2696_tagak_shri_tai,https://res.cloudinary.com/dfgsefn5v/image/upload/v1788003272/mplads/mp_profiles/rajya_sabha/2696_tagak_shri_tai.jpg,4c38b0638849cf5ea618b70b10ec68a1,uploaded,2026-08-29T11:34:33.107232+00:00
Rajya Sabha,2575,"Tanavade, Shri Sadanand mhalu shet",Bharatiya Janata Party,BJP,,Goa,https://sansad.in/getFile/newmembers/photos/P2575.jpg?source=rajyasabha,/Users/alokkumardalei/Desktop/MPLED/MPLEDs/data/mp_profiles/images/rs_2575.jpg,cached,https://sansad.in/rs/members,2026-08-29T07:57:18.033216+00:00,mplads/mp_profiles/rajya_sabha/2575_tanavade_shri_sadanand_mhalu_shet,https://res.cloudinary.com/dfgsefn5v/image/upload/v1788003272/mplads/mp_profiles/rajya_sabha/2575_tanavade_shri_sadanand_mhalu_shet.jpg,f8b4091478aa27c2971b26f725075515,uploaded,2026-08-29T11:34:33.111658+00:00
Rajya Sabha,2333,"Tankha, Shri Vivek K.",Indian National Congress,INC,,Madhya Pradesh,https://sansad.in/getFile/newmembers/photos/P2333.jpg?source=rajyasabha,/Users/alokkumardalei/Desktop/MPLED/MPLEDs/data/mp_profiles/images/rs_2333.jpg,cached,https://sansad.in/rs/members,2026-08-29T07:57:18.033216+00:00,mplads/mp_profiles/rajya_sabha/2333_tankha_shri_vivek_k,https://res.cloudinary.com/dfgsefn5v/image/upload/v1788003272/mplads/mp_profiles/rajya_sabha/2333_tankha_shri_vivek_k.jpg,81cd943b83d9487719d6644034caaaa6,uploaded,2026-08-29T11:34:33.244538+00:00
Rajya Sabha,2662,"Tawde, Shri Vinod Shridhar",Bharatiya Janata Party,BJP,,Maharashtra,https://sansad.in/getFile/newmembers/photos/P2662.jpg?source=rajyasabha,/Users/alokkumardalei/Desktop/MPLED/MPLEDs/data/mp_profiles/images/rs_2662.jpg,cached,https://sansad.in/rs/members,2026-08-29T07:57:18.033216+00:00,mplads/mp_profiles/rajya_sabha/2662_tawde_shri_vinod_shridhar,https://res.cloudinary.com/dfgsefn5v/image/upload/v1788003273/mplads/mp_profiles/rajya_sabha/2662_tawde_shri_vinod_shridhar.jpg,bb13dd96fbfe4c1c8b23231e84f72705,uploaded,2026-08-29T11:34:33.683058+00:00
Rajya Sabha,2268,"Thakur, Shri Ram Nath",Janata Dal (United),JD(U),,Bihar,https://sansad.in/getFile/newmembers/photos/P2268.jpg?source=rajyasabha,/Users/alokkumardalei/Desktop/MPLED/MPLEDs/data/mp_profiles/images/rs_2268.jpg,cached,https://sansad.in/rs/members,2026-08-29T07:57:18.033216+00:00,mplads/mp_profiles/rajya_sabha/2268_thakur_shri_ram_nath,https://res.cloudinary.com/dfgsefn5v/image/upload/v1788003274/mplads/mp_profiles/rajya_sabha/2268_thakur_shri_ram_nath.jpg,f69caf03e4079b087271d655cdf3e39f,uploaded,2026-08-29T11:34:34.504355+00:00
Rajya Sabha,2619,"Thakur, Smt. Mamata",All India Trinamool Congress,AITC,,West Bengal,https://sansad.in/getFile/newmembers/photos/P2619.jpg?source=rajyasabha,/Users/alokkumardalei/Desktop/MPLED/MPLEDs/data/mp_profiles/images/rs_2619.jpg,cached,https://sansad.in/rs/members,2026-08-29T07:57:18.033216+00:00,mplads/mp_profiles/rajya_sabha/2619_thakur_smt_mamata,https://res.cloudinary.com/dfgsefn5v/image/upload/v1788003273/mplads/mp_profiles/rajya_sabha/2619_thakur_smt_mamata.jpg,5b1c9a72a6cc7b4de7537605b1f07081,uploaded,2026-08-29T11:34:33.749976+00:00
Rajya Sabha,2451,"Thambi Durai, Dr. M.",All India Anna Dravida Munnetra Kazhagam,AIADMK,,Tamil Nadu,https://sansad.in/getFile/newmembers/photos/P2451.jpg?source=rajyasabha,/Users/alokkumardalei/Desktop/MPLED/MPLEDs/data/mp_profiles/images/rs_2451.jpg,cached,https://sansad.in/rs/members,2026-08-29T07:57:18.033216+00:00,mplads/mp_profiles/rajya_sabha/2451_thambi_durai_dr_m,https://res.cloudinary.com/dfgsefn5v/image/upload/v1788003274/mplads/mp_profiles/rajya_sabha/2451_thambi_durai_dr_m.jpg,d5199033f91392d4e59ed383e3837f94,uploaded,2026-08-29T11:34:34.961924+00:00
Rajya Sabha,2547,"Tiwari, Shri Ghanshyam",Bharatiya Janata Party,BJP,,Rajasthan,https://sansad.in/getFile/newmembers/photos/P2547.jpg?source=rajyasabha,/Users/alokkumardalei/Desktop/MPLED/MPLEDs/data/mp_profiles/images/rs_2547.jpg,cached,https://sansad.in/rs/members,2026-08-29T07:57:18.033216+00:00,mplads/mp_profiles/rajya_sabha/2547_tiwari_shri_ghanshyam,https://res.cloudinary.com/dfgsefn5v/image/upload/v1788003273/mplads/mp_profiles/rajya_sabha/2547_tiwari_shri_ghanshyam.jpg,3580ee689343e6b8105f8e968658bb11,uploaded,2026-08-29T11:34:34.244949+00:00
Rajya Sabha,2245,"Tiwari, Shri Pramod",Indian National Congress,INC,,Rajasthan,https://sansad.in/getFile/newmembers/photos/P2245.jpg?source=rajyasabha,/Users/alokkumardalei/Desktop/MPLED/MPLEDs/data/mp_profiles/images/rs_2245.jpg,cached,https://sansad.in/rs/members,2026-08-29T07:57:18.033216+00:00,mplads/mp_profiles/rajya_sabha/2245_tiwari_shri_pramod,https://res.cloudinary.com/dfgsefn5v/image/upload/v1788003273/mplads/mp_profiles/rajya_sabha/2245_tiwari_shri_pramod.jpg,f0fd6eacf17061ce3fda3ef2e5401d38,uploaded,2026-08-29T11:34:34.264140+00:00
Rajya Sabha,2436,"Trivedi, Dr. Sudhanshu",Bharatiya Janata Party,BJP,,Uttar Pradesh,https://sansad.in/getFile/newmembers/photos/P2436.jpg?source=rajyasabha,/Users/alokkumardalei/Desktop/MPLED/MPLEDs/data/mp_profiles/images/rs_2436.jpg,cached,https://sansad.in/rs/members,2026-08-29T07:57:18.033216+00:00,mplads/mp_profiles/rajya_sabha/2436_trivedi_dr_sudhanshu,https://res.cloudinary.com/dfgsefn5v/image/upload/v1788003274/mplads/mp_profiles/rajya_sabha/2436_trivedi_dr_sudhanshu.jpg,e424291ce10bd49495218a27b09893a1,uploaded,2026-08-29T11:34:34.838174+00:00
Rajya Sabha,2602,"Umeshnath, Shri Balyogi",Bharatiya Janata Party,BJP,,Madhya Pradesh,https://sansad.in/getFile/newmembers/photos/P2602.jpg?source=rajyasabha,/Users/alokkumardalei/Desktop/MPLED/MPLEDs/data/mp_profiles/images/rs_2602.jpg,cached,https://sansad.in/rs/members,2026-08-29T07:57:18.033216+00:00,mplads/mp_profiles/rajya_sabha/2602_umeshnath_shri_balyogi,https://res.cloudinary.com/dfgsefn5v/image/upload/v1788003274/mplads/mp_profiles/rajya_sabha/2602_umeshnath_shri_balyogi.jpg,dafa8295484f8bed91841befcc19fe4e,uploaded,2026-08-29T11:34:34.828680+00:00
Rajya Sabha,2568,"Usha, Smt. P. T.",Nominated,NOM.,,Nominated,https://sansad.in/getFile/newmembers/photos/P2568.jpg?source=rajyasabha,/Users/alokkumardalei/Desktop/MPLED/MPLEDs/data/mp_profiles/images/rs_2568.jpg,cached,https://sansad.in/rs/members,2026-08-29T07:57:18.033216+00:00,mplads/mp_profiles/rajya_sabha/2568_usha_smt_p_t,https://res.cloudinary.com/dfgsefn5v/image/upload/v1788003275/mplads/mp_profiles/rajya_sabha/2568_usha_smt_p_t.jpg,fce5d9a96ba8c72284497763443bebd0,uploaded,2026-08-29T11:34:35.606031+00:00
Rajya Sabha,2524,"Vaddiraju, Shri Ravi Chandra",Bharat Rashtra Samithi,BRS,,Telangana,https://sansad.in/getFile/newmembers/photos/P2524.jpg?source=rajyasabha,/Users/alokkumardalei/Desktop/MPLED/MPLEDs/data/mp_profiles/images/rs_2524.jpg,cached,https://sansad.in/rs/members,2026-08-29T07:57:18.033216+00:00,mplads/mp_profiles/rajya_sabha/2524_vaddiraju_shri_ravi_chandra,https://res.cloudinary.com/dfgsefn5v/image/upload/v1788003275/mplads/mp_profiles/rajya_sabha/2524_vaddiraju_shri_ravi_chandra.jpg,9590f9916f80262463a5f9431ae5c289,uploaded,2026-08-29T11:34:35.350071+00:00
Rajya Sabha,2425,"Vaishnaw, Shri Ashwini",Bharatiya Janata Party,BJP,,Odisha,https://sansad.in/getFile/newmembers/photos/P2425.jpg?source=rajyasabha,/Users/alokkumardalei/Desktop/MPLED/MPLEDs/data/mp_profiles/images/rs_2425.jpg,cached,https://sansad.in/rs/members,2026-08-29T07:57:18.033216+00:00,mplads/mp_profiles/rajya_sabha/2425_vaishnaw_shri_ashwini,https://res.cloudinary.com/dfgsefn5v/image/upload/v1788003275/mplads/mp_profiles/rajya_sabha/2425_vaishnaw_shri_ashwini.jpg,3d7c9e843ec79dc0769371bae34f5e88,uploaded,2026-08-29T11:34:35.475382+00:00
Rajya Sabha,2627,"Varma, Shri Pradip Kumar",Bharatiya Janata Party,BJP,,Jharkhand,https://sansad.in/getFile/newmembers/photos/P2627.jpg?source=rajyasabha,/Users/alokkumardalei/Desktop/MPLED/MPLEDs/data/mp_profiles/images/rs_2627.jpg,cached,https://sansad.in/rs/members,2026-08-29T07:57:18.033216+00:00,mplads/mp_profiles/rajya_sabha/2627_varma_shri_pradip_kumar,https://res.cloudinary.com/dfgsefn5v/image/upload/v1788003275/mplads/mp_profiles/rajya_sabha/2627_varma_shri_pradip_kumar.jpg,8593be9c51da3d468532646f32144a72,uploaded,2026-08-29T11:34:35.518845+00:00
Rajya Sabha,2491,"Verma, Shri B.L.",Bharatiya Janata Party,BJP,,Uttar Pradesh,https://sansad.in/getFile/newmembers/photos/P2491.jpg?source=rajyasabha,/Users/alokkumardalei/Desktop/MPLED/MPLEDs/data/mp_profiles/images/rs_2491.jpg,cached,https://sansad.in/rs/members,2026-08-29T07:57:18.033216+00:00,mplads/mp_profiles/rajya_sabha/2491_verma_shri_b_l,https://res.cloudinary.com/dfgsefn5v/image/upload/v1788003275/mplads/mp_profiles/rajya_sabha/2491_verma_shri_b_l.jpg,baea53a3955db29f46b997daeb8ec6c4,uploaded,2026-08-29T11:34:35.919635+00:00
Rajya Sabha,2665,"Verma, Smt. Laxmi",Bharatiya Janata Party,BJP,,Chhattisgarh,https://sansad.in/getFile/newmembers/photos/P2665.jpg?source=rajyasabha,/Users/alokkumardalei/Desktop/MPLED/MPLEDs/data/mp_profiles/images/rs_2665.jpg,cached,https://sansad.in/rs/members,2026-08-29T07:57:18.033216+00:00,mplads/mp_profiles/rajya_sabha/2665_verma_smt_laxmi,https://res.cloudinary.com/dfgsefn5v/image/upload/v1788003275/mplads/mp_profiles/rajya_sabha/2665_verma_smt_laxmi.jpg,678c64c3e5f8ab9ec6efbac48aafa5f1,uploaded,2026-08-29T11:34:36.033759+00:00
Rajya Sabha,2670,"Wadkute, Dr. Ramrao Sakharam",Bharatiya Janata Party,BJP,,Maharashtra,https://sansad.in/getFile/newmembers/photos/P2670.jpg?source=rajyasabha,/Users/alokkumardalei/Desktop/MPLED/MPLEDs/data/mp_profiles/images/rs_2670.jpg,cached,https://sansad.in/rs/members,2026-08-29T07:57:18.033216+00:00,mplads/mp_profiles/rajya_sabha/2670_wadkute_dr_ramrao_sakharam,https://res.cloudinary.com/dfgsefn5v/image/upload/v1788003276/mplads/mp_profiles/rajya_sabha/2670_wadkute_dr_ramrao_sakharam.jpg,2bfb4d4d3297e1b32771d7df4a2174e4,uploaded,2026-08-29T11:34:36.320375+00:00
Rajya Sabha,2671,"Waghmare, Dr. Jyoti Nagnath",Shiv Sena,SS,,Maharashtra,https://sansad.in/getFile/newmembers/photos/P2671.jpg?source=rajyasabha,/Users/alokkumardalei/Desktop/MPLED/MPLEDs/data/mp_profiles/images/rs_2671.jpg,cached,https://sansad.in/rs/members,2026-08-29T07:57:18.033216+00:00,mplads/mp_profiles/rajya_sabha/2671_waghmare_dr_jyoti_nagnath,https://res.cloudinary.com/dfgsefn5v/image/upload/v1788003275/mplads/mp_profiles/rajya_sabha/2671_waghmare_dr_jyoti_nagnath.jpg,5a2702de559dad42821476be984baa74,uploaded,2026-08-29T11:34:36.154496+00:00
Rajya Sabha,2549,"Wasnik, Shri Mukul",Indian National Congress,INC,,Rajasthan,https://sansad.in/getFile/newmembers/photos/P2549.jpg?source=rajyasabha,/Users/alokkumardalei/Desktop/MPLED/MPLEDs/data/mp_profiles/images/rs_2549.jpg,cached,https://sansad.in/rs/members,2026-08-29T07:57:18.033216+00:00,mplads/mp_profiles/rajya_sabha/2549_wasnik_shri_mukul,https://res.cloudinary.com/dfgsefn5v/image/upload/v1788003276/mplads/mp_profiles/rajya_sabha/2549_wasnik_shri_mukul.jpg,d4e4b86d642f5d4152ceb027c2d09855,uploaded,2026-08-29T11:34:36.474219+00:00
Rajya Sabha,2431,"Wilson, Shri P.",Dravida Munnetra Kazhagam,DMK,,Tamil Nadu,https://sansad.in/getFile/newmembers/photos/P2431.jpg?source=rajyasabha,/Users/alokkumardalei/Desktop/MPLED/MPLEDs/data/mp_profiles/images/rs_2431.jpg,cached,https://sansad.in/rs/members,2026-08-29T07:57:18.033216+00:00,mplads/mp_profiles/rajya_sabha/2431_wilson_shri_p,https://res.cloudinary.com/dfgsefn5v/image/upload/v1788003276/mplads/mp_profiles/rajya_sabha/2431_wilson_shri_p.jpg,02322d867a2b0a9a4fbe6767b194af43,uploaded,2026-08-29T11:34:36.624453+00:00
Rajya Sabha,109,"Yadav, Prof. Ram Gopal",Samajwadi Party,SP,,Uttar Pradesh,https://sansad.in/getFile/newmembers/photos/P109.jpg?source=rajyasabha,/Users/alokkumardalei/Desktop/MPLED/MPLEDs/data/mp_profiles/images/rs_109.jpg,cached,https://sansad.in/rs/members,2026-08-29T07:57:18.033216+00:00,mplads/mp_profiles/rajya_sabha/109_yadav_prof_ram_gopal,https://res.cloudinary.com/dfgsefn5v/image/upload/v1788003276/mplads/mp_profiles/rajya_sabha/109_yadav_prof_ram_gopal.jpg,d00f53168f425c97ac5c25ff44cfd653,uploaded,2026-08-29T11:34:36.810615+00:00
Rajya Sabha,2592,"Yadav, Shri Sanjay",Rashtriya Janata Dal,RJD,,Bihar,https://sansad.in/getFile/newmembers/photos/P2592.jpg?source=rajyasabha,/Users/alokkumardalei/Desktop/MPLED/MPLEDs/data/mp_profiles/images/rs_2592.jpg,cached,https://sansad.in/rs/members,2026-08-29T07:57:18.033216+00:00,mplads/mp_profiles/rajya_sabha/2592_yadav_shri_sanjay,https://res.cloudinary.com/dfgsefn5v/image/upload/v1788003276/mplads/mp_profiles/rajya_sabha/2592_yadav_shri_sanjay.jpg,6a0558b2bf0433ea46abb5a27abf36a5,uploaded,2026-08-29T11:34:36.915126+00:00
Rajya Sabha,2559,"Yadav, Smt. Sangeeta",Bharatiya Janata Party,BJP,,Uttar Pradesh,https://sansad.in/getFile/newmembers/photos/P2559.jpg?source=rajyasabha,/Users/alokkumardalei/Desktop/MPLED/MPLEDs/data/mp_profiles/images/rs_2559.jpg,cached,https://sansad.in/rs/members,2026-08-29T07:57:18.033216+00:00,mplads/mp_profiles/rajya_sabha/2559_yadav_smt_sangeeta,https://res.cloudinary.com/dfgsefn5v/image/upload/v1788003276/mplads/mp_profiles/rajya_sabha/2559_yadav_smt_sangeeta.jpg,a72be9c369d98893fed17ae653257f11,uploaded,2026-08-29T11:34:37.041747+00:00
