chamber,member_id,name,party,party_code,constituency,state_or_ut,image_url,local_image_path,image_status,source_directory_url,retrieved_at_utc
Lok Sabha,5814,Mani A,Dravida Munnetra Kazhagam,DMK,Dharmapuri,Tamil Nadu,https://sansad.in/getFile/dms/fetch/f67837c8-f1e6-4194-9939-01c9dcd4a09f?source=dsp2,/Users/alokkumardalei/Desktop/MPLED/MPLEDs/data/mp_profiles/images/ls_5814.jpg,cached,https://sansad.in/ls/members,2026-08-29T07:57:18.033216+00:00
Lok Sabha,344,Raja A,Dravida Munnetra Kazhagam,DMK,Nilgiris,Tamil Nadu,https://sansad.in/getFile/dms/fetch/aec33db8-0fdb-4cb0-be00-5ba472908abe?source=dsp2,/Users/alokkumardalei/Desktop/MPLED/MPLEDs/data/mp_profiles/images/ls_344.jpg,cached,https://sansad.in/ls/members,2026-08-29T07:57:18.033216+00:00
Lok Sabha,5677,Brijmohan Agrawal,Bharatiya Janata Party,BJP,Raipur,Chhattisgarh,https://sansad.in/getFile/dms/fetch/91c6f37a-5ddc-4e6c-bab4-bc252c02b77e?source=dsp2,/Users/alokkumardalei/Desktop/MPLED/MPLEDs/data/mp_profiles/images/ls_5677.jpg,cached,https://sansad.in/ls/members,2026-08-29T07:57:18.033216+00:00
Lok Sabha,5620,Damodar Agrawal,Bharatiya Janata Party,BJP,Bhilwara,Rajasthan,https://sansad.in/getFile/dms/fetch/6be2383e-8431-4612-8d8b-d79e720c899b?source=dsp2,/Users/alokkumardalei/Desktop/MPLED/MPLEDs/data/mp_profiles/images/ls_5620.jpg,cached,https://sansad.in/ls/members,2026-08-29T07:57:18.033216+00:00
Lok Sabha,5782,Narayandas Ahirwar,Samajwadi Party,SP,Jalaun,Uttar Pradesh,https://sansad.in/getFile/dms/fetch/d5445de6-a77e-42cc-9f7e-3063d7cc1cd0?source=dsp2,/Users/alokkumardalei/Desktop/MPLED/MPLEDs/data/mp_profiles/images/ls_5782.jpg,cached,https://sansad.in/ls/members,2026-08-29T07:57:18.033216+00:00
Lok Sabha,5781,Mian Altaf Ahmad,Jammu and Kashmir National Conference,J&KNC,Anantnag-Rajouri,Jammu and Kashmir,https://sansad.in/getFile/dms/fetch/3d848e17-9f59-45c8-bfd8-b4708e03fec0?source=dsp2,/Users/alokkumardalei/Desktop/MPLED/MPLEDs/data/mp_profiles/images/ls_5781.jpg,cached,https://sansad.in/ls/members,2026-08-29T07:57:18.033216+00:00
Lok Sabha,4944,Sajda Ahmed,All India Trinamool Congress,AITC,Uluberia,West Bengal,https://sansad.in/getFile/dms/fetch/5810d8cd-70e3-4aa4-82fd-65f3a38bf1ff?source=dsp2,/Users/alokkumardalei/Desktop/MPLED/MPLEDs/data/mp_profiles/images/ls_4944.jpg,cached,https://sansad.in/ls/members,2026-08-29T07:57:18.033216+00:00
Lok Sabha,5788,Angomcha Bimol Akoijam,Indian National Congress,INC,Inner Manipur,Manipur,https://sansad.in/getFile/dms/fetch/6dabbcaf-414f-489a-8309-1ddfa87d800a?source=dsp2,/Users/alokkumardalei/Desktop/MPLED/MPLEDs/data/mp_profiles/images/ls_5788.jpg,cached,https://sansad.in/ls/members,2026-08-29T07:57:18.033216+00:00
Lok Sabha,3464,Lovely Anand,Janata Dal (United),JD(U),Sheohar,Bihar,https://sansad.in/getFile/dms/fetch/dcf11748-2f54-4bc8-8fa1-a0549e360a43?source=dsp2,/Users/alokkumardalei/Desktop/MPLED/MPLEDs/data/mp_profiles/images/ls_3464.jpg,cached,https://sansad.in/ls/members,2026-08-29T07:57:18.033216+00:00
Lok Sabha,5528,D M Kathir Anand,Dravida Munnetra Kazhagam,DMK,Vellore,Tamil Nadu,https://sansad.in/getFile/dms/fetch/be60dd5f-6f56-44bc-9c8f-72d740078961?source=dsp2,/Users/alokkumardalei/Desktop/MPLED/MPLEDs/data/mp_profiles/images/ls_5528.jpg,cached,https://sansad.in/ls/members,2026-08-29T07:57:18.033216+00:00
Lok Sabha,4969,C N Annadurai,Dravida Munnetra Kazhagam,DMK,Tiruvannamalai,Tamil Nadu,https://sansad.in/getFile/dms/fetch/48f19788-c4be-4bc3-82ef-6913af52c792?source=dsp2,/Users/alokkumardalei/Desktop/MPLED/MPLEDs/data/mp_profiles/images/ls_4969.jpg,cached,https://sansad.in/ls/members,2026-08-29T07:57:18.033216+00:00
Lok Sabha,4170,Afzal Ansari,Samajwadi Party,SP,Ghazipur,Uttar Pradesh,https://sansad.in/getFile/dms/fetch/cb7f9a3b-959a-4dda-b517-b547b9adff2c?source=dsp2,/Users/alokkumardalei/Desktop/MPLED/MPLEDs/data/mp_profiles/images/ls_4170.jpg,cached,https://sansad.in/ls/members,2026-08-29T07:57:18.033216+00:00
Lok Sabha,4571,Anto Antony,Indian National Congress,INC,Pathanamthitta,Kerala,https://sansad.in/getFile/dms/fetch/5cb6d20f-d249-473d-951e-45bbf45830c1?source=dsp2,/Users/alokkumardalei/Desktop/MPLED/MPLEDs/data/mp_profiles/images/ls_4571.jpg,cached,https://sansad.in/ls/members,2026-08-29T07:57:18.033216+00:00
Lok Sabha,2664,Tariq Anwar,Indian National Congress,INC,Katihar,Bihar,https://sansad.in/getFile/dms/fetch/2fcc4f7c-aed3-4c0d-be83-ef5a74c47356?source=dsp2,/Users/alokkumardalei/Desktop/MPLED/MPLEDs/data/mp_profiles/images/ls_2664.jpg,cached,https://sansad.in/ls/members,2026-08-29T07:57:18.033216+00:00
Lok Sabha,5582,Alfred Kanngam S Arthur,Indian National Congress,INC,Outer Manipur,Manipur,https://sansad.in/getFile/dms/fetch/4c98bcc6-72dd-4d96-bdf3-518a1f9c907e?source=dsp2,/Users/alokkumardalei/Desktop/MPLED/MPLEDs/data/mp_profiles/images/ls_5582.jpg,cached,https://sansad.in/ls/members,2026-08-29T07:57:18.033216+00:00
Lok Sabha,5703,D K Aruna,Bharatiya Janata Party,BJP,Mahbubnagar,Telangana,https://sansad.in/getFile/dms/fetch/d8a8f133-aa5a-4084-bd57-71120274e134?source=dsp2,/Users/alokkumardalei/Desktop/MPLED/MPLEDs/data/mp_profiles/images/ls_5703.jpg,cached,https://sansad.in/ls/members,2026-08-29T07:57:18.033216+00:00
Lok Sabha,5684,Bhumare Sandipanrao Asaram,Shiv Sena,SS,Aurangabad,Maharashtra,https://sansad.in/getFile/dms/fetch/52e2311d-c511-47d6-a349-48ffd4cda800?source=dsp2,/Users/alokkumardalei/Desktop/MPLED/MPLEDs/data/mp_profiles/images/ls_5684.jpg,cached,https://sansad.in/ls/members,2026-08-29T07:57:18.033216+00:00
Lok Sabha,4940,Gurjeet Singh Aujla,Indian National Congress,INC,Amritsar,Punjab,https://sansad.in/getFile/dms/fetch/186976f5-baf3-40aa-9f63-d39894a1ae88?source=dsp2,/Users/alokkumardalei/Desktop/MPLED/MPLEDs/data/mp_profiles/images/ls_4940.jpg,cached,https://sansad.in/ls/members,2026-08-29T07:57:18.033216+00:00
Lok Sabha,5608,Ramesh Awasthi,Bharatiya Janata Party,BJP,Kanpur,Uttar Pradesh,https://sansad.in/getFile/dms/fetch/1ac0ea7e-f3a4-4290-a23c-561a2b7f321f?source=dsp2,/Users/alokkumardalei/Desktop/MPLED/MPLEDs/data/mp_profiles/images/ls_5608.jpg,cached,https://sansad.in/ls/members,2026-08-29T07:57:18.033216+00:00
Lok Sabha,4552,Manickam Tagore B,Indian National Congress,INC,Virudhunagar,Tamil Nadu,https://sansad.in/getFile/dms/fetch/bc43776a-5e70-4866-a20f-04f6a72496a9?source=dsp2,/Users/alokkumardalei/Desktop/MPLED/MPLEDs/data/mp_profiles/images/ls_4552.jpg,cached,https://sansad.in/ls/members,2026-08-29T07:57:18.033216+00:00
Lok Sabha,26,T R Baalu,Dravida Munnetra Kazhagam,DMK,Sriperumbudur,Tamil Nadu,https://sansad.in/getFile/dms/fetch/38fdd995-5190-4811-891e-9c6e49b85211?source=dsp2,/Users/alokkumardalei/Desktop/MPLED/MPLEDs/data/mp_profiles/images/ls_26.jpg,cached,https://sansad.in/ls/members,2026-08-29T07:57:18.033216+00:00
Lok Sabha,5655,M Mallesh Babu,Janata Dal (Secular),JD(S),Kolar,Karnataka,https://sansad.in/getFile/dms/fetch/225aa8fe-1f32-4ce6-9358-a04e111ebf42?source=dsp2,/Users/alokkumardalei/Desktop/MPLED/MPLEDs/data/mp_profiles/images/ls_5655.jpg,cached,https://sansad.in/ls/members,2026-08-29T07:57:18.033216+00:00
Lok Sabha,5714,Patel Umeshbhai Babubhai,Independent,Ind.,Daman and Diu,Dadra and Nagar Haveli and Daman and Diu,https://sansad.in/getFile/dms/fetch/e1ed07c1-004e-4f7f-bb4e-fcfa57508fd2?source=dsp2,/Users/alokkumardalei/Desktop/MPLED/MPLEDs/data/mp_profiles/images/ls_5714.jpg,cached,https://sansad.in/ls/members,2026-08-29T07:57:18.033216+00:00
Lok Sabha,4433,Harsimrat Kaur Badal,Shiromani Akali Dal,SAD,Bathinda,Punjab,https://sansad.in/getFile/dms/fetch/9ee00122-a9a1-4890-bb39-817061927070?source=dsp2,/Users/alokkumardalei/Desktop/MPLED/MPLEDs/data/mp_profiles/images/ls_4433.jpg,cached,https://sansad.in/ls/members,2026-08-29T07:57:18.033216+00:00
Lok Sabha,31,S  P Singh Baghel,Bharatiya Janata Party,BJP,Agra,Uttar Pradesh,https://sansad.in/getFile/dms/fetch/36390271-3bad-42ef-bae3-54e71dd5e829?source=dsp2,/Users/alokkumardalei/Desktop/MPLED/MPLEDs/data/mp_profiles/images/ls_31.jpg,cached,https://sansad.in/ls/members,2026-08-29T07:57:18.033216+00:00
Lok Sabha,5007,Vijay Baghel,Bharatiya Janata Party,BJP,Durg,Chhattisgarh,https://sansad.in/getFile/dms/fetch/3417c78e-0791-42b7-8ee1-0b875723c616?source=dsp2,/Users/alokkumardalei/Desktop/MPLED/MPLEDs/data/mp_profiles/images/ls_5007.jpg,cached,https://sansad.in/ls/members,2026-08-29T07:57:18.033216+00:00
Lok Sabha,5722,G M Harish Balayogi,Telugu Desam Party,TDP,Amalapuram,Andhra Pradesh,https://sansad.in/getFile/dms/fetch/3eff103b-6c24-42b9-ae07-9f7d4089ea44?source=dsp2,/Users/alokkumardalei/Desktop/MPLED/MPLEDs/data/mp_profiles/images/ls_5722.jpg,cached,https://sansad.in/ls/members,2026-08-29T07:57:18.033216+00:00
Lok Sabha,5557,Anil Baluni,Bharatiya Janata Party,BJP,Garhwal,Uttarakhand,https://sansad.in/getFile/dms/fetch/8a15f91d-a77a-448f-8d0c-a206e760b50e?source=dsp2,/Users/alokkumardalei/Desktop/MPLED/MPLEDs/data/mp_profiles/images/ls_5557.jpg,cached,https://sansad.in/ls/members,2026-08-29T07:57:18.033216+00:00
Lok Sabha,5614,Nimuben Jayantibhai Bambhaniya,Bharatiya Janata Party,BJP,Bhavnagar,Gujarat,https://sansad.in/getFile/dms/fetch/993a6795-bf6e-4df7-92f8-71ea6c7a5a3d?source=dsp2,/Users/alokkumardalei/Desktop/MPLED/MPLEDs/data/mp_profiles/images/ls_5614.jpg,cached,https://sansad.in/ls/members,2026-08-29T07:57:18.033216+00:00
Lok Sabha,38,Sudip Bandyopadhyay,All India Trinamool Congress,AITC,Kolkata Uttar,West Bengal,https://sansad.in/getFile/dms/fetch/d67ddb50-8104-441f-8eb3-222cf14e83f6?source=dsp2,/Users/alokkumardalei/Desktop/MPLED/MPLEDs/data/mp_profiles/images/ls_38.jpg,cached,https://sansad.in/ls/members,2026-08-29T07:57:18.033216+00:00
Lok Sabha,4843,Abhishek Banerjee,All India Trinamool Congress,AITC,Diamond Harbour,West Bengal,https://sansad.in/getFile/dms/fetch/9ddf9df2-5eba-438f-a8c8-fc305ed81eab?source=dsp2,/Users/alokkumardalei/Desktop/MPLED/MPLEDs/data/mp_profiles/images/ls_4843.jpg,cached,https://sansad.in/ls/members,2026-08-29T07:57:18.033216+00:00
Lok Sabha,4498,Kalyan Banerjee,All India Trinamool Congress,AITC,Sreerampur,West Bengal,https://sansad.in/getFile/dms/fetch/b1e8201a-6044-4517-bfad-80feb3faaebd?source=dsp2,/Users/alokkumardalei/Desktop/MPLED/MPLEDs/data/mp_profiles/images/ls_4498.jpg,cached,https://sansad.in/ls/members,2026-08-29T07:57:18.033216+00:00
Lok Sabha,4583,Prasun Banerjee,All India Trinamool Congress,AITC,Howrah,West Bengal,https://sansad.in/getFile/dms/fetch/b6837ecb-e5aa-4a2e-ae00-ccb662d7ac78?source=dsp2,/Users/alokkumardalei/Desktop/MPLED/MPLEDs/data/mp_profiles/images/ls_4583.jpg,cached,https://sansad.in/ls/members,2026-08-29T07:57:18.033216+00:00
Lok Sabha,5638,Rachna Banerjee,All India Trinamool Congress,AITC,Hooghly,West Bengal,https://sansad.in/getFile/dms/fetch/d7dcc7f5-7d99-4cf4-994f-014aaf1818f2?source=dsp2,/Users/alokkumardalei/Desktop/MPLED/MPLEDs/data/mp_profiles/images/ls_5638.jpg,cached,https://sansad.in/ls/members,2026-08-29T07:57:18.033216+00:00
Lok Sabha,5640,Aashtikar Patil Nagesh Bapurao,Shiv Sena,SS,Hingoli,Maharashtra,https://sansad.in/getFile/dms/fetch/ede241bd-54d5-408c-a4b5-b65cd92cd150?source=dsp2,/Users/alokkumardalei/Desktop/MPLED/MPLEDs/data/mp_profiles/images/ls_5640.jpg,cached,https://sansad.in/ls/members,2026-08-29T07:57:18.033216+00:00
Lok Sabha,5611,Shobhanaben Mahendrasinh Baraiya,Bharatiya Janata Party,BJP,Sabarkantha,Gujarat,https://sansad.in/getFile/dms/fetch/1cc7a6de-284e-4ee1-b8c9-bca95cb7613d?source=dsp2,/Users/alokkumardalei/Desktop/MPLED/MPLEDs/data/mp_profiles/images/ls_5611.jpg,cached,https://sansad.in/ls/members,2026-08-29T07:57:18.033216+00:00
Lok Sabha,4781,Shrirang Appa Chandu Barne,Shiv Sena,SS,Maval,Maharashtra,https://sansad.in/getFile/dms/fetch/62da597b-75c4-4cb1-8c4f-6c09d605ef86?source=dsp2,/Users/alokkumardalei/Desktop/MPLED/MPLEDs/data/mp_profiles/images/ls_4781.jpg,cached,https://sansad.in/ls/members,2026-08-29T07:57:18.033216+00:00
Lok Sabha,4937,Pradan Baruah,Bharatiya Janata Party,BJP,Lakhimpur,Assam,https://sansad.in/getFile/dms/fetch/55acf9a9-80dc-4610-b823-01b65152546f?source=dsp2,/Users/alokkumardalei/Desktop/MPLED/MPLEDs/data/mp_profiles/images/ls_4937.jpg,cached,https://sansad.in/ls/members,2026-08-29T07:57:18.033216+00:00
Lok Sabha,5736,Shyamkumar Daulat Barve,Indian National Congress,INC,Ramtek,Maharashtra,https://sansad.in/getFile/dms/fetch/53138461-4087-476a-b9d2-e1dff1dfdd8e?source=dsp2,/Users/alokkumardalei/Desktop/MPLED/MPLEDs/data/mp_profiles/images/ls_5736.jpg,cached,https://sansad.in/ls/members,2026-08-29T07:57:18.033216+00:00
Lok Sabha,4561,E T Mohammed Basheer,Indian Union Muslim League,IUML,Malappuram,Kerala,https://sansad.in/getFile/dms/fetch/b3f8ff8f-cf5f-4272-8514-14209307a8a0?source=dsp2,/Users/alokkumardalei/Desktop/MPLED/MPLEDs/data/mp_profiles/images/ls_4561.jpg,cached,https://sansad.in/ls/members,2026-08-29T07:57:18.033216+00:00
Lok Sabha,5548,Joyanta Basumatary,"United Peoples Party, Liberal",UPPL,Kokrajhar,Assam,https://sansad.in/getFile/dms/fetch/5effa193-5359-4d3f-a2a5-3c70d88ff5e5?source=dsp2,/Users/alokkumardalei/Desktop/MPLED/MPLEDs/data/mp_profiles/images/ls_5548.jpg,cached,https://sansad.in/ls/members,2026-08-29T07:57:18.033216+00:00
Lok Sabha,5833,Jagadish Chandra Barma Basunia,All India Trinamool Congress,AITC,Coochbehar,West Bengal,https://sansad.in/getFile/dms/fetch/3aeeffd4-e1e0-4f30-be4c-08a48b9ba3ed?source=dsp2,/Users/alokkumardalei/Desktop/MPLED/MPLEDs/data/mp_profiles/images/ls_5833.jpg,cached,https://sansad.in/ls/members,2026-08-29T07:57:18.033216+00:00
Lok Sabha,5124,Benny Behanan,Indian National Congress,INC,Chalakudy,Kerala,https://sansad.in/getFile/dms/fetch/a150eccd-5cfc-42c4-a0c8-884b24935873?source=dsp2,/Users/alokkumardalei/Desktop/MPLED/MPLEDs/data/mp_profiles/images/ls_5124.jpg,cached,https://sansad.in/ls/members,2026-08-29T07:57:18.033216+00:00
Lok Sabha,5595,Rabindra Narayan Behera,Bharatiya Janata Party,BJP,Jajpur,Odisha,https://sansad.in/getFile/dms/fetch/baaefc25-f6f8-4f4f-8750-b65f4178bac3?source=dsp2,/Users/alokkumardalei/Desktop/MPLED/MPLEDs/data/mp_profiles/images/ls_5595.jpg,cached,https://sansad.in/ls/members,2026-08-29T07:57:18.033216+00:00
Lok Sabha,5205,Hanuman Beniwal,Rashtriya Loktantrik Party,RLP,Nagaur,Rajasthan,https://sansad.in/getFile/dms/fetch/00ae1848-6579-4e73-be16-b5636b3aa57e?source=dsp2,/Users/alokkumardalei/Desktop/MPLED/MPLEDs/data/mp_profiles/images/ls_5205.jpg,cached,https://sansad.in/ls/members,2026-08-29T07:57:18.033216+00:00
Lok Sabha,5762,Ummeda Ram Beniwal,Indian National Congress,INC,Barmer,Rajasthan,https://sansad.in/getFile/dms/fetch/e6760166-3aa8-46f7-a98e-d3d5aa228eec?source=dsp2,/Users/alokkumardalei/Desktop/MPLED/MPLEDs/data/mp_profiles/images/ls_5762.jpg,cached,https://sansad.in/ls/members,2026-08-29T07:57:18.033216+00:00
Lok Sabha,4857,Jaswantsinh Sumanbhai Bhabhor,Bharatiya Janata Party,BJP,Dahod,Gujarat,https://sansad.in/getFile/dms/fetch/7bd62b88-4ee3-4b75-825a-b1089bb47f11?source=dsp2,/Users/alokkumardalei/Desktop/MPLED/MPLEDs/data/mp_profiles/images/ls_4857.jpg,cached,https://sansad.in/ls/members,2026-08-29T07:57:18.033216+00:00
Lok Sabha,5815,Anand Bhadauria,Samajwadi Party,SP,Dhaurahra,Uttar Pradesh,https://sansad.in/getFile/dms/fetch/a77788f7-c9d5-45a0-bd61-3714bf2d77a9?source=dsp2,/Users/alokkumardalei/Desktop/MPLED/MPLEDs/data/mp_profiles/images/ls_5815.jpg,cached,https://sansad.in/ls/members,2026-08-29T07:57:18.033216+00:00
Lok Sabha,5741,Bhaskar Murlidhar Bhagare,Nationalist Congress Party - Sharadchandra Pawar,NCPSP,Dindori,Maharashtra,https://sansad.in/getFile/dms/fetch/06783f09-1c54-4b66-8e18-80f5bf0ca7e4?source=dsp2,/Users/alokkumardalei/Desktop/MPLED/MPLEDs/data/mp_profiles/images/ls_5741.jpg,cached,https://sansad.in/ls/members,2026-08-29T07:57:18.033216+00:00
Lok Sabha,5742,Sukhdeo Bhagat,Indian National Congress,INC,Lohardaga,Jharkhand,https://sansad.in/getFile/dms/fetch/410393b5-97b5-4990-8910-7a79b432ca99?source=dsp2,/Users/alokkumardalei/Desktop/MPLED/MPLEDs/data/mp_profiles/images/ls_5742.jpg,cached,https://sansad.in/ls/members,2026-08-29T07:57:18.033216+00:00
Lok Sabha,5695,Rajeev Bharadwaj,Bharatiya Janata Party,BJP,Kangra,Himachal Pradesh,https://sansad.in/getFile/dms/fetch/8f4ab699-9f50-4ff8-9ac5-d82bfd990d38?source=dsp2,/Users/alokkumardalei/Desktop/MPLED/MPLEDs/data/mp_profiles/images/ls_5695.jpg,cached,https://sansad.in/ls/members,2026-08-29T07:57:18.033216+00:00
Lok Sabha,5740,Arun Bharti,Lok Jan Shakti Party (Ram Vilas),LJSP(RV),Jamui,Bihar,https://sansad.in/getFile/dms/fetch/1a51415d-76bf-479c-b475-b01f6b28dca2?source=dsp2,/Users/alokkumardalei/Desktop/MPLED/MPLEDs/data/mp_profiles/images/ls_5740.jpg,cached,https://sansad.in/ls/members,2026-08-29T07:57:18.033216+00:00
Lok Sabha,5824,Misha Bharti,Rashtriya Janata Dal,RJD,Pataliputra,Bihar,https://sansad.in/getFile/dms/fetch/cdf84460-48fe-43b4-812e-39eb877a59c3?source=dsp2,/Users/alokkumardalei/Desktop/MPLED/MPLEDs/data/mp_profiles/images/ls_5824.jpg,cached,https://sansad.in/ls/members,2026-08-29T07:57:18.033216+00:00
Lok Sabha,5003,Ajay Bhatt,Bharatiya Janata Party,BJP,Nainital-Udhamsingh Nagar,Uttarakhand,https://sansad.in/getFile/dms/fetch/34cde72d-512f-4eaf-91f1-ec36924da785?source=dsp2,/Users/alokkumardalei/Desktop/MPLED/MPLEDs/data/mp_profiles/images/ls_5003.jpg,cached,https://sansad.in/ls/members,2026-08-29T07:57:18.033216+00:00
Lok Sabha,4389,Udayanraje Pratapsinha Maharaj Bhonsle,Bharatiya Janata Party,BJP,Satara,Maharashtra,https://sansad.in/getFile/dms/fetch/4b6b4b54-2658-46b4-9551-33e8d2fb1692?source=dsp2,/Users/alokkumardalei/Desktop/MPLED/MPLEDs/data/mp_profiles/images/ls_4389.jpg,cached,https://sansad.in/ls/members,2026-08-29T07:57:18.033216+00:00
Lok Sabha,5660,Partha Bhowmick,All India Trinamool Congress,AITC,Barrackpur,West Bengal,https://sansad.in/getFile/dms/fetch/b691b827-fb50-430c-9221-901ca8bbf61b?source=dsp2,/Users/alokkumardalei/Desktop/MPLED/MPLEDs/data/mp_profiles/images/ls_5660.jpg,cached,https://sansad.in/ls/members,2026-08-29T07:57:18.033216+00:00
Lok Sabha,5745,Srinivasa Varma B J P Varma Bhupathiraju,Bharatiya Janata Party,BJP,Narsapuram,Andhra Pradesh,https://sansad.in/getFile/dms/fetch/2fdef988-93f9-4667-9ec6-ccdd3fab3022?source=dsp2,/Users/alokkumardalei/Desktop/MPLED/MPLEDs/data/mp_profiles/images/ls_5745.jpg,cached,https://sansad.in/ls/members,2026-08-29T07:57:18.033216+00:00
Lok Sabha,5543,Ramvir Singh Bidhuri,Bharatiya Janata Party,BJP,South Delhi,NCT of Delhi,https://sansad.in/getFile/dms/fetch/47a7b86f-772d-469a-b72a-c57969e07a11?source=dsp2,/Users/alokkumardalei/Desktop/MPLED/MPLEDs/data/mp_profiles/images/ls_5543.jpg,cached,https://sansad.in/ls/members,2026-08-29T07:57:18.033216+00:00
Lok Sabha,5607,Vinod Kumar Bind,Bharatiya Janata Party,BJP,Bhadohi,Uttar Pradesh,https://sansad.in/getFile/dms/fetch/a8331b73-11c7-401c-96a6-3e3941b81fef?source=dsp2,/Users/alokkumardalei/Desktop/MPLED/MPLEDs/data/mp_profiles/images/ls_5607.jpg,cached,https://sansad.in/ls/members,2026-08-29T07:57:18.033216+00:00
Lok Sabha,4716,Om Birla,Bharatiya Janata Party,BJP,Kota,Rajasthan,https://sansad.in/getFile/dms/fetch/fad38e8d-6630-48e7-867e-a4d565ba6b29?source=dsp2,/Users/alokkumardalei/Desktop/MPLED/MPLEDs/data/mp_profiles/images/ls_4716.jpg,cached,https://sansad.in/ls/members,2026-08-29T07:57:18.033216+00:00
Lok Sabha,5042,Raju Bista,Bharatiya Janata Party,BJP,Darjeeling,West Bengal,https://sansad.in/getFile/dms/fetch/e023036d-86ab-456c-ac4d-bb2b5174efa4?source=dsp2,/Users/alokkumardalei/Desktop/MPLED/MPLEDs/data/mp_profiles/images/ls_5042.jpg,cached,https://sansad.in/ls/members,2026-08-29T07:57:18.033216+00:00
Lok Sabha,5561,Basavaraj Bommai,Bharatiya Janata Party,BJP,Haveri,Karnataka,https://sansad.in/getFile/dms/fetch/9d2ba245-1a94-4b18-91d9-40766d6c746d?source=dsp2,/Users/alokkumardalei/Desktop/MPLED/MPLEDs/data/mp_profiles/images/ls_5561.jpg,cached,https://sansad.in/ls/members,2026-08-29T07:57:18.033216+00:00
Lok Sabha,5758,Sunil Bose,Indian National Congress,INC,Chamarajanagar,Karnataka,https://sansad.in/getFile/dms/fetch/452d9190-907f-49bf-b3b3-3a01bb575a71?source=dsp2,/Users/alokkumardalei/Desktop/MPLED/MPLEDs/data/mp_profiles/images/ls_5758.jpg,cached,https://sansad.in/ls/members,2026-08-29T07:57:18.033216+00:00
Lok Sabha,5585,Satpal Brahamchari,Indian National Congress,INC,Sonipat,Haryana,https://sansad.in/getFile/dms/fetch/25ba8a9f-91c8-4a32-b8ff-79e1779d4837?source=dsp2,/Users/alokkumardalei/Desktop/MPLED/MPLEDs/data/mp_profiles/images/ls_5585.jpg,cached,https://sansad.in/ls/members,2026-08-29T07:57:18.033216+00:00
Lok Sabha,5629,Robert Bruce C,Indian National Congress,INC,Tirunelveli,Tamil Nadu,https://sansad.in/getFile/dms/fetch/66b58107-eb65-4513-98b5-4634c985f7bc?source=dsp2,/Users/alokkumardalei/Desktop/MPLED/MPLEDs/data/mp_profiles/images/ls_5629.jpg,cached,https://sansad.in/ls/members,2026-08-29T07:57:18.033216+00:00
Lok Sabha,5779,Raj Kumar Chabbewal,Aam Aadmi Party,AAP,Hoshiarpur,Punjab,https://sansad.in/getFile/dms/fetch/b3e24b20-2005-416b-815b-dbaf05a6bb3c?source=dsp2,/Users/alokkumardalei/Desktop/MPLED/MPLEDs/data/mp_profiles/images/ls_5779.jpg,cached,https://sansad.in/ls/members,2026-08-29T07:57:18.033216+00:00
Lok Sabha,5142,Rajkumar Chahar,Bharatiya Janata Party,BJP,Fatehpur Sikri,Uttar Pradesh,https://sansad.in/getFile/dms/fetch/046bc160-b0f0-4a4d-8722-45dd133da20b?source=dsp2,/Users/alokkumardalei/Desktop/MPLED/MPLEDs/data/mp_profiles/images/ls_5142.jpg,cached,https://sansad.in/ls/members,2026-08-29T07:57:18.033216+00:00
Lok Sabha,5778,Arup Chakraborty,All India Trinamool Congress,AITC,Bankura,West Bengal,https://sansad.in/getFile/dms/fetch/43ae895a-036c-40eb-ac0e-bbf4f1d67714?source=dsp2,/Users/alokkumardalei/Desktop/MPLED/MPLEDs/data/mp_profiles/images/ls_5778.jpg,cached,https://sansad.in/ls/members,2026-08-29T07:57:18.033216+00:00
Lok Sabha,3984,Gaddigoudar Parvatagouda Chandanagouda,Bharatiya Janata Party,BJP,Bagalkot,Karnataka,https://sansad.in/getFile/dms/fetch/471289e1-04da-477e-a831-d0b33cc87a79?source=dsp2,/Users/alokkumardalei/Desktop/MPLED/MPLEDs/data/mp_profiles/images/ls_3984.jpg,cached,https://sansad.in/ls/members,2026-08-29T07:57:18.033216+00:00
Lok Sabha,5587,Yogender Chandolia,Bharatiya Janata Party,BJP,North West Delhi,NCT of Delhi,https://sansad.in/getFile/dms/fetch/c5910c59-af53-46d8-a55d-59a7e5836c1f?source=dsp2,/Users/alokkumardalei/Desktop/MPLED/MPLEDs/data/mp_profiles/images/ls_5587.jpg,cached,https://sansad.in/ls/members,2026-08-29T07:57:18.033216+00:00
Lok Sabha,5750,Charanjit Singh Channi,Indian National Congress,INC,Jalandhar,Punjab,https://sansad.in/getFile/dms/fetch/e4edffee-44ed-4db7-afb6-790238ebfd68?source=dsp2,/Users/alokkumardalei/Desktop/MPLED/MPLEDs/data/mp_profiles/images/ls_5750.jpg,cached,https://sansad.in/ls/members,2026-08-29T07:57:18.033216+00:00
Lok Sabha,4597,P P Chaudhary,Bharatiya Janata Party,BJP,Pali,Rajasthan,https://sansad.in/getFile/dms/fetch/54b8ca3a-0869-405a-9515-e543558e7e04?source=dsp2,/Users/alokkumardalei/Desktop/MPLED/MPLEDs/data/mp_profiles/images/ls_4597.jpg,cached,https://sansad.in/ls/members,2026-08-29T07:57:18.033216+00:00
Lok Sabha,5803,R K Chaudhary,Samajwadi Party,SP,Mohanlalganj,Uttar Pradesh,https://sansad.in/getFile/dms/fetch/80e4da25-7e76-44cb-8c7d-588e1a08ef43?source=dsp2,/Users/alokkumardalei/Desktop/MPLED/MPLEDs/data/mp_profiles/images/ls_5803.jpg,cached,https://sansad.in/ls/members,2026-08-29T07:57:18.033216+00:00
Lok Sabha,3261,Ram Prasad Chaudhary,Samajwadi Party,SP,Basti,Uttar Pradesh,https://sansad.in/getFile/dms/fetch/7c9c74f3-f9c8-4bb1-8b51-3b5fc063da42?source=dsp2,/Users/alokkumardalei/Desktop/MPLED/MPLEDs/data/mp_profiles/images/ls_3261.jpg,cached,https://sansad.in/ls/members,2026-08-29T07:57:18.033216+00:00
Lok Sabha,5545,Varun Chaudhry,Indian National Congress,INC,Ambala,Haryana,https://sansad.in/getFile/dms/fetch/96b5d1c1-a773-4e24-af01-7afd8f2f3c61?source=dsp2,/Users/alokkumardalei/Desktop/MPLED/MPLEDs/data/mp_profiles/images/ls_5545.jpg,cached,https://sansad.in/ls/members,2026-08-29T07:57:18.033216+00:00
Lok Sabha,5547,Chandan Chauhan,Rashtriya Lok Dal,RLD,Bijnor,Uttar Pradesh,https://sansad.in/getFile/dms/fetch/0ca71087-da5a-4d19-8bd1-85dc17e66266?source=dsp2,/Users/alokkumardalei/Desktop/MPLED/MPLEDs/data/mp_profiles/images/ls_5547.jpg,cached,https://sansad.in/ls/members,2026-08-29T07:57:18.033216+00:00
Lok Sabha,4858,Devusinh Chauhan,Bharatiya Janata Party,BJP,Kheda,Gujarat,https://sansad.in/getFile/dms/fetch/c61d55e2-e3ba-4021-a0d3-3eb145425040?source=dsp2,/Users/alokkumardalei/Desktop/MPLED/MPLEDs/data/mp_profiles/images/ls_4858.jpg,cached,https://sansad.in/ls/members,2026-08-29T07:57:18.033216+00:00
Lok Sabha,5766,Shahu Shahaji Chhatrapati,Indian National Congress,INC,Kolhapur,Maharashtra,https://sansad.in/getFile/dms/fetch/31e4e99d-758b-43a7-8aa8-cb5fb0990f53?source=dsp2,/Users/alokkumardalei/Desktop/MPLED/MPLEDs/data/mp_profiles/images/ls_5766.jpg,cached,https://sansad.in/ls/members,2026-08-29T07:57:18.033216+00:00
Lok Sabha,4859,Chhotelal,Samajwadi Party,SP,Robertsganj,Uttar Pradesh,https://sansad.in/getFile/dms/fetch/ffbb8083-2aa6-4600-a966-ee40407a571a?source=dsp2,/Users/alokkumardalei/Desktop/MPLED/MPLEDs/data/mp_profiles/images/ls_4859.jpg,cached,https://sansad.in/ls/members,2026-08-29T07:57:18.033216+00:00
Lok Sabha,4967,Karti P Chidambaram,Indian National Congress,INC,Sivaganga,Tamil Nadu,https://sansad.in/getFile/dms/fetch/4d547648-0546-448c-958a-740995664b5b?source=dsp2,/Users/alokkumardalei/Desktop/MPLED/MPLEDs/data/mp_profiles/images/ls_4967.jpg,cached,https://sansad.in/ls/members,2026-08-29T07:57:18.033216+00:00
Lok Sabha,5568,Raj Bhushan Choudhary,Bharatiya Janata Party,BJP,Muzaffarpur,Bihar,https://sansad.in/getFile/dms/fetch/bc9dc621-c27a-4d11-b9f2-6e2527b839ac?source=dsp2,/Users/alokkumardalei/Desktop/MPLED/MPLEDs/data/mp_profiles/images/ls_5568.jpg,cached,https://sansad.in/ls/members,2026-08-29T07:57:18.033216+00:00
Lok Sabha,5795,Iqra Choudhary,Samajwadi Party,SP,Kairana,Uttar Pradesh,https://sansad.in/getFile/dms/fetch/d6092132-4f3d-4590-bbb7-f7224a3ee545?source=dsp2,/Users/alokkumardalei/Desktop/MPLED/MPLEDs/data/mp_profiles/images/ls_5795.jpg,cached,https://sansad.in/ls/members,2026-08-29T07:57:18.033216+00:00
Lok Sabha,5203,Bhagirath Choudhary,Bharatiya Janata Party,BJP,Ajmer,Rajasthan,https://sansad.in/getFile/dms/fetch/999684a0-e482-4cce-b6b2-670433815624?source=dsp2,/Users/alokkumardalei/Desktop/MPLED/MPLEDs/data/mp_profiles/images/ls_5203.jpg,cached,https://sansad.in/ls/members,2026-08-29T07:57:18.033216+00:00
Lok Sabha,5115,Chandra Prakash Choudhary,AJSU Party,AJSU,Giridih,Jharkhand,https://sansad.in/getFile/dms/fetch/dc5c06e9-18e2-4089-ba59-a4bc3669a925?source=dsp2,/Users/alokkumardalei/Desktop/MPLED/MPLEDs/data/mp_profiles/images/ls_5115.jpg,cached,https://sansad.in/ls/members,2026-08-29T07:57:18.033216+00:00
Lok Sabha,5613,Darshan Singh Choudhary,Bharatiya Janata Party,BJP,Hoshangabad,Madhya Pradesh,https://sansad.in/getFile/dms/fetch/17e41954-3210-4667-ba8c-cd8550ca526b?source=dsp2,/Users/alokkumardalei/Desktop/MPLED/MPLEDs/data/mp_profiles/images/ls_5613.jpg,cached,https://sansad.in/ls/members,2026-08-29T07:57:18.033216+00:00
Lok Sabha,5621,Lumbaram Choudhary,Bharatiya Janata Party,BJP,Jalore,Rajasthan,https://sansad.in/getFile/dms/fetch/abe26d64-0afa-47c9-9033-4da643120dfb?source=dsp2,/Users/alokkumardalei/Desktop/MPLED/MPLEDs/data/mp_profiles/images/ls_5621.jpg,cached,https://sansad.in/ls/members,2026-08-29T07:57:18.033216+00:00
Lok Sabha,3479,Pankaj Choudhary,Bharatiya Janata Party,BJP,Maharajganj,Uttar Pradesh,https://sansad.in/getFile/dms/fetch/f70cae03-2464-4cda-ad56-e3338fc2749d?source=dsp2,/Users/alokkumardalei/Desktop/MPLED/MPLEDs/data/mp_profiles/images/ls_3479.jpg,cached,https://sansad.in/ls/members,2026-08-29T07:57:18.033216+00:00
Lok Sabha,5707,Roopkumari Choudhary,Bharatiya Janata Party,BJP,Mahasamund,Chhattisgarh,https://sansad.in/getFile/dms/fetch/dcb33df3-0e9a-4144-8f97-a1165a334a63?source=dsp2,/Users/alokkumardalei/Desktop/MPLED/MPLEDs/data/mp_profiles/images/ls_5707.jpg,cached,https://sansad.in/ls/members,2026-08-29T07:57:18.033216+00:00
Lok Sabha,5834,Isha Khan Choudhury,Indian National Congress,INC,Maldaha Dakshin,West Bengal,https://sansad.in/getFile/dms/fetch/5339d553-0357-4f5a-a8ef-305df483a78f?source=dsp2,/Users/alokkumardalei/Desktop/MPLED/MPLEDs/data/mp_profiles/images/ls_5834.jpg,cached,https://sansad.in/ls/members,2026-08-29T07:57:18.033216+00:00
Lok Sabha,5569,Phani Bhusan Choudhury,Asom Gana Parishad,AGP,Barpeta,Assam,https://sansad.in/getFile/dms/fetch/f01f344e-20ea-4c2e-aec6-498a3fa7c4e0?source=dsp2,/Users/alokkumardalei/Desktop/MPLED/MPLEDs/data/mp_profiles/images/ls_5569.jpg,cached,https://sansad.in/ls/members,2026-08-29T07:57:18.033216+00:00
Lok Sabha,96,Shivraj Singh Chouhan,Bharatiya Janata Party,BJP,Vidisha,Madhya Pradesh,https://sansad.in/getFile/dms/fetch/ba838b9b-fdcd-4c7c-9255-2bbba3e84c3d?source=dsp2,/Users/alokkumardalei/Desktop/MPLED/MPLEDs/data/mp_profiles/images/ls_96.jpg,cached,https://sansad.in/ls/members,2026-08-29T07:57:18.033216+00:00
Lok Sabha,5663,Anita Nagarsingh Chouhan,Bharatiya Janata Party,BJP,Ratlam,Madhya Pradesh,https://sansad.in/getFile/dms/fetch/81c66a49-604e-49d1-8973-1ee6b3762dd9?source=dsp2,/Users/alokkumardalei/Desktop/MPLED/MPLEDs/data/mp_profiles/images/ls_5663.jpg,cached,https://sansad.in/ls/members,2026-08-29T07:57:18.033216+00:00
Lok Sabha,5627,Captain Brijesh Chowta,Bharatiya Janata Party,BJP,Dakshina Kannada,Karnataka,https://sansad.in/getFile/dms/fetch/b37bd5e6-69f9-4d34-956a-f53540727cca?source=dsp2,/Users/alokkumardalei/Desktop/MPLED/MPLEDs/data/mp_profiles/images/ls_5627.jpg,cached,https://sansad.in/ls/members,2026-08-29T07:57:18.033216+00:00
Lok Sabha,4865,Rajesh Naranbhai Chudasama,Bharatiya Janata Party,BJP,Junagadh,Gujarat,https://sansad.in/getFile/dms/fetch/9c5bebe6-f10d-41b6-aa74-6aa503a45c30?source=dsp2,/Users/alokkumardalei/Desktop/MPLED/MPLEDs/data/mp_profiles/images/ls_4865.jpg,cached,https://sansad.in/ls/members,2026-08-29T07:57:18.033216+00:00
Lok Sabha,5817,Malaiyarasan D,Dravida Munnetra Kazhagam,DMK,Kallakurichi,Tamil Nadu,https://sansad.in/getFile/dms/fetch/7b67ff7d-63a4-4503-8eed-fcb685df537e?source=dsp2,/Users/alokkumardalei/Desktop/MPLED/MPLEDs/data/mp_profiles/images/ls_5817.jpg,cached,https://sansad.in/ls/members,2026-08-29T07:57:18.033216+00:00
Lok Sabha,5024,Bharatsinhji Shankarji Dabhi,Bharatiya Janata Party,BJP,Patan,Gujarat,https://sansad.in/getFile/dms/fetch/57b8932e-18bf-4d5f-9aa3-2a11133061ff?source=dsp2,/Users/alokkumardalei/Desktop/MPLED/MPLEDs/data/mp_profiles/images/ls_5024.jpg,cached,https://sansad.in/ls/members,2026-08-29T07:57:18.033216+00:00
Lok Sabha,5574,Mukeshkumar Chandrakaant Dalal,Bharatiya Janata Party,BJP,Surat,Gujarat,https://sansad.in/getFile/dms/fetch/bcf52bf7-db72-45f7-bf4c-5b032b670ebf?source=dsp2,/Users/alokkumardalei/Desktop/MPLED/MPLEDs/data/mp_profiles/images/ls_5574.jpg,cached,https://sansad.in/ls/members,2026-08-29T07:57:18.033216+00:00
Lok Sabha,4489,Kakoli Ghosh Dastidar,All India Trinamool Congress,AITC,Barasat,West Bengal,https://sansad.in/getFile/dms/fetch/3db65198-4169-4628-8b4b-3dc859c9fa32?source=dsp2,/Users/alokkumardalei/Desktop/MPLED/MPLEDs/data/mp_profiles/images/ls_4489.jpg,cached,https://sansad.in/ls/members,2026-08-29T07:57:18.033216+00:00
Lok Sabha,5199,Tatkare Sunil Dattatrey,Nationalist Congress Party,NCP,Raigad,Maharashtra,https://sansad.in/getFile/dms/fetch/caf48e21-52e8-476f-a20e-f200d976ac4e?source=dsp2,/Users/alokkumardalei/Desktop/MPLED/MPLEDs/data/mp_profiles/images/ls_5199.jpg,cached,https://sansad.in/ls/members,2026-08-29T07:57:18.033216+00:00
Lok Sabha,5671,Biplab Kumar Deb,Bharatiya Janata Party,BJP,Tripura West,Tripura,https://sansad.in/getFile/dms/fetch/37318587-27e9-45da-b28c-4e834ed90864?source=dsp2,/Users/alokkumardalei/Desktop/MPLED/MPLEDs/data/mp_profiles/images/ls_5671.jpg,cached,https://sansad.in/ls/members,2026-08-29T07:57:18.033216+00:00
Lok Sabha,5575,Kriti Devi Debbarman,Bharatiya Janata Party,BJP,Tripura East,Tripura,https://sansad.in/getFile/dms/fetch/5a105b3e-fdd5-4d68-a061-511449d7c8fd?source=dsp2,/Users/alokkumardalei/Desktop/MPLED/MPLEDs/data/mp_profiles/images/ls_5575.jpg,cached,https://sansad.in/ls/members,2026-08-29T07:57:18.033216+00:00
Lok Sabha,426,Sangeeta Kumari Singh Deo,Bharatiya Janata Party,BJP,Bolangir,Odisha,https://sansad.in/getFile/dms/fetch/f50f3922-4654-4d0c-a1ca-e4a47eb178e7?source=dsp2,/Users/alokkumardalei/Desktop/MPLED/MPLEDs/data/mp_profiles/images/ls_426.jpg,cached,https://sansad.in/ls/members,2026-08-29T07:57:18.033216+00:00
Lok Sabha,5648,Anil Yeshwant Desai,Shiv Sena (Uddhav Balasaheb Thackrey),SHSUBT,Mumbai South Central,Maharashtra,https://sansad.in/getFile/dms/fetch/5d26988b-9523-494e-82fc-59ac2d64c7d8?source=dsp2,/Users/alokkumardalei/Desktop/MPLED/MPLEDs/data/mp_profiles/images/ls_5648.jpg,cached,https://sansad.in/ls/members,2026-08-29T07:57:18.033216+00:00
Lok Sabha,5725,Sanjay Uttamrao Deshmukh,Shiv Sena,SS,Yavatmal-Washim,Maharashtra,https://sansad.in/getFile/dms/fetch/9e57d892-17c6-4153-8277-0a0effbd7e6a?source=dsp2,/Users/alokkumardalei/Desktop/MPLED/MPLEDs/data/mp_profiles/images/ls_5725.jpg,cached,https://sansad.in/ls/members,2026-08-29T07:57:18.033216+00:00
Lok Sabha,4847,Adhikari Deepak Dev,All India Trinamool Congress,AITC,Ghatal,West Bengal,https://sansad.in/getFile/dms/fetch/6908179a-d72a-49ad-a477-e5bc889ae45d?source=dsp2,/Users/alokkumardalei/Desktop/MPLED/MPLEDs/data/mp_profiles/images/ls_4847.jpg,cached,https://sansad.in/ls/members,2026-08-29T07:57:18.033216+00:00
Lok Sabha,5096,Lavu Sri Krishna Devarayalu,Telugu Desam Party,TDP,Narasaraopet,Andhra Pradesh,https://sansad.in/getFile/dms/fetch/d12a2213-42de-4b5f-bb83-a165e190f5b3?source=dsp2,/Users/alokkumardalei/Desktop/MPLED/MPLEDs/data/mp_profiles/images/ls_5096.jpg,cached,https://sansad.in/ls/members,2026-08-29T07:57:18.033216+00:00
Lok Sabha,5116,Annpurna Devi,Bharatiya Janata Party,BJP,Kodarma,Jharkhand,https://sansad.in/getFile/dms/fetch/38185697-2a58-48bb-aae0-3429d7429b7c?source=dsp2,/Users/alokkumardalei/Desktop/MPLED/MPLEDs/data/mp_profiles/images/ls_5116.jpg,cached,https://sansad.in/ls/members,2026-08-29T07:57:18.033216+00:00
Lok Sabha,5624,Malvika Devi,Bharatiya Janata Party,BJP,Kalahandi,Odisha,https://sansad.in/getFile/dms/fetch/c8aedc73-3f46-4108-b593-0a3794dd3b56?source=dsp2,/Users/alokkumardalei/Desktop/MPLED/MPLEDs/data/mp_profiles/images/ls_5624.jpg,cached,https://sansad.in/ls/members,2026-08-29T07:57:18.033216+00:00
Lok Sabha,5223,Veena Devi,Lok Jan Shakti Party (Ram Vilas),LJSP(RV),Vaishali,Bihar,https://sansad.in/getFile/dms/fetch/2a4441bd-2e6e-4483-9105-be92b92366e6?source=dsp2,/Users/alokkumardalei/Desktop/MPLED/MPLEDs/data/mp_profiles/images/ls_5223.jpg,cached,https://sansad.in/ls/members,2026-08-29T07:57:18.033216+00:00
Lok Sabha,5577,Vijaylakshmi Devi,Janata Dal (United),JD(U),Siwan,Bihar,https://sansad.in/getFile/dms/fetch/e664bcc4-f677-4dca-9fa1-f72ee4fd1aa6?source=dsp2,/Users/alokkumardalei/Desktop/MPLED/MPLEDs/data/mp_profiles/images/ls_5577.jpg,cached,https://sansad.in/ls/members,2026-08-29T07:57:18.033216+00:00
Lok Sabha,5082,Arvind Dharmapuri,Bharatiya Janata Party,BJP,Nizamabad,Telangana,https://sansad.in/getFile/dms/fetch/f994396d-7b0b-42d4-92b4-8754598edd38?source=dsp2,/Users/alokkumardalei/Desktop/MPLED/MPLEDs/data/mp_profiles/images/ls_5082.jpg,cached,https://sansad.in/ls/members,2026-08-29T07:57:18.033216+00:00
Lok Sabha,5562,Anup Sanjay Dhotre,Bharatiya Janata Party,BJP,Akola,Maharashtra,https://sansad.in/getFile/dms/fetch/72a01037-1248-4c75-a73d-3a5afb0e285b?source=dsp2,/Users/alokkumardalei/Desktop/MPLED/MPLEDs/data/mp_profiles/images/ls_5562.jpg,cached,https://sansad.in/ls/members,2026-08-29T07:57:18.033216+00:00
Lok Sabha,5773,Bachhav Shobha Dinesh,Indian National Congress,INC,Dhule,Maharashtra,https://sansad.in/getFile/dms/fetch/99fe6957-2a0d-4bf0-bcc4-4fbf767ca049?source=dsp2,/Users/alokkumardalei/Desktop/MPLED/MPLEDs/data/mp_profiles/images/ls_5773.jpg,cached,https://sansad.in/ls/members,2026-08-29T07:57:18.033216+00:00
Lok Sabha,5657,Jitendra Kumar Dohare,Samajwadi Party,SP,Etawah,Uttar Pradesh,https://sansad.in/getFile/dms/fetch/03a5620b-df47-451a-af55-5716aaf2a979?source=dsp2,/Users/alokkumardalei/Desktop/MPLED/MPLEDs/data/mp_profiles/images/ls_5657.jpg,cached,https://sansad.in/ls/members,2026-08-29T07:57:18.033216+00:00
Lok Sabha,4324,Nishikant Dubey,Bharatiya Janata Party,BJP,Godda,Jharkhand,https://sansad.in/getFile/dms/fetch/8c3e7541-7348-42fb-8ecd-121c15689374?source=dsp2,/Users/alokkumardalei/Desktop/MPLED/MPLEDs/data/mp_profiles/images/ls_4324.jpg,cached,https://sansad.in/ls/members,2026-08-29T07:57:18.033216+00:00
Lok Sabha,5699,Ashish Dubey,Bharatiya Janata Party,BJP,Jabalpur,Madhya Pradesh,https://sansad.in/getFile/dms/fetch/5cc22022-9f37-42d3-9241-6551a70d124a?source=dsp2,/Users/alokkumardalei/Desktop/MPLED/MPLEDs/data/mp_profiles/images/ls_5699.jpg,cached,https://sansad.in/ls/members,2026-08-29T07:57:18.033216+00:00
Lok Sabha,5151,Vijay Kumar Dubey,Bharatiya Janata Party,BJP,Kushi Nagar,Uttar Pradesh,https://sansad.in/getFile/dms/fetch/5d554880-fad8-4afc-bbbc-0bfca485579e?source=dsp2,/Users/alokkumardalei/Desktop/MPLED/MPLEDs/data/mp_profiles/images/ls_5151.jpg,cached,https://sansad.in/ls/members,2026-08-29T07:57:18.033216+00:00
Lok Sabha,5606,Ranjit Dutta,Bharatiya Janata Party,BJP,Sonitpur,Assam,https://sansad.in/getFile/dms/fetch/6c6f9d4d-d57a-40e1-a5c1-db7b448f5331?source=dsp2,/Users/alokkumardalei/Desktop/MPLED/MPLEDs/data/mp_profiles/images/ls_5606.jpg,cached,https://sansad.in/ls/members,2026-08-29T07:57:18.033216+00:00
Lok Sabha,5125,Hibi Eden,Indian National Congress,INC,Ernakulam,Kerala,https://sansad.in/getFile/dms/fetch/e9e3b5f6-6323-413e-be99-b26f5378a86e?source=dsp2,/Users/alokkumardalei/Desktop/MPLED/MPLEDs/data/mp_profiles/images/ls_5125.jpg,cached,https://sansad.in/ls/members,2026-08-29T07:57:18.033216+00:00
Lok Sabha,5710,Captain Viriato Fernandes,Indian National Congress,INC,South Goa,Goa,https://sansad.in/getFile/dms/fetch/4a453a52-696d-431b-9c17-c865efebc5f2?source=dsp2,/Users/alokkumardalei/Desktop/MPLED/MPLEDs/data/mp_profiles/images/ls_5710.jpg,cached,https://sansad.in/ls/members,2026-08-29T07:57:18.033216+00:00
Lok Sabha,5071,Anil Firojiya,Bharatiya Janata Party,BJP,Ujjain,Madhya Pradesh,https://sansad.in/getFile/dms/fetch/968834c3-875a-47f0-bbba-0ae4739162dc?source=dsp2,/Users/alokkumardalei/Desktop/MPLED/MPLEDs/data/mp_profiles/images/ls_5071.jpg,cached,https://sansad.in/ls/members,2026-08-29T07:57:18.033216+00:00
Lok Sabha,4963,Selvam G,Dravida Munnetra Kazhagam,DMK,Kancheepuram,Tamil Nadu,https://sansad.in/getFile/dms/fetch/592e3d72-0924-4509-86ab-81de407f9b4b?source=dsp2,/Users/alokkumardalei/Desktop/MPLED/MPLEDs/data/mp_profiles/images/ls_4963.jpg,cached,https://sansad.in/ls/members,2026-08-29T07:57:18.033216+00:00
Lok Sabha,5771,Vamsi Krishna Gaddam,Indian National Congress,INC,Peddapalle,Telangana,https://sansad.in/getFile/dms/fetch/17a7a085-553b-4b92-91e9-6a16f36231bf?source=dsp2,/Users/alokkumardalei/Desktop/MPLED/MPLEDs/data/mp_profiles/images/ls_5771.jpg,cached,https://sansad.in/ls/members,2026-08-29T07:57:18.033216+00:00
Lok Sabha,4923,Nitin Jairam Gadkari,Bharatiya Janata Party,BJP,Nagpur,Maharashtra,https://sansad.in/getFile/dms/fetch/ec130def-6bf1-4481-b3b1-59b1ff236202?source=dsp2,/Users/alokkumardalei/Desktop/MPLED/MPLEDs/data/mp_profiles/images/ls_4923.jpg,cached,https://sansad.in/ls/members,2026-08-29T07:57:18.033216+00:00
Lok Sabha,5754,Varsha Eknath Gaikwad,Indian National Congress,INC,Mumbai North Central,Maharashtra,https://sansad.in/getFile/dms/fetch/019aa6ec-095d-4911-a8dc-6661d431d2f4?source=dsp2,/Users/alokkumardalei/Desktop/MPLED/MPLEDs/data/mp_profiles/images/ls_5754.jpg,cached,https://sansad.in/ls/members,2026-08-29T07:57:18.033216+00:00
Lok Sabha,4676,Dharamvira Gandhi,Indian National Congress,INC,Patiala,Punjab,https://sansad.in/getFile/dms/fetch/ccc98708-7e7f-4084-9c3a-46a3051908d9?source=dsp2,/Users/alokkumardalei/Desktop/MPLED/MPLEDs/data/mp_profiles/images/ls_4676.jpg,cached,https://sansad.in/ls/members,2026-08-29T07:57:18.033216+00:00
Lok Sabha,4074,Rahul Gandhi,Indian National Congress,INC,Rae Bareli,Uttar Pradesh,https://sansad.in/getFile/dms/fetch/5677656c-0daf-403d-9352-e6bfcb3399d5?source=dsp2,/Users/alokkumardalei/Desktop/MPLED/MPLEDs/data/mp_profiles/images/ls_4074.jpg,cached,https://sansad.in/ls/members,2026-08-29T07:57:18.033216+00:00
Lok Sabha,5591,Abhijit Gangopadhyay,Bharatiya Janata Party,BJP,Tamluk,West Bengal,https://sansad.in/getFile/dms/fetch/8a9a7faf-3137-46bf-ad0b-959690139dee?source=dsp2,/Users/alokkumardalei/Desktop/MPLED/MPLEDs/data/mp_profiles/images/ls_5591.jpg,cached,https://sansad.in/ls/members,2026-08-29T07:57:18.033216+00:00
Lok Sabha,5566,Chhatrapal Singh Gangwar,Bharatiya Janata Party,BJP,Bareilly,Uttar Pradesh,https://sansad.in/getFile/dms/fetch/6c4f32e4-4f66-4317-9f79-bf2b57f93001?source=dsp2,/Users/alokkumardalei/Desktop/MPLED/MPLEDs/data/mp_profiles/images/ls_5566.jpg,cached,https://sansad.in/ls/members,2026-08-29T07:57:18.033216+00:00
Lok Sabha,3973,Tapir Gao,Bharatiya Janata Party,BJP,Arunachal East,Arunachal Pradesh,https://sansad.in/getFile/dms/fetch/0b816d8a-ce60-4973-a153-3273e5fa8a6d?source=dsp2,/Users/alokkumardalei/Desktop/MPLED/MPLEDs/data/mp_profiles/images/ls_3973.jpg,cached,https://sansad.in/ls/members,2026-08-29T07:57:18.033216+00:00
Lok Sabha,5549,Atul Garg,Bharatiya Janata Party,BJP,Ghaziabad,Uttar Pradesh,https://sansad.in/getFile/dms/fetch/199d8d92-dc4a-40b5-98f6-7cb990444df0?source=dsp2,/Users/alokkumardalei/Desktop/MPLED/MPLEDs/data/mp_profiles/images/ls_5549.jpg,cached,https://sansad.in/ls/members,2026-08-29T07:57:18.033216+00:00
Lok Sabha,4603,Satish Kumar Gautam,Bharatiya Janata Party,BJP,Aligarh,Uttar Pradesh,https://sansad.in/getFile/dms/fetch/d3c3e728-4688-43d7-8883-cbedccb705f7?source=dsp2,/Users/alokkumardalei/Desktop/MPLED/MPLEDs/data/mp_profiles/images/ls_4603.jpg,cached,https://sansad.in/ls/members,2026-08-29T07:57:18.033216+00:00
Lok Sabha,138,K. Francis George,Kerala Congress,KEC,Kottayam,Kerala,https://sansad.in/getFile/dms/fetch/80cfd295-2aa1-481f-9d81-7d23d34afe70?source=dsp2,/Users/alokkumardalei/Desktop/MPLED/MPLEDs/data/mp_profiles/images/ls_138.jpg,cached,https://sansad.in/ls/members,2026-08-29T07:57:18.033216+00:00
Lok Sabha,5785,Sayani Ghosh,All India Trinamool Congress,AITC,Jadavpur,West Bengal,https://sansad.in/getFile/dms/fetch/422e4735-bcdf-41f8-9d8e-de23817fa924?source=dsp2,/Users/alokkumardalei/Desktop/MPLED/MPLEDs/data/mp_profiles/images/ls_5785.jpg,cached,https://sansad.in/ls/members,2026-08-29T07:57:18.033216+00:00
Lok Sabha,4432,Sher Singh Ghubaya,Indian National Congress,INC,Firozpur,Punjab,https://sansad.in/getFile/dms/fetch/01f7c9be-95cc-4640-8437-0def1e927e49?source=dsp2,/Users/alokkumardalei/Desktop/MPLED/MPLEDs/data/mp_profiles/images/ls_4432.jpg,cached,https://sansad.in/ls/members,2026-08-29T07:57:18.033216+00:00
Lok Sabha,4788,Gaurav Gogoi,Indian National Congress,INC,Jorhat,Assam,https://sansad.in/getFile/dms/fetch/e31fe9d5-01cf-41f6-9457-6bf740ea2be8?source=dsp2,/Users/alokkumardalei/Desktop/MPLED/MPLEDs/data/mp_profiles/images/ls_4788.jpg,cached,https://sansad.in/ls/members,2026-08-29T07:57:18.033216+00:00
Lok Sabha,5552,Suresh Gopi,Bharatiya Janata Party,BJP,Thrissur,Kerala,https://sansad.in/getFile/dms/fetch/5c8001df-89b7-437b-bbf9-5d3133da3f95?source=dsp2,/Users/alokkumardalei/Desktop/MPLED/MPLEDs/data/mp_profiles/images/ls_5552.jpg,cached,https://sansad.in/ls/members,2026-08-29T07:57:18.033216+00:00
Lok Sabha,5718,K Gopinath,Indian National Congress,INC,Krishnagiri,Tamil Nadu,https://sansad.in/getFile/dms/fetch/6690d991-6b76-420c-ae53-fa40cdaccbc5?source=dsp2,/Users/alokkumardalei/Desktop/MPLED/MPLEDs/data/mp_profiles/images/ls_5718.jpg,cached,https://sansad.in/ls/members,2026-08-29T07:57:18.033216+00:00
Lok Sabha,5564,Arun Govil,Bharatiya Janata Party,BJP,Meerut,Uttar Pradesh,https://sansad.in/getFile/dms/fetch/be507431-747c-4ac0-bc6f-bd201f2c5a3b?source=dsp2,/Users/alokkumardalei/Desktop/MPLED/MPLEDs/data/mp_profiles/images/ls_5564.jpg,cached,https://sansad.in/ls/members,2026-08-29T07:57:18.033216+00:00
Lok Sabha,5551,Piyush Vedprakash Goyal,Bharatiya Janata Party,BJP,Mumbai North,Maharashtra,https://sansad.in/getFile/dms/fetch/f2c65f45-deed-443a-9921-5cfa98f00613?source=dsp2,/Users/alokkumardalei/Desktop/MPLED/MPLEDs/data/mp_profiles/images/ls_5551.jpg,cached,https://sansad.in/ls/members,2026-08-29T07:57:18.033216+00:00
Lok Sabha,4615,Sudheer Gupta,Bharatiya Janata Party,BJP,Mandsour,Madhya Pradesh,https://sansad.in/getFile/dms/fetch/a0de5e24-a107-4446-945e-ede530ba98f8?source=dsp2,/Users/alokkumardalei/Desktop/MPLED/MPLEDs/data/mp_profiles/images/ls_4615.jpg,cached,https://sansad.in/ls/members,2026-08-29T07:57:18.033216+00:00
Lok Sabha,4629,Krishan Pal Gurjar,Bharatiya Janata Party,BJP,Faridabad,Haryana,https://sansad.in/getFile/dms/fetch/77f23da5-778e-4564-bf01-f4e00afc41e6?source=dsp2,/Users/alokkumardalei/Desktop/MPLED/MPLEDs/data/mp_profiles/images/ls_4629.jpg,cached,https://sansad.in/ls/members,2026-08-29T07:57:18.033216+00:00
Lok Sabha,5534,Maddila Gurumoorthy,Yuvajana Sramika Rythu Congress Party,YSR Congress Party,Tirupati,Andhra Pradesh,https://sansad.in/getFile/dms/fetch/8a35ad66-fcf9-4ec3-a499-2bba1cf2a492?source=dsp2,/Users/alokkumardalei/Desktop/MPLED/MPLEDs/data/mp_profiles/images/ls_5534.jpg,cached,https://sansad.in/ls/members,2026-08-29T07:57:18.033216+00:00
Lok Sabha,5774,Bapi Haldar,All India Trinamool Congress,AITC,Mathurapur,West Bengal,https://sansad.in/getFile/dms/fetch/c4fa3be4-f117-48f9-b945-118835d632e0?source=dsp2,/Users/alokkumardalei/Desktop/MPLED/MPLEDs/data/mp_profiles/images/ls_5774.jpg,cached,https://sansad.in/ls/members,2026-08-29T07:57:18.033216+00:00
Lok Sabha,5808,Mohmad Haneefa,Independent,Ind.,Ladakh,Ladakh,https://sansad.in/getFile/dms/fetch/f20c2e99-b2a0-426d-b4ee-a6ecf546e2d0?source=dsp2,/Users/alokkumardalei/Desktop/MPLED/MPLEDs/data/mp_profiles/images/ls_5808.jpg,cached,https://sansad.in/ls/members,2026-08-29T07:57:18.033216+00:00
Lok Sabha,4866,Vijay Kumar Hansdak,Jharkhand Mukti Morcha,JMM,Rajmahal,Jharkhand,https://sansad.in/getFile/dms/fetch/67707572-5912-4f93-b825-d48c58239afb?source=dsp2,/Users/alokkumardalei/Desktop/MPLED/MPLEDs/data/mp_profiles/images/ls_4866.jpg,cached,https://sansad.in/ls/members,2026-08-29T07:57:18.033216+00:00
Lok Sabha,5829,Gurmeet Singh Meet Hayer,Aam Aadmi Party,AAP,Sangrur,Punjab,https://sansad.in/getFile/dms/fetch/5b8cc637-f7e0-42e9-9b64-722e286ef356?source=dsp2,/Users/alokkumardalei/Desktop/MPLED/MPLEDs/data/mp_profiles/images/ls_5829.jpg,cached,https://sansad.in/ls/members,2026-08-29T07:57:18.033216+00:00
Lok Sabha,5719,K Rajashekar Basavaraj Hitnal,Indian National Congress,INC,Koppal,Karnataka,https://sansad.in/getFile/dms/fetch/7aefa901-c882-436b-b218-32b1d9111cac?source=dsp2,/Users/alokkumardalei/Desktop/MPLED/MPLEDs/data/mp_profiles/images/ls_5719.jpg,cached,https://sansad.in/ls/members,2026-08-29T07:57:18.033216+00:00
Lok Sabha,4207,Deepender Singh Hooda,Indian National Congress,INC,Rohtak,Haryana,https://sansad.in/getFile/dms/fetch/7164d26f-3035-4a44-91d4-6416a9973a53?source=dsp2,/Users/alokkumardalei/Desktop/MPLED/MPLEDs/data/mp_profiles/images/ls_4207.jpg,cached,https://sansad.in/ls/members,2026-08-29T07:57:18.033216+00:00
Lok Sabha,5724,Rakibul Hussain,Indian National Congress,INC,Dhubri,Assam,https://sansad.in/getFile/dms/fetch/e765b581-edd5-4cdb-94b6-eac53e376040?source=dsp2,/Users/alokkumardalei/Desktop/MPLED/MPLEDs/data/mp_profiles/images/ls_5724.jpg,cached,https://sansad.in/ls/members,2026-08-29T07:57:18.033216+00:00
Lok Sabha,5730,Kuldeep Indora,Indian National Congress,INC,Ganganagar,Rajasthan,https://sansad.in/getFile/dms/fetch/b6f16892-ffa9-486e-a5d3-69c491c1406c?source=dsp2,/Users/alokkumardalei/Desktop/MPLED/MPLEDs/data/mp_profiles/images/ls_5730.jpg,cached,https://sansad.in/ls/members,2026-08-29T07:57:18.033216+00:00
Lok Sabha,5571,Rajpalsinh Mahendrasinh Jadav,Bharatiya Janata Party,BJP,Panchmahal,Gujarat,https://sansad.in/getFile/dms/fetch/befeee65-d972-4555-b11c-2855cdd26094?source=dsp2,/Users/alokkumardalei/Desktop/MPLED/MPLEDs/data/mp_profiles/images/ls_5571.jpg,cached,https://sansad.in/ls/members,2026-08-29T07:57:18.033216+00:00
Lok Sabha,4373,Prataprao Ganpatrao Jadhav,Shiv Sena,SS,Buldhana,Maharashtra,https://sansad.in/getFile/dms/fetch/e214c2ed-5671-4dd9-bfcb-9fcf2b5278ee?source=dsp2,/Users/alokkumardalei/Desktop/MPLED/MPLEDs/data/mp_profiles/images/ls_4373.jpg,cached,https://sansad.in/ls/members,2026-08-29T07:57:18.033216+00:00
Lok Sabha,4735,Sanjay Haribhau Jadhav,Shiv Sena,SS,Parbhani,Maharashtra,https://sansad.in/getFile/dms/fetch/628149e9-f311-4142-97cf-ab16419d9a86?source=dsp2,/Users/alokkumardalei/Desktop/MPLED/MPLEDs/data/mp_profiles/images/ls_4735.jpg,cached,https://sansad.in/ls/members,2026-08-29T07:57:18.033216+00:00
Lok Sabha,157,Dr. S Jagathratchakan,Dravida Munnetra Kazhagam,DMK,Arakkonam,Tamil Nadu,https://sansad.in/getFile/dms/fetch/cf433e65-4070-45bd-806d-3df143e9cc29?source=dsp2,/Users/alokkumardalei/Desktop/MPLED/MPLEDs/data/mp_profiles/images/ls_157.jpg,cached,https://sansad.in/ls/members,2026-08-29T07:57:18.033216+00:00
Lok Sabha,4455,Sanjay Jaiswal,Bharatiya Janata Party,BJP,Paschim Champaran,Bihar,https://sansad.in/getFile/dms/fetch/63c1a0ac-a170-4b00-8def-01104dd57611?source=dsp2,/Users/alokkumardalei/Desktop/MPLED/MPLEDs/data/mp_profiles/images/ls_4455.jpg,cached,https://sansad.in/ls/members,2026-08-29T07:57:18.033216+00:00
Lok Sabha,5673,Manish Jaiswal,Bharatiya Janata Party,BJP,Hazaribagh,Jharkhand,https://sansad.in/getFile/dms/fetch/42a12849-c2d9-4fa7-96c6-9c003acf35cb?source=dsp2,/Users/alokkumardalei/Desktop/MPLED/MPLEDs/data/mp_profiles/images/ls_5673.jpg,cached,https://sansad.in/ls/members,2026-08-29T07:57:18.033216+00:00
Lok Sabha,5567,S Supongmeren Jamir,Indian National Congress,INC,Nagaland,Nagaland,https://sansad.in/getFile/dms/fetch/db493bfd-f66e-4aa8-b312-d88e9f32f329?source=dsp2,/Users/alokkumardalei/Desktop/MPLED/MPLEDs/data/mp_profiles/images/ls_5567.jpg,cached,https://sansad.in/ls/members,2026-08-29T07:57:18.033216+00:00
Lok Sabha,5709,Kamlesh Jangde,Bharatiya Janata Party,BJP,Janjgir-Champa,Chhattisgarh,https://sansad.in/getFile/dms/fetch/57591ace-1bc4-489c-b4ab-5bb1ffb06d30?source=dsp2,/Users/alokkumardalei/Desktop/MPLED/MPLEDs/data/mp_profiles/images/ls_5709.jpg,cached,https://sansad.in/ls/members,2026-08-29T07:57:18.033216+00:00
Lok Sabha,5831,Priyanka Satish Jarkiholi,Indian National Congress,INC,Chikkodi,Karnataka,https://sansad.in/getFile/dms/fetch/2f6f41db-42d5-4965-b88f-8d20609aa4e2?source=dsp2,/Users/alokkumardalei/Desktop/MPLED/MPLEDs/data/mp_profiles/images/ls_5831.jpg,cached,https://sansad.in/ls/members,2026-08-29T07:57:18.033216+00:00
Lok Sabha,5734,Bhajan Lal Jatav,Indian National Congress,INC,Karauli-Dholpur,Rajasthan,https://sansad.in/getFile/dms/fetch/710d0505-a080-4bf0-a4cc-861481b9229a?source=dsp2,/Users/alokkumardalei/Desktop/MPLED/MPLEDs/data/mp_profiles/images/ls_5734.jpg,cached,https://sansad.in/ls/members,2026-08-29T07:57:18.033216+00:00
Lok Sabha,5690,Sanjna Jatav,Indian National Congress,INC,Bharatpur,Rajasthan,https://sansad.in/getFile/dms/fetch/31c15a41-5606-4fec-a191-9cfcff320a29?source=dsp2,/Users/alokkumardalei/Desktop/MPLED/MPLEDs/data/mp_profiles/images/ls_5690.jpg,cached,https://sansad.in/ls/members,2026-08-29T07:57:18.033216+00:00
Lok Sabha,5216,Mohammad Jawed,Indian National Congress,INC,Kishanganj,Bihar,https://sansad.in/getFile/dms/fetch/c3914515-696b-48fe-b492-e4f94ff73395?source=dsp2,/Users/alokkumardalei/Desktop/MPLED/MPLEDs/data/mp_profiles/images/ls_5216.jpg,cached,https://sansad.in/ls/members,2026-08-29T07:57:18.033216+00:00
Lok Sabha,25,Azad Kirti Jha,All India Trinamool Congress,AITC,Bardhaman-Durgapur,West Bengal,https://sansad.in/getFile/dms/fetch/eacadb92-3899-4946-b26b-8774bbe25802?source=dsp2,/Users/alokkumardalei/Desktop/MPLED/MPLEDs/data/mp_profiles/images/ls_25.jpg,cached,https://sansad.in/ls/members,2026-08-29T07:57:18.033216+00:00
Lok Sabha,170,Ramesh Chandappa Jigajinagi,Bharatiya Janata Party,BJP,Bijapur,Karnataka,https://sansad.in/getFile/dms/fetch/59932c98-f945-4e0a-8832-64b1887d1694?source=dsp2,/Users/alokkumardalei/Desktop/MPLED/MPLEDs/data/mp_profiles/images/ls_170.jpg,cached,https://sansad.in/ls/members,2026-08-29T07:57:18.033216+00:00
Lok Sabha,4041,Naveen Jindal,Bharatiya Janata Party,BJP,Kurukshetra,Haryana,https://sansad.in/getFile/dms/fetch/c94a428c-5eb4-4a02-9195-e641c3783154?source=dsp2,/Users/alokkumardalei/Desktop/MPLED/MPLEDs/data/mp_profiles/images/ls_4041.jpg,cached,https://sansad.in/ls/members,2026-08-29T07:57:18.033216+00:00
Lok Sabha,5570,Hemang Joshi,Bharatiya Janata Party,BJP,Vadodara,Gujarat,https://sansad.in/getFile/dms/fetch/ebaacda3-24db-4ff2-96bc-a2462f2e3c66?source=dsp2,/Users/alokkumardalei/Desktop/MPLED/MPLEDs/data/mp_profiles/images/ls_5570.jpg,cached,https://sansad.in/ls/members,2026-08-29T07:57:18.033216+00:00
Lok Sabha,4671,Chandra Prakash Joshi,Bharatiya Janata Party,BJP,Chittorgarh,Rajasthan,https://sansad.in/getFile/dms/fetch/42d8116c-8316-48e7-8169-062325d34f8e?source=dsp2,/Users/alokkumardalei/Desktop/MPLED/MPLEDs/data/mp_profiles/images/ls_4671.jpg,cached,https://sansad.in/ls/members,2026-08-29T07:57:18.033216+00:00
Lok Sabha,3982,Pralhad Joshi,Bharatiya Janata Party,BJP,Dharwad,Karnataka,https://sansad.in/getFile/dms/fetch/0cd4d7fe-e308-464e-8dab-d866716318fd?source=dsp2,/Users/alokkumardalei/Desktop/MPLED/MPLEDs/data/mp_profiles/images/ls_3982.jpg,cached,https://sansad.in/ls/members,2026-08-29T07:57:18.033216+00:00
Lok Sabha,4981,S Jothimani,Indian National Congress,INC,Karur,Tamil Nadu,https://sansad.in/getFile/dms/fetch/1a555199-7b15-43ee-aaba-c07a9bd3c90d?source=dsp2,/Users/alokkumardalei/Desktop/MPLED/MPLEDs/data/mp_profiles/images/ls_4981.jpg,cached,https://sansad.in/ls/members,2026-08-29T07:57:18.033216+00:00
Lok Sabha,5806,Eswarasamy K,Dravida Munnetra Kazhagam,DMK,Pollachi,Tamil Nadu,https://sansad.in/getFile/dms/fetch/f4ab7e90-b162-4c40-9172-27aeb6b9007c?source=dsp2,/Users/alokkumardalei/Desktop/MPLED/MPLEDs/data/mp_profiles/images/ls_5806.jpg,cached,https://sansad.in/ls/members,2026-08-29T07:57:18.033216+00:00
Lok Sabha,4962,Navaskani K,Indian Union Muslim League,IUML,Ramanathapuram,Tamil Nadu,https://sansad.in/getFile/dms/fetch/6734dc4e-6f3b-45bd-9c52-ac7d9b222f36?source=dsp2,/Users/alokkumardalei/Desktop/MPLED/MPLEDs/data/mp_profiles/images/ls_4962.jpg,cached,https://sansad.in/ls/members,2026-08-29T07:57:18.033216+00:00
Lok Sabha,4086,Subbarayan K,Communist Party of India,CPI,Tiruppur,Tamil Nadu,https://sansad.in/getFile/dms/fetch/74880e6d-d87e-4e89-a5a2-28423dd39a65?source=dsp2,/Users/alokkumardalei/Desktop/MPLED/MPLEDs/data/mp_profiles/images/ls_4086.jpg,cached,https://sansad.in/ls/members,2026-08-29T07:57:18.033216+00:00
Lok Sabha,5554,Vishweshwar Hegde Kageri,Bharatiya Janata Party,BJP,Uttara Kannada,Karnataka,https://sansad.in/getFile/dms/fetch/153b0ad4-437c-424c-9f68-1cce3b83d3a0?source=dsp2,/Users/alokkumardalei/Desktop/MPLED/MPLEDs/data/mp_profiles/images/ls_5554.jpg,cached,https://sansad.in/ls/members,2026-08-29T07:57:18.033216+00:00
Lok Sabha,5767,Kalyan Vaijinathrao Kale,Indian National Congress,INC,Jalna,Maharashtra,https://sansad.in/getFile/dms/fetch/8c545260-4974-4a76-b7da-daa277011f82?source=dsp2,/Users/alokkumardalei/Desktop/MPLED/MPLEDs/data/mp_profiles/images/ls_5767.jpg,cached,https://sansad.in/ls/members,2026-08-29T07:57:18.033216+00:00
Lok Sabha,5820,Amar Sharadrao Kale,Nationalist Congress Party - Sharadchandra Pawar,NCPSP,Wardha,Maharashtra,https://sansad.in/getFile/dms/fetch/c476e490-2b93-486e-b346-37c20a9f1550?source=dsp2,/Users/alokkumardalei/Desktop/MPLED/MPLEDs/data/mp_profiles/images/ls_5820.jpg,cached,https://sansad.in/ls/members,2026-08-29T07:57:18.033216+00:00
Lok Sabha,5746,Shivaji Bandappa Kalge,Indian National Congress,INC,Latur,Maharashtra,https://sansad.in/getFile/dms/fetch/78d84df4-e34a-4817-a911-6079c20232b5?source=dsp2,/Users/alokkumardalei/Desktop/MPLED/MPLEDs/data/mp_profiles/images/ls_5746.jpg,cached,https://sansad.in/ls/members,2026-08-29T07:57:18.033216+00:00
Lok Sabha,5697,Appalanaidu Kalisetti,Telugu Desam Party,TDP,Vizianagaram,Andhra Pradesh,https://sansad.in/getFile/dms/fetch/0d50ee3e-4b21-4d51-bba5-1764555b91a2?source=dsp2,/Users/alokkumardalei/Desktop/MPLED/MPLEDs/data/mp_profiles/images/ls_5697.jpg,cached,https://sansad.in/ls/members,2026-08-29T07:57:18.033216+00:00
Lok Sabha,5222,Dileshwar Kamait,Janata Dal (United),JD(U),Supaul,Bihar,https://sansad.in/getFile/dms/fetch/6e30d021-f804-4998-afe2-c07c2e4bf5f7?source=dsp2,/Users/alokkumardalei/Desktop/MPLED/MPLEDs/data/mp_profiles/images/ls_5222.jpg,cached,https://sansad.in/ls/members,2026-08-29T07:57:18.033216+00:00
Lok Sabha,5721,Malvinder Singh Kang,Aam Aadmi Party,AAP,Anandpur Sahib,Punjab,https://sansad.in/getFile/dms/fetch/78c27aea-c403-405d-8dfb-477bd87b1c84?source=dsp2,/Users/alokkumardalei/Desktop/MPLED/MPLEDs/data/mp_profiles/images/ls_5721.jpg,cached,https://sansad.in/ls/members,2026-08-29T07:57:18.033216+00:00
Lok Sabha,4616,Shobha Karandlaje,Bharatiya Janata Party,BJP,Bangalore North,Karnataka,https://sansad.in/getFile/dms/fetch/8cf05d38-67f5-4abd-ab11-7cba3582baf4?source=dsp2,/Users/alokkumardalei/Desktop/MPLED/MPLEDs/data/mp_profiles/images/ls_4616.jpg,cached,https://sansad.in/ls/members,2026-08-29T07:57:18.033216+00:00
Lok Sabha,5559,Govind Makthappa Karjol,Bharatiya Janata Party,BJP,Chitradurga,Karnataka,https://sansad.in/getFile/dms/fetch/53ff39bc-dd9d-471d-ae44-73c82b9fb048?source=dsp2,/Users/alokkumardalei/Desktop/MPLED/MPLEDs/data/mp_profiles/images/ls_5559.jpg,cached,https://sansad.in/ls/members,2026-08-29T07:57:18.033216+00:00
Lok Sabha,5626,Mahesh Kashyap,Bharatiya Janata Party,BJP,Bastar,Chhattisgarh,https://sansad.in/getFile/dms/fetch/c4246e7b-65d6-4ba0-9b51-c9c1d0477427?source=dsp2,/Users/alokkumardalei/Desktop/MPLED/MPLEDs/data/mp_profiles/images/ls_5626.jpg,cached,https://sansad.in/ls/members,2026-08-29T07:57:18.033216+00:00
Lok Sabha,5113,Suresh Kumar Kashyap,Bharatiya Janata Party,BJP,Shimla,Himachal Pradesh,https://sansad.in/getFile/dms/fetch/92f6f548-94da-4ab3-a85d-21b0088450e2?source=dsp2,/Users/alokkumardalei/Desktop/MPLED/MPLEDs/data/mp_profiles/images/ls_5113.jpg,cached,https://sansad.in/ls/members,2026-08-29T07:57:18.033216+00:00
Lok Sabha,4654,Rahul Kaswan,Indian National Congress,INC,Churu,Rajasthan,https://sansad.in/getFile/dms/fetch/3218d6f1-a4a3-42f4-bbe6-3cb427d4c2c4?source=dsp2,/Users/alokkumardalei/Desktop/MPLED/MPLEDs/data/mp_profiles/images/ls_4654.jpg,cached,https://sansad.in/ls/members,2026-08-29T07:57:18.033216+00:00
Lok Sabha,5783,Kadiyam Kavya,Indian National Congress,INC,Warangal,Telangana,https://sansad.in/getFile/dms/fetch/add129a5-dede-455b-af49-94ad4b95613f?source=dsp2,/Users/alokkumardalei/Desktop/MPLED/MPLEDs/data/mp_profiles/images/ls_5783.jpg,cached,https://sansad.in/ls/members,2026-08-29T07:57:18.033216+00:00
Lok Sabha,4722,Raksha Nikhil Khadse,Bharatiya Janata Party,BJP,Raver,Maharashtra,https://sansad.in/getFile/dms/fetch/9e15dff4-821d-4034-9321-e5be40574361?source=dsp2,/Users/alokkumardalei/Desktop/MPLED/MPLEDs/data/mp_profiles/images/ls_4722.jpg,cached,https://sansad.in/ls/members,2026-08-29T07:57:18.033216+00:00
Lok Sabha,5738,Sarabjeet Singh Khalsa,Independent,Ind.,Faridkot,Punjab,https://sansad.in/getFile/dms/fetch/82d3fd67-f07c-486b-8b66-dba51ea60e67?source=dsp2,/Users/alokkumardalei/Desktop/MPLED/MPLEDs/data/mp_profiles/images/ls_5738.jpg,cached,https://sansad.in/ls/members,2026-08-29T07:57:18.033216+00:00
Lok Sabha,5052,Abu Taher Khan,All India Trinamool Congress,AITC,Murshidabad,West Bengal,https://sansad.in/getFile/dms/fetch/a3a65a1d-8461-46f8-b0c9-73894c9b5505?source=dsp2,/Users/alokkumardalei/Desktop/MPLED/MPLEDs/data/mp_profiles/images/ls_5052.jpg,cached,https://sansad.in/ls/members,2026-08-29T07:57:18.033216+00:00
Lok Sabha,4875,Saumitra Khan,Bharatiya Janata Party,BJP,Bishnupur,West Bengal,https://sansad.in/getFile/dms/fetch/02fdc66e-7061-4fe1-8a71-8c3d98714a7d?source=dsp2,/Users/alokkumardalei/Desktop/MPLED/MPLEDs/data/mp_profiles/images/ls_4875.jpg,cached,https://sansad.in/ls/members,2026-08-29T07:57:18.033216+00:00
Lok Sabha,5661,Praveen Khandelwal,Bharatiya Janata Party,BJP,Chandni Chowk,NCT of Delhi,https://sansad.in/getFile/dms/fetch/82c45461-e892-4ded-93bc-15c5818909d8?source=dsp2,/Users/alokkumardalei/Desktop/MPLED/MPLEDs/data/mp_profiles/images/ls_5661.jpg,cached,https://sansad.in/ls/members,2026-08-29T07:57:18.033216+00:00
Lok Sabha,5791,Sagar Eshwar Khandre,Indian National Congress,INC,Bidar,Karnataka,https://sansad.in/getFile/dms/fetch/88ce1259-10ab-4e11-8489-ddf038b2cf6b?source=dsp2,/Users/alokkumardalei/Desktop/MPLED/MPLEDs/data/mp_profiles/images/ls_5791.jpg,cached,https://sansad.in/ls/members,2026-08-29T07:57:18.033216+00:00
Lok Sabha,5825,Kalipada Saren Kherwal,All India Trinamool Congress,AITC,Jhargram,West Bengal,https://sansad.in/getFile/dms/fetch/f3b011ae-3168-460c-809d-0a122969c442?source=dsp2,/Users/alokkumardalei/Desktop/MPLED/MPLEDs/data/mp_profiles/images/ls_5825.jpg,cached,https://sansad.in/ls/members,2026-08-29T07:57:18.033216+00:00
Lok Sabha,5144,Ravindra Shukla Alias Ravi Kishan,Bharatiya Janata Party,BJP,Gorakhpur,Uttar Pradesh,https://sansad.in/getFile/dms/fetch/cd3d3897-ebe1-46f7-b86c-33521d398c2a?source=dsp2,/Users/alokkumardalei/Desktop/MPLED/MPLEDs/data/mp_profiles/images/ls_5144.jpg,cached,https://sansad.in/ls/members,2026-08-29T07:57:18.033216+00:00
Lok Sabha,4720,Jugal Kishore,Bharatiya Janata Party,BJP,Jammu,Jammu and Kashmir,https://sansad.in/getFile/dms/fetch/cddcec48-0c3a-44ce-85cf-b4c59b620bdd?source=dsp2,/Users/alokkumardalei/Desktop/MPLED/MPLEDs/data/mp_profiles/images/ls_4720.jpg,cached,https://sansad.in/ls/members,2026-08-29T07:57:18.033216+00:00
Lok Sabha,5185,Amol Ramsing Kolhe,Nationalist Congress Party - Sharadchandra Pawar,NCPSP,Shirur,Maharashtra,https://sansad.in/getFile/dms/fetch/4fbed70b-5729-4dc1-b19f-5f842f5e5758?source=dsp2,/Users/alokkumardalei/Desktop/MPLED/MPLEDs/data/mp_profiles/images/ls_5185.jpg,cached,https://sansad.in/ls/members,2026-08-29T07:57:18.033216+00:00
Lok Sabha,207,Faggan Singh Kulaste,Bharatiya Janata Party,BJP,Mandla,Madhya Pradesh,https://sansad.in/getFile/dms/fetch/9453ad90-7390-4c30-85d4-5feaae820193?source=dsp2,/Users/alokkumardalei/Desktop/MPLED/MPLEDs/data/mp_profiles/images/ls_207.jpg,cached,https://sansad.in/ls/members,2026-08-29T07:57:18.033216+00:00
Lok Sabha,5612,Anand Kumar,Bharatiya Janata Party,BJP,Bahraich,Uttar Pradesh,https://sansad.in/getFile/dms/fetch/4294c1b4-0c21-4fe8-90b4-ef0f9e68e1ab?source=dsp2,/Users/alokkumardalei/Desktop/MPLED/MPLEDs/data/mp_profiles/images/ls_5612.jpg,cached,https://sansad.in/ls/members,2026-08-29T07:57:18.033216+00:00
Lok Sabha,4972,D Ravi Kumar,Viduthalai Chiruthaigal Katchi,VCK,Viluppuram,Tamil Nadu,https://sansad.in/getFile/dms/fetch/417123fe-65d6-4dbb-b52a-d9abf08c5b4b?source=dsp2,/Users/alokkumardalei/Desktop/MPLED/MPLEDs/data/mp_profiles/images/ls_4972.jpg,cached,https://sansad.in/ls/members,2026-08-29T07:57:18.033216+00:00
Lok Sabha,515,Virendra Kumar,Bharatiya Janata Party,BJP,Tikamgarh,Madhya Pradesh,https://sansad.in/getFile/dms/fetch/1080f971-0337-41c1-b480-2007faabefa9?source=dsp2,/Users/alokkumardalei/Desktop/MPLED/MPLEDs/data/mp_profiles/images/ls_515.jpg,cached,https://sansad.in/ls/members,2026-08-29T07:57:18.033216+00:00
Lok Sabha,5076,Bandi Sanjay Kumar,Bharatiya Janata Party,BJP,Karimnagar,Telangana,https://sansad.in/getFile/dms/fetch/1779b28e-f778-49dd-a507-2ca7f39115ef?source=dsp2,/Users/alokkumardalei/Desktop/MPLED/MPLEDs/data/mp_profiles/images/ls_5076.jpg,cached,https://sansad.in/ls/members,2026-08-29T07:57:18.033216+00:00
Lok Sabha,4467,Kaushalendra Kumar,Janata Dal (United),JD(U),Nalanda,Bihar,https://sansad.in/getFile/dms/fetch/108b2122-f851-409c-a3db-4c035dfe35ce?source=dsp2,/Users/alokkumardalei/Desktop/MPLED/MPLEDs/data/mp_profiles/images/ls_4467.jpg,cached,https://sansad.in/ls/members,2026-08-29T07:57:18.033216+00:00
Lok Sabha,5578,Manoj Kumar,Indian National Congress,INC,Sasaram,Bihar,https://sansad.in/getFile/dms/fetch/1c2efa0e-b5eb-400a-9495-0373afe1447c?source=dsp2,/Users/alokkumardalei/Desktop/MPLED/MPLEDs/data/mp_profiles/images/ls_5578.jpg,cached,https://sansad.in/ls/members,2026-08-29T07:57:18.033216+00:00
Lok Sabha,5726,Putta Mahesh Kumar,Telugu Desam Party,TDP,Eluru,Andhra Pradesh,https://sansad.in/getFile/dms/fetch/9ac45a5c-c288-4cae-97f2-5ed96b9bce20?source=dsp2,/Users/alokkumardalei/Desktop/MPLED/MPLEDs/data/mp_profiles/images/ls_5726.jpg,cached,https://sansad.in/ls/members,2026-08-29T07:57:18.033216+00:00
Lok Sabha,5530,Sunil Kumar,Janata Dal (United),JD(U),Valmiki Nagar,Bihar,https://sansad.in/getFile/dms/fetch/b1044fa5-9ee3-448e-8d4e-93e83e84c597?source=dsp2,/Users/alokkumardalei/Desktop/MPLED/MPLEDs/data/mp_profiles/images/ls_5530.jpg,cached,https://sansad.in/ls/members,2026-08-29T07:57:18.033216+00:00
Lok Sabha,3711,H D Kumaraswamy,Janata Dal (Secular),JD(S),Mandya,Karnataka,https://sansad.in/getFile/dms/fetch/e790c5a9-01f4-4a83-9dfd-04490743c201?source=dsp2,/Users/alokkumardalei/Desktop/MPLED/MPLEDs/data/mp_profiles/images/ls_3711.jpg,cached,https://sansad.in/ls/members,2026-08-29T07:57:18.033216+00:00
Lok Sabha,3589,Kumari Selja,Indian National Congress,INC,Sirsa,Haryana,https://sansad.in/getFile/dms/fetch/1018863e-f220-497a-aa56-a44c7cb18311?source=dsp2,/Users/alokkumardalei/Desktop/MPLED/MPLEDs/data/mp_profiles/images/ls_3589.jpg,cached,https://sansad.in/ls/members,2026-08-29T07:57:18.033216+00:00
Lok Sabha,5126,Dean Kuriakose,Indian National Congress,INC,Idukki,Kerala,https://sansad.in/getFile/dms/fetch/abf561d8-1a8f-4e46-842f-1db79d004fad?source=dsp2,/Users/alokkumardalei/Desktop/MPLED/MPLEDs/data/mp_profiles/images/ls_5126.jpg,cached,https://sansad.in/ls/members,2026-08-29T07:57:18.033216+00:00
Lok Sabha,5609,Bharat Singh Kushwah,Bharatiya Janata Party,BJP,Gwalior,Madhya Pradesh,https://sansad.in/getFile/dms/fetch/cfebc6a0-1ffd-4501-8a5a-5c4632523ff6?source=dsp2,/Users/alokkumardalei/Desktop/MPLED/MPLEDs/data/mp_profiles/images/ls_5609.jpg,cached,https://sansad.in/ls/members,2026-08-29T07:57:18.033216+00:00
Lok Sabha,5635,Babu Singh Kushwaha,Samajwadi Party,SP,Jaunpur,Uttar Pradesh,https://sansad.in/getFile/dms/fetch/3d312dd5-c6b6-422a-9d81-0ac7f5a394f0?source=dsp2,/Users/alokkumardalei/Desktop/MPLED/MPLEDs/data/mp_profiles/images/ls_5635.jpg,cached,https://sansad.in/ls/members,2026-08-29T07:57:18.033216+00:00
Lok Sabha,4741,Chavda Vinod Lakhamshi,Bharatiya Janata Party,BJP,Kachchh,Gujarat,https://sansad.in/getFile/dms/fetch/671d48e7-91b6-4b3c-affc-b011d5cffd7c?source=dsp2,/Users/alokkumardalei/Desktop/MPLED/MPLEDs/data/mp_profiles/images/ls_4741.jpg,cached,https://sansad.in/ls/members,2026-08-29T07:57:18.033216+00:00
Lok Sabha,5584,G Lakshminarayana,Telugu Desam Party,TDP,Anantapur,Andhra Pradesh,https://sansad.in/getFile/dms/fetch/741fa6b8-157b-4ef2-a639-3a816b19737f?source=dsp2,/Users/alokkumardalei/Desktop/MPLED/MPLEDs/data/mp_profiles/images/ls_5584.jpg,cached,https://sansad.in/ls/members,2026-08-29T07:57:18.033216+00:00
Lok Sabha,5546,Kishori Lal,Indian National Congress,INC,Amethi,Uttar Pradesh,https://sansad.in/getFile/dms/fetch/9d43634e-1747-4fb2-9ba2-def73c63aead?source=dsp2,/Users/alokkumardalei/Desktop/MPLED/MPLEDs/data/mp_profiles/images/ls_5546.jpg,cached,https://sansad.in/ls/members,2026-08-29T07:57:18.033216+00:00
Lok Sabha,5792,Manohar Lal,Bharatiya Janata Party,BJP,Karnal,Haryana,https://sansad.in/getFile/dms/fetch/f412a2a9-d6bf-4b8c-b026-2810cb795188?source=dsp2,/Users/alokkumardalei/Desktop/MPLED/MPLEDs/data/mp_profiles/images/ls_5792.jpg,cached,https://sansad.in/ls/members,2026-08-29T07:57:18.033216+00:00
Lok Sabha,5065,Shankar Lalwani,Bharatiya Janata Party,BJP,Indore,Madhya Pradesh,https://sansad.in/getFile/dms/fetch/2c084977-9cd0-48cf-9682-2a615b00faf9?source=dsp2,/Users/alokkumardalei/Desktop/MPLED/MPLEDs/data/mp_profiles/images/ls_5065.jpg,cached,https://sansad.in/ls/members,2026-08-29T07:57:18.033216+00:00
Lok Sabha,5821,Nilesh Dnyandev Lanke,Nationalist Congress Party - Sharadchandra Pawar,NCPSP,Ahmednagar,Maharashtra,https://sansad.in/getFile/dms/fetch/a5178634-69ff-4131-bdb9-9b5c22559e06?source=dsp2,/Users/alokkumardalei/Desktop/MPLED/MPLEDs/data/mp_profiles/images/ls_5821.jpg,cached,https://sansad.in/ls/members,2026-08-29T07:57:18.033216+00:00
Lok Sabha,5784,Ajendra Singh Lodhi,Samajwadi Party,SP,Hamirpur,Uttar Pradesh,https://sansad.in/getFile/dms/fetch/860a8818-da26-484d-9cd5-c4381a0ea12e?source=dsp2,/Users/alokkumardalei/Desktop/MPLED/MPLEDs/data/mp_profiles/images/ls_5784.jpg,cached,https://sansad.in/ls/members,2026-08-29T07:57:18.033216+00:00
Lok Sabha,5689,Rahul Singh Lodhi,Bharatiya Janata Party,BJP,Damoh,Madhya Pradesh,https://sansad.in/getFile/dms/fetch/e0864abf-84b3-4f0a-b361-27831f995b1c?source=dsp2,/Users/alokkumardalei/Desktop/MPLED/MPLEDs/data/mp_profiles/images/ls_5689.jpg,cached,https://sansad.in/ls/members,2026-08-29T07:57:18.033216+00:00
Lok Sabha,5819,Tharaniventhan M S,Dravida Munnetra Kazhagam,DMK,Arani,Tamil Nadu,https://sansad.in/getFile/dms/fetch/ea106987-03b7-4435-ab79-ceb6052fd216?source=dsp2,/Users/alokkumardalei/Desktop/MPLED/MPLEDs/data/mp_profiles/images/ls_5819.jpg,cached,https://sansad.in/ls/members,2026-08-29T07:57:18.033216+00:00
Lok Sabha,4751,Poonamben Hematbhai Maadam,Bharatiya Janata Party,BJP,Jamnagar,Gujarat,https://sansad.in/getFile/dms/fetch/52a1934c-2e73-4cd6-aaed-f862f0fca8f2?source=dsp2,/Users/alokkumardalei/Desktop/MPLED/MPLEDs/data/mp_profiles/images/ls_4751.jpg,cached,https://sansad.in/ls/members,2026-08-29T07:57:18.033216+00:00
Lok Sabha,5809,Utkarsh Verma Madhur,Samajwadi Party,SP,Kheri,Uttar Pradesh,https://sansad.in/getFile/dms/fetch/c9e7033c-6f5d-4887-89f3-6ab3f991194e?source=dsp2,/Users/alokkumardalei/Desktop/MPLED/MPLEDs/data/mp_profiles/images/ls_5809.jpg,cached,https://sansad.in/ls/members,2026-08-29T07:57:18.033216+00:00
Lok Sabha,5011,Jyotsna Charandas Mahant,Indian National Congress,INC,Korba,Chhattisgarh,https://sansad.in/getFile/dms/fetch/60635a9a-8f98-4202-902d-fb16069481f5?source=dsp2,/Users/alokkumardalei/Desktop/MPLED/MPLEDs/data/mp_profiles/images/ls_5011.jpg,cached,https://sansad.in/ls/members,2026-08-29T07:57:18.033216+00:00
Lok Sabha,5702,Chintamani Maharaj,Bharatiya Janata Party,BJP,Surguja,Chhattisgarh,https://sansad.in/getFile/dms/fetch/36d843f1-4ea2-4fcf-8eed-b37bbd38b02f?source=dsp2,/Users/alokkumardalei/Desktop/MPLED/MPLEDs/data/mp_profiles/images/ls_5702.jpg,cached,https://sansad.in/ls/members,2026-08-29T07:57:18.033216+00:00
Lok Sabha,4705,Bidyut Baran Mahato,Bharatiya Janata Party,BJP,Jamshedpur,Jharkhand,https://sansad.in/getFile/dms/fetch/d5141e12-ca12-488c-a11d-6c13e72fd2a5?source=dsp2,/Users/alokkumardalei/Desktop/MPLED/MPLEDs/data/mp_profiles/images/ls_4705.jpg,cached,https://sansad.in/ls/members,2026-08-29T07:57:18.033216+00:00
Lok Sabha,5664,Dulu Mahato,Bharatiya Janata Party,BJP,Dhanbad,Jharkhand,https://sansad.in/getFile/dms/fetch/cb6aec66-6447-494e-8afc-33268168d9cb?source=dsp2,/Users/alokkumardalei/Desktop/MPLED/MPLEDs/data/mp_profiles/images/ls_5664.jpg,cached,https://sansad.in/ls/members,2026-08-29T07:57:18.033216+00:00
Lok Sabha,5053,Jyotirmay Singh Mahato,Bharatiya Janata Party,BJP,Purulia,West Bengal,https://sansad.in/getFile/dms/fetch/10dc3b2c-492e-4e28-85f0-dd7ccd5caf3c?source=dsp2,/Users/alokkumardalei/Desktop/MPLED/MPLEDs/data/mp_profiles/images/ls_5053.jpg,cached,https://sansad.in/ls/members,2026-08-29T07:57:18.033216+00:00
Lok Sabha,225,Bhartruhari Mahtab,Bharatiya Janata Party,BJP,Cuttack,Odisha,https://sansad.in/getFile/dms/fetch/4c179500-da0a-48a1-a238-21583b3941cd?source=dsp2,/Users/alokkumardalei/Desktop/MPLED/MPLEDs/data/mp_profiles/images/ls_225.jpg,cached,https://sansad.in/ls/members,2026-08-29T07:57:18.033216+00:00
Lok Sabha,4796,Balabhadra Majhi,Bharatiya Janata Party,BJP,Nabarangpur,Odisha,https://sansad.in/getFile/dms/fetch/e841f062-45a1-4926-80f0-121dba0e20c3?source=dsp2,/Users/alokkumardalei/Desktop/MPLED/MPLEDs/data/mp_profiles/images/ls_4796.jpg,cached,https://sansad.in/ls/members,2026-08-29T07:57:18.033216+00:00
Lok Sabha,5672,Naba Charan Majhi,Bharatiya Janata Party,BJP,Mayurbhanj,Odisha,https://sansad.in/getFile/dms/fetch/845aed97-13b1-408c-9376-ba42a0225ff8?source=dsp2,/Users/alokkumardalei/Desktop/MPLED/MPLEDs/data/mp_profiles/images/ls_5672.jpg,cached,https://sansad.in/ls/members,2026-08-29T07:57:18.033216+00:00
Lok Sabha,5827,Joba Majhi,Jharkhand Mukti Morcha,JMM,Singhbhum,Jharkhand,https://sansad.in/getFile/dms/fetch/d3e078f6-61d0-4e2a-90ae-10d8d82db69f?source=dsp2,/Users/alokkumardalei/Desktop/MPLED/MPLEDs/data/mp_profiles/images/ls_5827.jpg,cached,https://sansad.in/ls/members,2026-08-29T07:57:18.033216+00:00
Lok Sabha,5035,Sukanta Majumdar,Bharatiya Janata Party,BJP,Balurghat,West Bengal,https://sansad.in/getFile/dms/fetch/b49cd9de-16e2-490b-aca6-130e7008c7f5?source=dsp2,/Users/alokkumardalei/Desktop/MPLED/MPLEDs/data/mp_profiles/images/ls_5035.jpg,cached,https://sansad.in/ls/members,2026-08-29T07:57:18.033216+00:00
Lok Sabha,5694,Dineshbhai Makwana,Bharatiya Janata Party,BJP,Ahmedabad West,Gujarat,https://sansad.in/getFile/dms/fetch/71cafcbd-9549-4300-afc0-3620b15b17ad?source=dsp2,/Users/alokkumardalei/Desktop/MPLED/MPLEDs/data/mp_profiles/images/ls_5694.jpg,cached,https://sansad.in/ls/members,2026-08-29T07:57:18.033216+00:00
Lok Sabha,5040,Asit Kumar Mal,All India Trinamool Congress,AITC,Bolpur,West Bengal,https://sansad.in/getFile/dms/fetch/9302b59f-fefd-4bea-8ed3-7c046eb3c440?source=dsp2,/Users/alokkumardalei/Desktop/MPLED/MPLEDs/data/mp_profiles/images/ls_5040.jpg,cached,https://sansad.in/ls/members,2026-08-29T07:57:18.033216+00:00
Lok Sabha,5563,Harsh Malhotra,Bharatiya Janata Party,BJP,East Delhi,NCT of Delhi,https://sansad.in/getFile/dms/fetch/727fd08d-dc97-4f79-96ac-f675cb4e50f2?source=dsp2,/Users/alokkumardalei/Desktop/MPLED/MPLEDs/data/mp_profiles/images/ls_5563.jpg,cached,https://sansad.in/ls/members,2026-08-29T07:57:18.033216+00:00
Lok Sabha,5816,June Maliah,All India Trinamool Congress,AITC,Medinipur,West Bengal,https://sansad.in/getFile/dms/fetch/64f5bde7-efb2-48b1-93bd-35f2691cb7dc?source=dsp2,/Users/alokkumardalei/Desktop/MPLED/MPLEDs/data/mp_profiles/images/ls_5816.jpg,cached,https://sansad.in/ls/members,2026-08-29T07:57:18.033216+00:00
Lok Sabha,5631,Harendra Singh Malik,Samajwadi Party,SP,Muzaffarnagar,Uttar Pradesh,https://sansad.in/getFile/dms/fetch/32ed2793-f02f-4987-825d-5de293bbfcdc?source=dsp2,/Users/alokkumardalei/Desktop/MPLED/MPLEDs/data/mp_profiles/images/ls_5631.jpg,cached,https://sansad.in/ls/members,2026-08-29T07:57:18.033216+00:00
Lok Sabha,4619,Hema Malini,Bharatiya Janata Party,BJP,Mathura,Uttar Pradesh,https://sansad.in/getFile/dms/fetch/ee590942-bf17-4b7e-a8a8-f1224695a2df?source=dsp2,/Users/alokkumardalei/Desktop/MPLED/MPLEDs/data/mp_profiles/images/ls_4619.jpg,cached,https://sansad.in/ls/members,2026-08-29T07:57:18.033216+00:00
Lok Sabha,5106,Kripanath Mallah,Bharatiya Janata Party,BJP,Karimganj,Assam,https://sansad.in/getFile/dms/fetch/0cf52a50-3547-466f-8373-7e74168b7529?source=dsp2,/Users/alokkumardalei/Desktop/MPLED/MPLEDs/data/mp_profiles/images/ls_5106.jpg,cached,https://sansad.in/ls/members,2026-08-29T07:57:18.033216+00:00
Lok Sabha,5753,Prabha Mallikarjun,Indian National Congress,INC,Davanagere,Karnataka,https://sansad.in/getFile/dms/fetch/c61e1e3e-96ea-4f4f-b9bf-44e54b798a6e?source=dsp2,/Users/alokkumardalei/Desktop/MPLED/MPLEDs/data/mp_profiles/images/ls_5753.jpg,cached,https://sansad.in/ls/members,2026-08-29T07:57:18.033216+00:00
Lok Sabha,5170,Ajay Kumar Mandal,Janata Dal (United),JD(U),Bhagalpur,Bihar,https://sansad.in/getFile/dms/fetch/e6c56ea5-600c-4986-ba16-e203a0ca6274?source=dsp2,/Users/alokkumardalei/Desktop/MPLED/MPLEDs/data/mp_profiles/images/ls_5170.jpg,cached,https://sansad.in/ls/members,2026-08-29T07:57:18.033216+00:00
Lok Sabha,5214,Ramprit Mandal,Janata Dal (United),JD(U),Jhanjharpur,Bihar,https://sansad.in/getFile/dms/fetch/1afec57c-443c-42b0-95f9-fb592b96dc32?source=dsp2,/Users/alokkumardalei/Desktop/MPLED/MPLEDs/data/mp_profiles/images/ls_5214.jpg,cached,https://sansad.in/ls/members,2026-08-29T07:57:18.033216+00:00
Lok Sabha,5555,Mansukh Mandaviya,Bharatiya Janata Party,BJP,Porbandar,Gujarat,https://sansad.in/getFile/dms/fetch/b1c660e2-c116-4cf3-80b4-e3879ad749f1?source=dsp2,/Users/alokkumardalei/Desktop/MPLED/MPLEDs/data/mp_profiles/images/ls_5555.jpg,cached,https://sansad.in/ls/members,2026-08-29T07:57:18.033216+00:00
Lok Sabha,5187,Dhairyasheel Sambhajirao Mane,Shiv Sena,SS,Hatkanangle,Maharashtra,https://sansad.in/getFile/dms/fetch/0f9c3e6f-f67c-4379-aec3-16a6099b6ec0?source=dsp2,/Users/alokkumardalei/Desktop/MPLED/MPLEDs/data/mp_profiles/images/ls_5187.jpg,cached,https://sansad.in/ls/members,2026-08-29T07:57:18.033216+00:00
Lok Sabha,5688,Shashank Mani,Bharatiya Janata Party,BJP,Deoria,Uttar Pradesh,https://sansad.in/getFile/dms/fetch/f017025c-cd8b-4f90-b247-edf942e1631a?source=dsp2,/Users/alokkumardalei/Desktop/MPLED/MPLEDs/data/mp_profiles/images/ls_5688.jpg,cached,https://sansad.in/ls/members,2026-08-29T07:57:18.033216+00:00
Lok Sabha,5558,Jitan Ram Manjhi,Hindustani Awam Morcha (Secular),HAM (S),Gaya,Bihar,https://sansad.in/getFile/dms/fetch/ec63f44e-fe05-4a08-8a9a-863cd1d398cf?source=dsp2,/Users/alokkumardalei/Desktop/MPLED/MPLEDs/data/mp_profiles/images/ls_5558.jpg,cached,https://sansad.in/ls/members,2026-08-29T07:57:18.033216+00:00
Lok Sabha,5590,C N Manjunath,Bharatiya Janata Party,BJP,Bangalore Rural,Karnataka,https://sansad.in/getFile/dms/fetch/158eaf6b-9f02-4a89-ba65-32a9769daea3?source=dsp2,/Users/alokkumardalei/Desktop/MPLED/MPLEDs/data/mp_profiles/images/ls_5590.jpg,cached,https://sansad.in/ls/members,2026-08-29T07:57:18.033216+00:00
Lok Sabha,4144,Dayanidhi Maran,Dravida Munnetra Kazhagam,DMK,Chennai Central,Tamil Nadu,https://sansad.in/getFile/dms/fetch/6f81359f-e282-4048-bb4e-bae23525dca6?source=dsp2,/Users/alokkumardalei/Desktop/MPLED/MPLEDs/data/mp_profiles/images/ls_4144.jpg,cached,https://sansad.in/ls/members,2026-08-29T07:57:18.033216+00:00
Lok Sabha,5589,Imran Masood,Indian National Congress,INC,Saharanpur,Uttar Pradesh,https://sansad.in/getFile/dms/fetch/66e5ffef-a5ef-458a-b483-fc85f4cf1ff2?source=dsp2,/Users/alokkumardalei/Desktop/MPLED/MPLEDs/data/mp_profiles/images/ls_5589.jpg,cached,https://sansad.in/ls/members,2026-08-29T07:57:18.033216+00:00
Lok Sabha,5623,Sribharat Mathukumilli,Telugu Desam Party,TDP,Visakhapatnam,Andhra Pradesh,https://sansad.in/getFile/dms/fetch/fc010e65-b19a-4c51-923d-cd9cdfc33d39?source=dsp2,/Users/alokkumardalei/Desktop/MPLED/MPLEDs/data/mp_profiles/images/ls_5623.jpg,cached,https://sansad.in/ls/members,2026-08-29T07:57:18.033216+00:00
Lok Sabha,5637,Neeraj Maurya,Samajwadi Party,SP,Aonla,Uttar Pradesh,https://sansad.in/getFile/dms/fetch/a92e84ff-f27b-484f-8a28-1415f52ff5f8?source=dsp2,/Users/alokkumardalei/Desktop/MPLED/MPLEDs/data/mp_profiles/images/ls_5637.jpg,cached,https://sansad.in/ls/members,2026-08-29T07:57:18.033216+00:00
Lok Sabha,5603,Bijuli Kalita Medhi,Bharatiya Janata Party,BJP,Guwahati,Assam,https://sansad.in/getFile/dms/fetch/dcb0d194-fab3-47ab-bdb6-48cf9c0ccee0?source=dsp2,/Users/alokkumardalei/Desktop/MPLED/MPLEDs/data/mp_profiles/images/ls_5603.jpg,cached,https://sansad.in/ls/members,2026-08-29T07:57:18.033216+00:00
Lok Sabha,4640,Harish Chandra Meena,Indian National Congress,INC,Tonk-Sawai Madhopur,Rajasthan,https://sansad.in/getFile/dms/fetch/49dcb033-1930-494e-ac90-e317a8bb10b7?source=dsp2,/Users/alokkumardalei/Desktop/MPLED/MPLEDs/data/mp_profiles/images/ls_4640.jpg,cached,https://sansad.in/ls/members,2026-08-29T07:57:18.033216+00:00
Lok Sabha,5717,Murari Lal Meena,Indian National Congress,INC,Dausa,Rajasthan,https://sansad.in/getFile/dms/fetch/f3112401-ffda-4f2c-8efd-a83d79ae7f8e?source=dsp2,/Users/alokkumardalei/Desktop/MPLED/MPLEDs/data/mp_profiles/images/ls_5717.jpg,cached,https://sansad.in/ls/members,2026-08-29T07:57:18.033216+00:00
Lok Sabha,4399,Arjun Ram Meghwal,Bharatiya Janata Party,BJP,Bikaner,Rajasthan,https://sansad.in/getFile/dms/fetch/fca2b31a-9efa-4352-81b6-493dc850b04d?source=dsp2,/Users/alokkumardalei/Desktop/MPLED/MPLEDs/data/mp_profiles/images/ls_4399.jpg,cached,https://sansad.in/ls/members,2026-08-29T07:57:18.033216+00:00
Lok Sabha,5761,Aga Syed Ruhullah Mehdi,Jammu and Kashmir National Conference,J&KNC,Srinagar,Jammu and Kashmir,https://sansad.in/getFile/dms/fetch/1fbd6803-e967-4c4e-bd9f-b82df83e9281?source=dsp2,/Users/alokkumardalei/Desktop/MPLED/MPLEDs/data/mp_profiles/images/ls_5761.jpg,cached,https://sansad.in/ls/members,2026-08-29T07:57:18.033216+00:00
Lok Sabha,5683,Mahima Kumari Mewar,Bharatiya Janata Party,BJP,Rajsamand,Rajasthan,https://sansad.in/getFile/dms/fetch/1e087725-255f-4d95-9584-b5a6e5b8d4d7?source=dsp2,/Users/alokkumardalei/Desktop/MPLED/MPLEDs/data/mp_profiles/images/ls_5683.jpg,cached,https://sansad.in/ls/members,2026-08-29T07:57:18.033216+00:00
Lok Sabha,5693,Naresh Ganpat Mhaske,Shiv Sena,SS,Thane,Maharashtra,https://sansad.in/getFile/dms/fetch/f34f44d1-973b-40e6-9cdf-7bda10e00ec3?source=dsp2,/Users/alokkumardalei/Desktop/MPLED/MPLEDs/data/mp_profiles/images/ls_5693.jpg,cached,https://sansad.in/ls/members,2026-08-29T07:57:18.033216+00:00
Lok Sabha,5644,Balya Mama Suresh Gopinath Mhatre,Nationalist Congress Party - Sharadchandra Pawar,NCPSP,Bhiwandi,Maharashtra,https://sansad.in/getFile/dms/fetch/11f005e8-cfd4-4ef3-8608-2b91b59cf46e?source=dsp2,/Users/alokkumardalei/Desktop/MPLED/MPLEDs/data/mp_profiles/images/ls_5644.jpg,cached,https://sansad.in/ls/members,2026-08-29T07:57:18.033216+00:00
Lok Sabha,5579,Rajesh Mishra,Bharatiya Janata Party,BJP,Sidhi,Madhya Pradesh,https://sansad.in/getFile/dms/fetch/d0d57f31-0941-48e8-a9df-553b4049a6df?source=dsp2,/Users/alokkumardalei/Desktop/MPLED/MPLEDs/data/mp_profiles/images/ls_5579.jpg,cached,https://sansad.in/ls/members,2026-08-29T07:57:18.033216+00:00
Lok Sabha,4728,Janardan Mishra,Bharatiya Janata Party,BJP,Rewa,Madhya Pradesh,https://sansad.in/getFile/dms/fetch/8aedf861-f5b2-4242-ad81-2eb2ff3e9538?source=dsp2,/Users/alokkumardalei/Desktop/MPLED/MPLEDs/data/mp_profiles/images/ls_4728.jpg,cached,https://sansad.in/ls/members,2026-08-29T07:57:18.033216+00:00
Lok Sabha,5777,Bag Mitali,All India Trinamool Congress,AITC,Arambag,West Bengal,https://sansad.in/getFile/dms/fetch/cb7ada09-61c3-496d-a1f7-2ac82a516062?source=dsp2,/Users/alokkumardalei/Desktop/MPLED/MPLEDs/data/mp_profiles/images/ls_5777.jpg,cached,https://sansad.in/ls/members,2026-08-29T07:57:18.033216+00:00
Lok Sabha,4589,Narendra Modi,Bharatiya Janata Party,BJP,Varanasi,Uttar Pradesh,https://sansad.in/getFile/dms/fetch/8d4c1da4-35a1-493f-9b58-b1d1a6699a66?source=dsp2,/Users/alokkumardalei/Desktop/MPLED/MPLEDs/data/mp_profiles/images/ls_4589.jpg,cached,https://sansad.in/ls/members,2026-08-29T07:57:18.033216+00:00
Lok Sabha,4321,P C Mohan,Bharatiya Janata Party,BJP,Bangalore Central,Karnataka,https://sansad.in/getFile/dms/fetch/5c5218bd-f9ef-4471-bb35-1fea36b58403?source=dsp2,/Users/alokkumardalei/Desktop/MPLED/MPLEDs/data/mp_profiles/images/ls_4321.jpg,cached,https://sansad.in/ls/members,2026-08-29T07:57:18.033216+00:00
Lok Sabha,5536,Delkar Kalaben Mohanbhai,Bharatiya Janata Party,BJP,Dadra and Nagar Haveli,Dadra and Nagar Haveli and Daman and Diu,https://sansad.in/getFile/dms/fetch/0b69b9de-eba3-43ca-a1eb-b788543480b1?source=dsp2,/Users/alokkumardalei/Desktop/MPLED/MPLEDs/data/mp_profiles/images/ls_5536.jpg,cached,https://sansad.in/ls/members,2026-08-29T07:57:18.033216+00:00
Lok Sabha,5705,Murlidhar Mohol,Bharatiya Janata Party,BJP,Pune,Maharashtra,https://sansad.in/getFile/dms/fetch/084396e2-782d-4242-9afa-328a349b8c28?source=dsp2,/Users/alokkumardalei/Desktop/MPLED/MPLEDs/data/mp_profiles/images/ls_5705.jpg,cached,https://sansad.in/ls/members,2026-08-29T07:57:18.033216+00:00
Lok Sabha,5049,Mahua Moitra,All India Trinamool Congress,AITC,Krishnanagar,West Bengal,https://sansad.in/getFile/dms/fetch/fbf51896-be13-42ed-9bcd-3e3792b0df73?source=dsp2,/Users/alokkumardalei/Desktop/MPLED/MPLEDs/data/mp_profiles/images/ls_5049.jpg,cached,https://sansad.in/ls/members,2026-08-29T07:57:18.033216+00:00
Lok Sabha,4871,Pratima Mondal,All India Trinamool Congress,AITC,Jaynagar,West Bengal,https://sansad.in/getFile/dms/fetch/af5fa68a-32cc-45ae-9593-a83ad2e5f7ec?source=dsp2,/Users/alokkumardalei/Desktop/MPLED/MPLEDs/data/mp_profiles/images/ls_4871.jpg,cached,https://sansad.in/ls/members,2026-08-29T07:57:18.033216+00:00
Lok Sabha,5810,Kali Charan Munda,Indian National Congress,INC,Khunti,Jharkhand,https://sansad.in/getFile/dms/fetch/3d8a3720-f49c-4910-81ef-328ec7f62bf6?source=dsp2,/Users/alokkumardalei/Desktop/MPLED/MPLEDs/data/mp_profiles/images/ls_5810.jpg,cached,https://sansad.in/ls/members,2026-08-29T07:57:18.033216+00:00
Lok Sabha,5050,Khagen Murmu,Bharatiya Janata Party,BJP,Maldaha Uttar,West Bengal,https://sansad.in/getFile/dms/fetch/2b2a2701-ce11-4e42-9d23-b7813abd3cb5?source=dsp2,/Users/alokkumardalei/Desktop/MPLED/MPLEDs/data/mp_profiles/images/ls_5050.jpg,cached,https://sansad.in/ls/members,2026-08-29T07:57:18.033216+00:00
Lok Sabha,5732,Bhojraj Nag,Bharatiya Janata Party,BJP,Kanker,Chhattisgarh,https://sansad.in/getFile/dms/fetch/ede5e7e9-c379-4739-b9a4-7f9c1b4b91d7?source=dsp2,/Users/alokkumardalei/Desktop/MPLED/MPLEDs/data/mp_profiles/images/ls_5732.jpg,cached,https://sansad.in/ls/members,2026-08-29T07:57:18.033216+00:00
Lok Sabha,4702,Rodmal Nagar,Bharatiya Janata Party,BJP,Rajgarh,Madhya Pradesh,https://sansad.in/getFile/dms/fetch/5f5e777f-d675-4038-b1e6-83f8b4bbe63b?source=dsp2,/Users/alokkumardalei/Desktop/MPLED/MPLEDs/data/mp_profiles/images/ls_4702.jpg,cached,https://sansad.in/ls/members,2026-08-29T07:57:18.033216+00:00
Lok Sabha,5601,Bastipati Nagaraju,Telugu Desam Party,TDP,Kurnool,Andhra Pradesh,https://sansad.in/getFile/dms/fetch/6b4c04dc-5abe-4b9f-a109-6b43e30a6484?source=dsp2,/Users/alokkumardalei/Desktop/MPLED/MPLEDs/data/mp_profiles/images/ls_5601.jpg,cached,https://sansad.in/ls/members,2026-08-29T07:57:18.033216+00:00
Lok Sabha,4804,Godam Nagesh,Bharatiya Janata Party,BJP,Adilabad,Telangana,https://sansad.in/getFile/dms/fetch/9d7019f6-e9d9-4090-80ca-9ed1e40c7b9f?source=dsp2,/Users/alokkumardalei/Desktop/MPLED/MPLEDs/data/mp_profiles/images/ls_4804.jpg,cached,https://sansad.in/ls/members,2026-08-29T07:57:18.033216+00:00
Lok Sabha,4771,Kinjarapu Rammohan Naidu,Telugu Desam Party,TDP,Srikakulam,Andhra Pradesh,https://sansad.in/getFile/dms/fetch/b83fca52-58c9-4257-bcc1-fd8700510367?source=dsp2,/Users/alokkumardalei/Desktop/MPLED/MPLEDs/data/mp_profiles/images/ls_4771.jpg,cached,https://sansad.in/ls/members,2026-08-29T07:57:18.033216+00:00
Lok Sabha,5737,G Kumar Naik,Indian National Congress,INC,Raichur,Karnataka,https://sansad.in/getFile/dms/fetch/023c75f7-c155-4844-b7c1-b425aa21007c?source=dsp2,/Users/alokkumardalei/Desktop/MPLED/MPLEDs/data/mp_profiles/images/ls_5737.jpg,cached,https://sansad.in/ls/members,2026-08-29T07:57:18.033216+00:00
Lok Sabha,273,Shripad Yesso Naik,Bharatiya Janata Party,BJP,North Goa,Goa,https://sansad.in/getFile/dms/fetch/e5b510ec-f1f3-4d7e-82e4-14abff7536e5?source=dsp2,/Users/alokkumardalei/Desktop/MPLED/MPLEDs/data/mp_profiles/images/ls_273.jpg,cached,https://sansad.in/ls/members,2026-08-29T07:57:18.033216+00:00
Lok Sabha,5727,Kirsan Namdeo,Indian National Congress,INC,Gadchiroli-Chimur,Maharashtra,https://sansad.in/getFile/dms/fetch/3b12abbe-46d3-419f-9b76-d6af031b36e0?source=dsp2,/Users/alokkumardalei/Desktop/MPLED/MPLEDs/data/mp_profiles/images/ls_5727.jpg,cached,https://sansad.in/ls/members,2026-08-29T07:57:18.033216+00:00
Lok Sabha,275,Ananta Nayak,Bharatiya Janata Party,BJP,Keonjhar,Odisha,https://sansad.in/getFile/dms/fetch/7f067da3-5c69-4397-b612-2822e952d439?source=dsp2,/Users/alokkumardalei/Desktop/MPLED/MPLEDs/data/mp_profiles/images/ls_275.jpg,cached,https://sansad.in/ls/members,2026-08-29T07:57:18.033216+00:00
Lok Sabha,5797,Arun Nehru,Dravida Munnetra Kazhagam,DMK,Perambalur,Tamil Nadu,https://sansad.in/getFile/dms/fetch/9122e76f-4110-4f54-8c2b-f5729379f434?source=dsp2,/Users/alokkumardalei/Desktop/MPLED/MPLEDs/data/mp_profiles/images/ls_5797.jpg,cached,https://sansad.in/ls/members,2026-08-29T07:57:18.033216+00:00
Lok Sabha,5813,Laxmikant Pappu Nishad,Samajwadi Party,SP,Sant Kabir Nagar,Uttar Pradesh,https://sansad.in/getFile/dms/fetch/f87a973a-2dbd-416a-b00b-e9f2533f099a?source=dsp2,/Users/alokkumardalei/Desktop/MPLED/MPLEDs/data/mp_profiles/images/ls_5813.jpg,cached,https://sansad.in/ls/members,2026-08-29T07:57:18.033216+00:00
Lok Sabha,5786,Rambhual Nishad,Samajwadi Party,SP,Sultanpur,Uttar Pradesh,https://sansad.in/getFile/dms/fetch/2d26e1cf-abe2-420e-8589-86566a07b899?source=dsp2,/Users/alokkumardalei/Desktop/MPLED/MPLEDs/data/mp_profiles/images/ls_5786.jpg,cached,https://sansad.in/ls/members,2026-08-29T07:57:18.033216+00:00
Lok Sabha,5720,Brijendra Singh Ola,Indian National Congress,INC,Jhunjhunu,Rajasthan,https://sansad.in/getFile/dms/fetch/a5e67711-7c5d-4b11-b591-5451d9e20ae9?source=dsp2,/Users/alokkumardalei/Desktop/MPLED/MPLEDs/data/mp_profiles/images/ls_5720.jpg,cached,https://sansad.in/ls/members,2026-08-29T07:57:18.033216+00:00
Lok Sabha,279,Jual Oram,Bharatiya Janata Party,BJP,Sundargarh,Odisha,https://sansad.in/getFile/dms/fetch/36d28f52-833c-4e96-80de-63f771ea58ab?source=dsp2,/Users/alokkumardalei/Desktop/MPLED/MPLEDs/data/mp_profiles/images/ls_279.jpg,cached,https://sansad.in/ls/members,2026-08-29T07:57:18.033216+00:00
Lok Sabha,4091,Asaduddin Owaisi,All India Majlis-E-Ittehadul Muslimeen,AIMIM,Hyderabad,Telangana,https://sansad.in/getFile/dms/fetch/f8229ce2-ef98-470b-a580-8248de87620a?source=dsp2,/Users/alokkumardalei/Desktop/MPLED/MPLEDs/data/mp_profiles/images/ls_4091.jpg,cached,https://sansad.in/ls/members,2026-08-29T07:57:18.033216+00:00
Lok Sabha,5807,Ganapathy Rajkumar P,Dravida Munnetra Kazhagam,DMK,Coimbatore,Tamil Nadu,https://sansad.in/getFile/dms/fetch/6e495a5f-8165-4a3a-9138-ce4a1ec3981e?source=dsp2,/Users/alokkumardalei/Desktop/MPLED/MPLEDs/data/mp_profiles/images/ls_5807.jpg,cached,https://sansad.in/ls/members,2026-08-29T07:57:18.033216+00:00
Lok Sabha,5760,Gowaal Kagada Padavi,Indian National Congress,INC,Nandurbar,Maharashtra,https://sansad.in/getFile/dms/fetch/aecf15b9-270b-4878-ad09-d9261993a1db?source=dsp2,/Users/alokkumardalei/Desktop/MPLED/MPLEDs/data/mp_profiles/images/ls_5760.jpg,cached,https://sansad.in/ls/members,2026-08-29T07:57:18.033216+00:00
Lok Sabha,5729,Prashant Yadaorao Padole,Indian National Congress,INC,Bhandara-Gondiya,Maharashtra,https://sansad.in/getFile/dms/fetch/8a5fad24-8acb-4e43-8ed1-2dfcdc223c7f?source=dsp2,/Users/alokkumardalei/Desktop/MPLED/MPLEDs/data/mp_profiles/images/ls_5729.jpg,cached,https://sansad.in/ls/members,2026-08-29T07:57:18.033216+00:00
Lok Sabha,4295,Jagdambika Pal,Bharatiya Janata Party,BJP,Domariyaganj,Uttar Pradesh,https://sansad.in/getFile/dms/fetch/74ec4e7e-c418-4dd8-a5ce-b4ec1cabeab5?source=dsp2,/Users/alokkumardalei/Desktop/MPLED/MPLEDs/data/mp_profiles/images/ls_4295.jpg,cached,https://sansad.in/ls/members,2026-08-29T07:57:18.033216+00:00
Lok Sabha,4422,Baijayant Panda,Bharatiya Janata Party,BJP,Kendrapara,Odisha,https://sansad.in/getFile/dms/fetch/45761b9d-006e-4370-aa8e-c3cd2dae62b5?source=dsp2,/Users/alokkumardalei/Desktop/MPLED/MPLEDs/data/mp_profiles/images/ls_4422.jpg,cached,https://sansad.in/ls/members,2026-08-29T07:57:18.033216+00:00
Lok Sabha,5580,Sanatan Pandey,Samajwadi Party,SP,Ballia,Uttar Pradesh,https://sansad.in/getFile/dms/fetch/d31760db-32bd-43f3-86d4-ab01afca3808?source=dsp2,/Users/alokkumardalei/Desktop/MPLED/MPLEDs/data/mp_profiles/images/ls_5580.jpg,cached,https://sansad.in/ls/members,2026-08-29T07:57:18.033216+00:00
Lok Sabha,5015,Santosh Pandey,Bharatiya Janata Party,BJP,Rajnandgaon,Chhattisgarh,https://sansad.in/getFile/dms/fetch/de380219-2988-4036-9183-190ed979d382?source=dsp2,/Users/alokkumardalei/Desktop/MPLED/MPLEDs/data/mp_profiles/images/ls_5015.jpg,cached,https://sansad.in/ls/members,2026-08-29T07:57:18.033216+00:00
Lok Sabha,5615,Sukanta Kumar Panigrahi,Bharatiya Janata Party,BJP,Kandhamal,Odisha,https://sansad.in/getFile/dms/fetch/227014d4-28f2-46db-9ab0-cd2c371e348b?source=dsp2,/Users/alokkumardalei/Desktop/MPLED/MPLEDs/data/mp_profiles/images/ls_5615.jpg,cached,https://sansad.in/ls/members,2026-08-29T07:57:18.033216+00:00
Lok Sabha,5708,Pradeep Kumar Panigrahy,Bharatiya Janata Party,BJP,Berhampur,Odisha,https://sansad.in/getFile/dms/fetch/d51ac876-00c1-4551-92ba-da3c38ee4597?source=dsp2,/Users/alokkumardalei/Desktop/MPLED/MPLEDs/data/mp_profiles/images/ls_5708.jpg,cached,https://sansad.in/ls/members,2026-08-29T07:57:18.033216+00:00
Lok Sabha,5805,Rudra Narayan Pany,Bharatiya Janata Party,BJP,Dhenkanal,Odisha,https://sansad.in/getFile/dms/fetch/69d476a0-139c-4277-96e8-2368402c85ce?source=dsp2,/Users/alokkumardalei/Desktop/MPLED/MPLEDs/data/mp_profiles/images/ls_5805.jpg,cached,https://sansad.in/ls/members,2026-08-29T07:57:18.033216+00:00
Lok Sabha,5698,Shafi Parambil,Indian National Congress,INC,Vadakara,Kerala,https://sansad.in/getFile/dms/fetch/4cf4fc92-0b74-464a-9d7c-790c2a32342c?source=dsp2,/Users/alokkumardalei/Desktop/MPLED/MPLEDs/data/mp_profiles/images/ls_5698.jpg,cached,https://sansad.in/ls/members,2026-08-29T07:57:18.033216+00:00
Lok Sabha,5696,Bharti Pardhi,Bharatiya Janata Party,BJP,Balaghat,Madhya Pradesh,https://sansad.in/getFile/dms/fetch/af1271f5-e9b1-4768-822b-14d03924aa0a?source=dsp2,/Users/alokkumardalei/Desktop/MPLED/MPLEDs/data/mp_profiles/images/ls_5696.jpg,cached,https://sansad.in/ls/members,2026-08-29T07:57:18.033216+00:00
Lok Sabha,3289,Jai Parkash,Indian National Congress,INC,Hisar,Haryana,https://sansad.in/getFile/dms/fetch/3112cba1-6cc5-4153-ac70-79968ac1e295?source=dsp2,/Users/alokkumardalei/Desktop/MPLED/MPLEDs/data/mp_profiles/images/ls_3289.jpg,cached,https://sansad.in/ls/members,2026-08-29T07:57:18.033216+00:00
Lok Sabha,292,B K Parthasarathi,Telugu Desam Party,TDP,Hindupur,Andhra Pradesh,https://sansad.in/getFile/dms/fetch/e92f0944-d42c-4a23-815f-c20b1b5cb9ed?source=dsp2,/Users/alokkumardalei/Desktop/MPLED/MPLEDs/data/mp_profiles/images/ls_292.jpg,cached,https://sansad.in/ls/members,2026-08-29T07:57:18.033216+00:00
Lok Sabha,4777,Chirag Paswan,Lok Jan Shakti Party (Ram Vilas),LJSP(RV),Hajipur,Bihar,https://sansad.in/getFile/dms/fetch/1287e7fe-f355-4911-b267-a9980256ebda?source=dsp2,/Users/alokkumardalei/Desktop/MPLED/MPLEDs/data/mp_profiles/images/ls_4777.jpg,cached,https://sansad.in/ls/members,2026-08-29T07:57:18.033216+00:00
Lok Sabha,4303,Kamlesh Paswan,Bharatiya Janata Party,BJP,Bansgaon,Uttar Pradesh,https://sansad.in/getFile/dms/fetch/f4bc390e-2f07-47a3-8e4c-ab39f91bf544?source=dsp2,/Users/alokkumardalei/Desktop/MPLED/MPLEDs/data/mp_profiles/images/ls_4303.jpg,cached,https://sansad.in/ls/members,2026-08-29T07:57:18.033216+00:00
Lok Sabha,5643,Shiv Pal Singh Patel,Samajwadi Party,SP,Pratapgarh,Uttar Pradesh,https://sansad.in/getFile/dms/fetch/9e2f881a-a31c-473f-8de6-cb7c764020a4?source=dsp2,/Users/alokkumardalei/Desktop/MPLED/MPLEDs/data/mp_profiles/images/ls_5643.jpg,cached,https://sansad.in/ls/members,2026-08-29T07:57:18.033216+00:00
Lok Sabha,5665,Dhaval Laxmanbhai Patel,Bharatiya Janata Party,BJP,Valsad,Gujarat,https://sansad.in/getFile/dms/fetch/64cf6f44-fef5-4bb4-bce3-f59b7c4637b0?source=dsp2,/Users/alokkumardalei/Desktop/MPLED/MPLEDs/data/mp_profiles/images/ls_5665.jpg,cached,https://sansad.in/ls/members,2026-08-29T07:57:18.033216+00:00
Lok Sabha,5067,Gajendra  Singh Patel,Bharatiya Janata Party,BJP,Khargone,Madhya Pradesh,https://sansad.in/getFile/dms/fetch/388995db-f5eb-4f1c-b2be-107f863e6878?source=dsp2,/Users/alokkumardalei/Desktop/MPLED/MPLEDs/data/mp_profiles/images/ls_5067.jpg,cached,https://sansad.in/ls/members,2026-08-29T07:57:18.033216+00:00
Lok Sabha,5560,Haribhai Patel,Bharatiya Janata Party,BJP,Mahesana,Gujarat,https://sansad.in/getFile/dms/fetch/2ee27933-a1dc-4b30-9819-5a916176083f?source=dsp2,/Users/alokkumardalei/Desktop/MPLED/MPLEDs/data/mp_profiles/images/ls_5560.jpg,cached,https://sansad.in/ls/members,2026-08-29T07:57:18.033216+00:00
Lok Sabha,5017,Hasmukhbhai Somabhai Patel,Bharatiya Janata Party,BJP,Ahmedabad East,Gujarat,https://sansad.in/getFile/dms/fetch/67f1af1a-4754-4c7a-90f6-46883ccdf980?source=dsp2,/Users/alokkumardalei/Desktop/MPLED/MPLEDs/data/mp_profiles/images/ls_5017.jpg,cached,https://sansad.in/ls/members,2026-08-29T07:57:18.033216+00:00
Lok Sabha,5018,Miteshbhai Rameshbhai Patel,Bharatiya Janata Party,BJP,Anand,Gujarat,https://sansad.in/getFile/dms/fetch/59f3ce65-7eb9-449a-b526-fb963ded918c?source=dsp2,/Users/alokkumardalei/Desktop/MPLED/MPLEDs/data/mp_profiles/images/ls_5018.jpg,cached,https://sansad.in/ls/members,2026-08-29T07:57:18.033216+00:00
Lok Sabha,5801,Naresh Chandra Uttam Patel,Samajwadi Party,SP,Fatehpur,Uttar Pradesh,https://sansad.in/getFile/dms/fetch/8c941406-581a-4fc0-b0ef-1bd2e867dc37?source=dsp2,/Users/alokkumardalei/Desktop/MPLED/MPLEDs/data/mp_profiles/images/ls_5801.jpg,cached,https://sansad.in/ls/members,2026-08-29T07:57:18.033216+00:00
Lok Sabha,5583,Praveen Patel,Bharatiya Janata Party,BJP,Phulpur,Uttar Pradesh,https://sansad.in/getFile/dms/fetch/05394314-a13a-4316-93f1-c5d05d7f5895?source=dsp2,/Users/alokkumardalei/Desktop/MPLED/MPLEDs/data/mp_profiles/images/ls_5583.jpg,cached,https://sansad.in/ls/members,2026-08-29T07:57:18.033216+00:00
Lok Sabha,5751,Shreyas M Patel,Indian National Congress,INC,Hassan,Karnataka,https://sansad.in/getFile/dms/fetch/c72c12ce-c76a-47a8-8676-abbbc28209b6?source=dsp2,/Users/alokkumardalei/Desktop/MPLED/MPLEDs/data/mp_profiles/images/ls_5751.jpg,cached,https://sansad.in/ls/members,2026-08-29T07:57:18.033216+00:00
Lok Sabha,4662,Anupriya Patel,Apna Dal (Soneylal),Apna Dal (S),Mirzapur,Uttar Pradesh,https://sansad.in/getFile/dms/fetch/5c7d3e20-3db8-4068-81ba-51951601918d?source=dsp2,/Users/alokkumardalei/Desktop/MPLED/MPLEDs/data/mp_profiles/images/ls_4662.jpg,cached,https://sansad.in/ls/members,2026-08-29T07:57:18.033216+00:00
Lok Sabha,5594,Krishna Devi Shivshankar Patel,Samajwadi Party,SP,Banda,Uttar Pradesh,https://sansad.in/getFile/dms/fetch/9487e6d4-f59d-4023-9e33-4f15a66847a3?source=dsp2,/Users/alokkumardalei/Desktop/MPLED/MPLEDs/data/mp_profiles/images/ls_5594.jpg,cached,https://sansad.in/ls/members,2026-08-29T07:57:18.033216+00:00
Lok Sabha,4452,Chandrakant Raghunath Patil,Bharatiya Janata Party,BJP,Navsari,Gujarat,https://sansad.in/getFile/dms/fetch/8b338f0b-ca26-41a0-890f-a9e4c0501082?source=dsp2,/Users/alokkumardalei/Desktop/MPLED/MPLEDs/data/mp_profiles/images/ls_4452.jpg,cached,https://sansad.in/ls/members,2026-08-29T07:57:18.033216+00:00
Lok Sabha,5535,Gyaneshwar Patil,Bharatiya Janata Party,BJP,Khandwa,Madhya Pradesh,https://sansad.in/getFile/dms/fetch/7627f99c-88b0-4879-8410-31055c8714f7?source=dsp2,/Users/alokkumardalei/Desktop/MPLED/MPLEDs/data/mp_profiles/images/ls_5535.jpg,cached,https://sansad.in/ls/members,2026-08-29T07:57:18.033216+00:00
Lok Sabha,4393,Sanjay Dina Patil,Shiv Sena,SS,Mumbai North East,Maharashtra,https://sansad.in/getFile/dms/fetch/9d080a97-e93e-479e-9277-2503b6be21f3?source=dsp2,/Users/alokkumardalei/Desktop/MPLED/MPLEDs/data/mp_profiles/images/ls_4393.jpg,cached,https://sansad.in/ls/members,2026-08-29T07:57:18.033216+00:00
Lok Sabha,5756,Vishaldada Prakashbapu Patil,Independent,Ind.,Sangli,Maharashtra,https://sansad.in/getFile/dms/fetch/6f6840f8-121d-4b17-a240-e9d915621a85?source=dsp2,/Users/alokkumardalei/Desktop/MPLED/MPLEDs/data/mp_profiles/images/ls_5756.jpg,cached,https://sansad.in/ls/members,2026-08-29T07:57:18.033216+00:00
Lok Sabha,5599,Sambit Patra,Bharatiya Janata Party,BJP,Puri,Odisha,https://sansad.in/getFile/dms/fetch/dd13591b-6c81-446a-8e15-b07cc3da2ef0?source=dsp2,/Users/alokkumardalei/Desktop/MPLED/MPLEDs/data/mp_profiles/images/ls_5599.jpg,cached,https://sansad.in/ls/members,2026-08-29T07:57:18.033216+00:00
Lok Sabha,5691,Kartick Chandra Paul,Bharatiya Janata Party,BJP,Raiganj,West Bengal,https://sansad.in/getFile/dms/fetch/10b88b70-dd69-4bc5-bcad-9442db61ebde?source=dsp2,/Users/alokkumardalei/Desktop/MPLED/MPLEDs/data/mp_profiles/images/ls_5691.jpg,cached,https://sansad.in/ls/members,2026-08-29T07:57:18.033216+00:00
Lok Sabha,5636,Chandra Sekhar Pemmasani,Telugu Desam Party,TDP,Guntur,Andhra Pradesh,https://sansad.in/getFile/dms/fetch/ef230722-9bfb-41d6-9cce-4fbb92089feb?source=dsp2,/Users/alokkumardalei/Desktop/MPLED/MPLEDs/data/mp_profiles/images/ls_5636.jpg,cached,https://sansad.in/ls/members,2026-08-29T07:57:18.033216+00:00
Lok Sabha,5711,Kota Srinivasa Poojary,Bharatiya Janata Party,BJP,Udupi Chikmagalur,Karnataka,https://sansad.in/getFile/dms/fetch/ea9bde02-617c-4c33-9f73-d53ed5154bda?source=dsp2,/Users/alokkumardalei/Desktop/MPLED/MPLEDs/data/mp_profiles/images/ls_5711.jpg,cached,https://sansad.in/ls/members,2026-08-29T07:57:18.033216+00:00
Lok Sabha,4322,Balram Naik Porika,Indian National Congress,INC,Mahabubabad,Telangana,https://sansad.in/getFile/dms/fetch/90ef2830-157f-4a78-bde4-030e0c98ac39?source=dsp2,/Users/alokkumardalei/Desktop/MPLED/MPLEDs/data/mp_profiles/images/ls_4322.jpg,cached,https://sansad.in/ls/members,2026-08-29T07:57:18.033216+00:00
Lok Sabha,3999,Dharmendra Pradhan,Bharatiya Janata Party,BJP,Sambalpur,Odisha,https://sansad.in/getFile/dms/fetch/537f95a7-489c-4f9e-9dbd-a78519ff98a0?source=dsp2,/Users/alokkumardalei/Desktop/MPLED/MPLEDs/data/mp_profiles/images/ls_3999.jpg,cached,https://sansad.in/ls/members,2026-08-29T07:57:18.033216+00:00
Lok Sabha,5123,Adoor Prakash,Indian National Congress,INC,Attingal,Kerala,https://sansad.in/getFile/dms/fetch/79111378-e781-40fd-9d0f-ab091c1b42d8?source=dsp2,/Users/alokkumardalei/Desktop/MPLED/MPLEDs/data/mp_profiles/images/ls_5123.jpg,cached,https://sansad.in/ls/members,2026-08-29T07:57:18.033216+00:00
Lok Sabha,159,Jai Prakash,Bharatiya Janata Party,BJP,Hardoi,Uttar Pradesh,https://sansad.in/getFile/dms/fetch/631f3f36-1074-4276-9282-926a35a31123?source=dsp2,/Users/alokkumardalei/Desktop/MPLED/MPLEDs/data/mp_profiles/images/ls_159.jpg,cached,https://sansad.in/ls/members,2026-08-29T07:57:18.033216+00:00
Lok Sabha,5770,K E Prakash,Dravida Munnetra Kazhagam,DMK,Erode,Tamil Nadu,https://sansad.in/getFile/dms/fetch/66a6e1c0-159f-48d7-b1ae-553573b8d6f7?source=dsp2,/Users/alokkumardalei/Desktop/MPLED/MPLEDs/data/mp_profiles/images/ls_5770.jpg,cached,https://sansad.in/ls/members,2026-08-29T07:57:18.033216+00:00
Lok Sabha,4971,M K Vishnu Prasad,Indian National Congress,INC,Cuddalore,Tamil Nadu,https://sansad.in/getFile/dms/fetch/0cf8b926-a40d-4be1-b34a-729afae8d859?source=dsp2,/Users/alokkumardalei/Desktop/MPLED/MPLEDs/data/mp_profiles/images/ls_4971.jpg,cached,https://sansad.in/ls/members,2026-08-29T07:57:18.033216+00:00
Lok Sabha,5780,Awadhesh Prasad,Samajwadi Party,SP,Faizabad,Uttar Pradesh,https://sansad.in/getFile/dms/fetch/6e5042c1-22a2-4222-9aab-b32d4518f0fa?source=dsp2,/Users/alokkumardalei/Desktop/MPLED/MPLEDs/data/mp_profiles/images/ls_5780.jpg,cached,https://sansad.in/ls/members,2026-08-29T07:57:18.033216+00:00
Lok Sabha,5219,Ravi Shankar Prasad,Bharatiya Janata Party,BJP,Patna Sahib,Bihar,https://sansad.in/getFile/dms/fetch/b5aab0d1-e57a-4dfc-b5a0-dde4d7f1fbe9?source=dsp2,/Users/alokkumardalei/Desktop/MPLED/MPLEDs/data/mp_profiles/images/ls_5219.jpg,cached,https://sansad.in/ls/members,2026-08-29T07:57:18.033216+00:00
Lok Sabha,5641,Sudama Prasad,Communist Party of India (Marxist-Leninist) Liberation,CPI(ML)(L),Arrah,Bihar,https://sansad.in/getFile/dms/fetch/4fd73700-cd7b-4308-966e-20c2a5068b61?source=dsp2,/Users/alokkumardalei/Desktop/MPLED/MPLEDs/data/mp_profiles/images/ls_5641.jpg,cached,https://sansad.in/ls/members,2026-08-29T07:57:18.033216+00:00
Lok Sabha,4065,Jitin Prasada,Bharatiya Janata Party,BJP,Pilibhit,Uttar Pradesh,https://sansad.in/getFile/dms/fetch/b708ef19-4032-4524-b3db-1f4b797bfe69?source=dsp2,/Users/alokkumardalei/Desktop/MPLED/MPLEDs/data/mp_profiles/images/ls_4065.jpg,cached,https://sansad.in/ls/members,2026-08-29T07:57:18.033216+00:00
Lok Sabha,3754,N K Premachandran,Revolutionary Socialist Party,RSP,Kollam,Kerala,https://sansad.in/getFile/dms/fetch/82ebdff7-f488-4ce8-bebf-5ef9291f86c5?source=dsp2,/Users/alokkumardalei/Desktop/MPLED/MPLEDs/data/mp_profiles/images/ls_3754.jpg,cached,https://sansad.in/ls/members,2026-08-29T07:57:18.033216+00:00
Lok Sabha,5728,Tanuj Punia,Indian National Congress,INC,Barabanki,Uttar Pradesh,https://sansad.in/getFile/dms/fetch/0be6f9f9-7b64-4527-912e-71c7bdd8055f?source=dsp2,/Users/alokkumardalei/Desktop/MPLED/MPLEDs/data/mp_profiles/images/ls_5728.jpg,cached,https://sansad.in/ls/members,2026-08-29T07:57:18.033216+00:00
Lok Sabha,4022,D. Purandeswari,Bharatiya Janata Party,BJP,Rajahmundry,Andhra Pradesh,https://sansad.in/getFile/dms/fetch/ea45ab62-0683-46b0-9a1d-07189ae5e854?source=dsp2,/Users/alokkumardalei/Desktop/MPLED/MPLEDs/data/mp_profiles/images/ls_4022.jpg,cached,https://sansad.in/ls/members,2026-08-29T07:57:18.033216+00:00
Lok Sabha,5668,Pradeep Purohit,Bharatiya Janata Party,BJP,Bargarh,Odisha,https://sansad.in/getFile/dms/fetch/a4d66196-168e-452c-a2f0-aefe2297e01d?source=dsp2,/Users/alokkumardalei/Desktop/MPLED/MPLEDs/data/mp_profiles/images/ls_5668.jpg,cached,https://sansad.in/ls/members,2026-08-29T07:57:18.033216+00:00
Lok Sabha,5650,Sudha R,Indian National Congress,INC,Mayiladuthurai,Tamil Nadu,https://sansad.in/getFile/dms/fetch/d6c77cee-a819-443d-a3a3-67ea62f4f89f?source=dsp2,/Users/alokkumardalei/Desktop/MPLED/MPLEDs/data/mp_profiles/images/ls_5650.jpg,cached,https://sansad.in/ls/members,2026-08-29T07:57:18.033216+00:00
Lok Sabha,5628,Sachithanantham R,Communist Party of India (Marxist),CPI(M),Dindigul,Tamil Nadu,https://sansad.in/getFile/dms/fetch/4a940ee5-ace2-463e-aa04-b2dedf1f172f?source=dsp2,/Users/alokkumardalei/Desktop/MPLED/MPLEDs/data/mp_profiles/images/ls_5628.jpg,cached,https://sansad.in/ls/members,2026-08-29T07:57:18.033216+00:00
Lok Sabha,5757,Radhakrishna,Indian National Congress,INC,Gulbarga,Karnataka,https://sansad.in/getFile/dms/fetch/5ba69917-c19d-4465-a079-d29f796a1f97?source=dsp2,/Users/alokkumardalei/Desktop/MPLED/MPLEDs/data/mp_profiles/images/ls_5757.jpg,cached,https://sansad.in/ls/members,2026-08-29T07:57:18.033216+00:00
Lok Sabha,5812,K Radhakrishnan,Communist Party of India (Marxist),CPI(M),Alathur,Kerala,https://sansad.in/getFile/dms/fetch/677362ef-bd43-42f4-834f-89601ff0c8ab?source=dsp2,/Users/alokkumardalei/Desktop/MPLED/MPLEDs/data/mp_profiles/images/ls_5812.jpg,cached,https://sansad.in/ls/members,2026-08-29T07:57:18.033216+00:00
Lok Sabha,4560,M K Raghavan,Indian National Congress,INC,Kozhikode,Kerala,https://sansad.in/getFile/dms/fetch/79f46a8e-2b13-4284-a095-420c2d0fb807?source=dsp2,/Users/alokkumardalei/Desktop/MPLED/MPLEDs/data/mp_profiles/images/ls_4560.jpg,cached,https://sansad.in/ls/members,2026-08-29T07:57:18.033216+00:00
Lok Sabha,4570,B Y Raghavendra,Bharatiya Janata Party,BJP,Shimoga,Karnataka,https://sansad.in/getFile/dms/fetch/42e41bbb-fc5a-43ca-adbc-e48c1cf99793?source=dsp2,/Users/alokkumardalei/Desktop/MPLED/MPLEDs/data/mp_profiles/images/ls_4570.jpg,cached,https://sansad.in/ls/members,2026-08-29T07:57:18.033216+00:00
Lok Sabha,5793,Kunduru Raghuveer,Indian National Congress,INC,Nalgonda,Telangana,https://sansad.in/getFile/dms/fetch/d64ec7c5-e9a8-414c-aac1-a9e2d9ebf4b2?source=dsp2,/Users/alokkumardalei/Desktop/MPLED/MPLEDs/data/mp_profiles/images/ls_5793.jpg,cached,https://sansad.in/ls/members,2026-08-29T07:57:18.033216+00:00
Lok Sabha,5046,Khalilur Rahaman,All India Trinamool Congress,AITC,Jangipur,West Bengal,https://sansad.in/getFile/dms/fetch/5c1595d0-e012-452f-b86d-be203c52f6ca?source=dsp2,/Users/alokkumardalei/Desktop/MPLED/MPLEDs/data/mp_profiles/images/ls_5046.jpg,cached,https://sansad.in/ls/members,2026-08-29T07:57:18.033216+00:00
Lok Sabha,4625,Nityanand Rai,Bharatiya Janata Party,BJP,Ujiarpur,Bihar,https://sansad.in/getFile/dms/fetch/8ec29804-5c49-45be-919e-7678e798bc68?source=dsp2,/Users/alokkumardalei/Desktop/MPLED/MPLEDs/data/mp_profiles/images/ls_4625.jpg,cached,https://sansad.in/ls/members,2026-08-29T07:57:18.033216+00:00
Lok Sabha,5769,Rajeev Rai,Samajwadi Party,SP,Ghosi,Uttar Pradesh,https://sansad.in/getFile/dms/fetch/82f76548-872f-4979-94ed-c9265390e6e3?source=dsp2,/Users/alokkumardalei/Desktop/MPLED/MPLEDs/data/mp_profiles/images/ls_5769.jpg,cached,https://sansad.in/ls/members,2026-08-29T07:57:18.033216+00:00
Lok Sabha,4960,Kanimozhi Rajathi Karunanidhi,Dravida Munnetra Kazhagam,DMK,Thoothukkudi,Tamil Nadu,https://sansad.in/getFile/dms/fetch/016a3157-60ef-4ee8-8c8b-4d6b022bbaf3?source=dsp2,/Users/alokkumardalei/Desktop/MPLED/MPLEDs/data/mp_profiles/images/ls_4960.jpg,cached,https://sansad.in/ls/members,2026-08-29T07:57:18.033216+00:00
Lok Sabha,4305,Ramashankar  Vidharthi Rajbhar,Samajwadi Party,SP,Salempur,Uttar Pradesh,https://sansad.in/getFile/dms/fetch/11c26a9b-c609-49be-ba20-74801d97ce4b?source=dsp2,/Users/alokkumardalei/Desktop/MPLED/MPLEDs/data/mp_profiles/images/ls_4305.jpg,cached,https://sansad.in/ls/members,2026-08-29T07:57:18.033216+00:00
Lok Sabha,5731,Eatala Rajender,Bharatiya Janata Party,BJP,Malkajgiri,Telangana,https://sansad.in/getFile/dms/fetch/6f296988-29c0-4b45-a30c-9455f0ed0efc?source=dsp2,/Users/alokkumardalei/Desktop/MPLED/MPLEDs/data/mp_profiles/images/ls_5731.jpg,cached,https://sansad.in/ls/members,2026-08-29T07:57:18.033216+00:00
Lok Sabha,5189,Omprakash Bhupalsinh Alias Pavan Rajenimbalkar,Shiv Sena,SS,Osmanabad,Maharashtra,https://sansad.in/getFile/dms/fetch/608a0e82-cfb1-49d6-b520-cae469b569e4?source=dsp2,/Users/alokkumardalei/Desktop/MPLED/MPLEDs/data/mp_profiles/images/ls_5189.jpg,cached,https://sansad.in/ls/members,2026-08-29T07:57:18.033216+00:00
Lok Sabha,4666,Mukesh Rajput,Bharatiya Janata Party,BJP,Farrukhabad,Uttar Pradesh,https://sansad.in/getFile/dms/fetch/4a9766e2-78f8-449d-88bc-0dd9f9a80f56?source=dsp2,/Users/alokkumardalei/Desktop/MPLED/MPLEDs/data/mp_profiles/images/ls_4666.jpg,cached,https://sansad.in/ls/members,2026-08-29T07:57:18.033216+00:00
Lok Sabha,5649,Mohite Patil Dhairyasheel Rajsinh,Nationalist Congress Party - Sharadchandra Pawar,NCPSP,Madha,Maharashtra,https://sansad.in/getFile/dms/fetch/bac400fd-6897-4441-92fc-64aa128ea951?source=dsp2,/Users/alokkumardalei/Desktop/MPLED/MPLEDs/data/mp_profiles/images/ls_5649.jpg,cached,https://sansad.in/ls/members,2026-08-29T07:57:18.033216+00:00
Lok Sabha,5776,Amra Ram,Communist Party of India (Marxist),CPI(M),Sikar,Rajasthan,https://sansad.in/getFile/dms/fetch/e6e4788d-2009-4c37-ba36-76bf099eb39b?source=dsp2,/Users/alokkumardalei/Desktop/MPLED/MPLEDs/data/mp_profiles/images/ls_5776.jpg,cached,https://sansad.in/ls/members,2026-08-29T07:57:18.033216+00:00
Lok Sabha,4731,Vishnu Dayal Ram,Bharatiya Janata Party,BJP,Palamu,Jharkhand,https://sansad.in/getFile/dms/fetch/1d85e577-a5ea-4727-9086-0ecff58f4452?source=dsp2,/Users/alokkumardalei/Desktop/MPLED/MPLEDs/data/mp_profiles/images/ls_4731.jpg,cached,https://sansad.in/ls/members,2026-08-29T07:57:18.033216+00:00
Lok Sabha,5544,C M Ramesh,Bharatiya Janata Party,BJP,Anakapalle,Andhra Pradesh,https://sansad.in/getFile/dms/fetch/47ff6e2e-1e8e-4cd2-852f-3f0fa673bca9?source=dsp2,/Users/alokkumardalei/Desktop/MPLED/MPLEDs/data/mp_profiles/images/ls_5544.jpg,cached,https://sansad.in/ls/members,2026-08-29T07:57:18.033216+00:00
Lok Sabha,5652,Kangna Ranaut,Bharatiya Janata Party,BJP,Mandi,Himachal Pradesh,https://sansad.in/getFile/dms/fetch/13073bbe-017a-4d50-b2aa-426e7156968c?source=dsp2,/Users/alokkumardalei/Desktop/MPLED/MPLEDs/data/mp_profiles/images/ls_5652.jpg,cached,https://sansad.in/ls/members,2026-08-29T07:57:18.033216+00:00
Lok Sabha,5752,Sukhjinder Singh Randhawa,Indian National Congress,INC,Gurdaspur,Punjab,https://sansad.in/getFile/dms/fetch/8dfb88d3-1fab-464b-afc9-5578c8f5bc85?source=dsp2,/Users/alokkumardalei/Desktop/MPLED/MPLEDs/data/mp_profiles/images/ls_5752.jpg,cached,https://sansad.in/ls/members,2026-08-29T07:57:18.033216+00:00
Lok Sabha,5704,Narayan Tatu Rane,Bharatiya Janata Party,BJP,Ratnagiri-Sindhudurg,Maharashtra,https://sansad.in/getFile/dms/fetch/502f4800-3673-4b38-a307-c03d051e23f4?source=dsp2,/Users/alokkumardalei/Desktop/MPLED/MPLEDs/data/mp_profiles/images/ls_5704.jpg,cached,https://sansad.in/ls/members,2026-08-29T07:57:18.033216+00:00
Lok Sabha,5679,Gumma Thanuja Rani,Yuvajana Sramika Rythu Congress Party,YSR Congress Party,Araku,Andhra Pradesh,https://sansad.in/getFile/dms/fetch/3728212d-6d2c-444d-80ea-da7e9c2a0df7?source=dsp2,/Users/alokkumardalei/Desktop/MPLED/MPLEDs/data/mp_profiles/images/ls_5679.jpg,cached,https://sansad.in/ls/members,2026-08-29T07:57:18.033216+00:00
Lok Sabha,554,Rajesh Ranjan,Independent,Ind.,Purnia,Bihar,https://sansad.in/getFile/dms/fetch/459653df-b77f-4c7a-83a9-0b44140e0f49?source=dsp2,/Users/alokkumardalei/Desktop/MPLED/MPLEDs/data/mp_profiles/images/ls_554.jpg,cached,https://sansad.in/ls/members,2026-08-29T07:57:18.033216+00:00
Lok Sabha,5670,Daggumalla Prasada Rao,Telugu Desam Party,TDP,Chittoor,Andhra Pradesh,https://sansad.in/getFile/dms/fetch/40d0f4f5-cac6-4d6b-aec6-0cb623ff8a02?source=dsp2,/Users/alokkumardalei/Desktop/MPLED/MPLEDs/data/mp_profiles/images/ls_5670.jpg,cached,https://sansad.in/ls/members,2026-08-29T07:57:18.033216+00:00
Lok Sabha,5573,Madhavaneni Raghunandan Rao,Bharatiya Janata Party,BJP,Medak,Telangana,https://sansad.in/getFile/dms/fetch/bcefd427-d640-4037-b920-f471a3250b7f?source=dsp2,/Users/alokkumardalei/Desktop/MPLED/MPLEDs/data/mp_profiles/images/ls_5573.jpg,cached,https://sansad.in/ls/members,2026-08-29T07:57:18.033216+00:00
Lok Sabha,5678,Radheshyam Rathiya,Bharatiya Janata Party,BJP,Raigarh,Chhattisgarh,https://sansad.in/getFile/dms/fetch/acd52902-9828-4d7e-9f08-950e0f3bd762?source=dsp2,/Users/alokkumardalei/Desktop/MPLED/MPLEDs/data/mp_profiles/images/ls_5678.jpg,cached,https://sansad.in/ls/members,2026-08-29T07:57:18.033216+00:00
Lok Sabha,5743,Rakesh Rathor,Indian National Congress,INC,Sitapur,Uttar Pradesh,https://sansad.in/getFile/dms/fetch/ca1fe304-e07e-48ad-a9c3-d5e221cdd717?source=dsp2,/Users/alokkumardalei/Desktop/MPLED/MPLEDs/data/mp_profiles/images/ls_5743.jpg,cached,https://sansad.in/ls/members,2026-08-29T07:57:18.033216+00:00
Lok Sabha,5572,Jashubhai Bhilubhai Rathva,Bharatiya Janata Party,BJP,Chhota Udaipur,Gujarat,https://sansad.in/getFile/dms/fetch/1a82e0d5-e705-4047-99e5-3d333abe3255?source=dsp2,/Users/alokkumardalei/Desktop/MPLED/MPLEDs/data/mp_profiles/images/ls_5572.jpg,cached,https://sansad.in/ls/members,2026-08-29T07:57:18.033216+00:00
Lok Sabha,3534,Mallu Ravi,Indian National Congress,INC,Nagarkurnool,Telangana,https://sansad.in/getFile/dms/fetch/2e1e7015-2d61-492b-aff9-c88802bd6a83?source=dsp2,/Users/alokkumardalei/Desktop/MPLED/MPLEDs/data/mp_profiles/images/ls_3534.jpg,cached,https://sansad.in/ls/members,2026-08-29T07:57:18.033216+00:00
Lok Sabha,5622,Manna Lal Rawat,Bharatiya Janata Party,BJP,Udaipur,Rajasthan,https://sansad.in/getFile/dms/fetch/9f8e8391-7e13-4129-97e7-75dd1c89417a?source=dsp2,/Users/alokkumardalei/Desktop/MPLED/MPLEDs/data/mp_profiles/images/ls_5622.jpg,cached,https://sansad.in/ls/members,2026-08-29T07:57:18.033216+00:00
Lok Sabha,4096,Ashok Kumar Rawat,Bharatiya Janata Party,BJP,Misrikh,Uttar Pradesh,https://sansad.in/getFile/dms/fetch/1eac82a1-e78c-4e01-a1ca-582f94fe0e8b?source=dsp2,/Users/alokkumardalei/Desktop/MPLED/MPLEDs/data/mp_profiles/images/ls_4096.jpg,cached,https://sansad.in/ls/members,2026-08-29T07:57:18.033216+00:00
Lok Sabha,5556,Trivendra Singh Rawat,Bharatiya Janata Party,BJP,Hardwar,Uttarakhand,https://sansad.in/getFile/dms/fetch/71c9210e-ea03-4b21-8275-96ab14b74f61?source=dsp2,/Users/alokkumardalei/Desktop/MPLED/MPLEDs/data/mp_profiles/images/ls_5556.jpg,cached,https://sansad.in/ls/members,2026-08-29T07:57:18.033216+00:00
Lok Sabha,2554,Sougata Ray,All India Trinamool Congress,AITC,Dum Dum,West Bengal,https://sansad.in/getFile/dms/fetch/d1c5766e-c02e-4a02-b5ad-b30a673140d1?source=dsp2,/Users/alokkumardalei/Desktop/MPLED/MPLEDs/data/mp_profiles/images/ls_2554.jpg,cached,https://sansad.in/ls/members,2026-08-29T07:57:18.033216+00:00
Lok Sabha,371,Bishnu Pada Ray,Bharatiya Janata Party,BJP,Andaman and Nicobar Islands,Andaman and Nicobar Islands,https://sansad.in/getFile/dms/fetch/5ad396bc-72b5-44e6-bde3-e87d0f004917?source=dsp2,/Users/alokkumardalei/Desktop/MPLED/MPLEDs/data/mp_profiles/images/ls_371.jpg,cached,https://sansad.in/ls/members,2026-08-29T07:57:18.033216+00:00
Lok Sabha,5058,Sandhya Ray,Bharatiya Janata Party,BJP,Bhind,Madhya Pradesh,https://sansad.in/getFile/dms/fetch/3da89844-1fe5-46c5-883c-3184e38b6f51?source=dsp2,/Users/alokkumardalei/Desktop/MPLED/MPLEDs/data/mp_profiles/images/ls_5058.jpg,cached,https://sansad.in/ls/members,2026-08-29T07:57:18.033216+00:00
Lok Sabha,5755,Chamala Kiran Kumar Reddy,Indian National Congress,INC,Bhongir,Telangana,https://sansad.in/getFile/dms/fetch/93b110fa-f258-4334-81de-151af7830b35?source=dsp2,/Users/alokkumardalei/Desktop/MPLED/MPLEDs/data/mp_profiles/images/ls_5755.jpg,cached,https://sansad.in/ls/members,2026-08-29T07:57:18.033216+00:00
Lok Sabha,5084,G Kishan Reddy,Bharatiya Janata Party,BJP,Secunderabad,Telangana,https://sansad.in/getFile/dms/fetch/70c82c8d-e92c-43f4-94c1-73992d202341?source=dsp2,/Users/alokkumardalei/Desktop/MPLED/MPLEDs/data/mp_profiles/images/ls_5084.jpg,cached,https://sansad.in/ls/members,2026-08-29T07:57:18.033216+00:00
Lok Sabha,4800,Konda Vishweshwar Reddy,Bharatiya Janata Party,BJP,Chevella,Telangana,https://sansad.in/getFile/dms/fetch/00924fcd-a362-4532-86d0-2c6ffa17fe35?source=dsp2,/Users/alokkumardalei/Desktop/MPLED/MPLEDs/data/mp_profiles/images/ls_4800.jpg,cached,https://sansad.in/ls/members,2026-08-29T07:57:18.033216+00:00
Lok Sabha,3907,Magunta Sreenivasulu Reddy,Telugu Desam Party,TDP,Ongole,Andhra Pradesh,https://sansad.in/getFile/dms/fetch/a4876bbb-fc25-40dc-b868-80e2bc458dd0?source=dsp2,/Users/alokkumardalei/Desktop/MPLED/MPLEDs/data/mp_profiles/images/ls_3907.jpg,cached,https://sansad.in/ls/members,2026-08-29T07:57:18.033216+00:00
Lok Sabha,4688,P V Midhun Reddy,Yuvajana Sramika Rythu Congress Party,YSR Congress Party,Rajampet,Andhra Pradesh,https://sansad.in/getFile/dms/fetch/0d76e045-d93e-4e0f-83b9-715bdfa63fef?source=dsp2,/Users/alokkumardalei/Desktop/MPLED/MPLEDs/data/mp_profiles/images/ls_4688.jpg,cached,https://sansad.in/ls/members,2026-08-29T07:57:18.033216+00:00
Lok Sabha,5716,Ramasahayam Raghuram Reddy,Indian National Congress,INC,Khammam,Telangana,https://sansad.in/getFile/dms/fetch/56689fe1-109e-43d1-a2ab-4e2a2bcd6ec0?source=dsp2,/Users/alokkumardalei/Desktop/MPLED/MPLEDs/data/mp_profiles/images/ls_5716.jpg,cached,https://sansad.in/ls/members,2026-08-29T07:57:18.033216+00:00
Lok Sabha,4816,Y S Avinash Reddy,Yuvajana Sramika Rythu Congress Party,YSR Congress Party,Kadapa,Andhra Pradesh,https://sansad.in/getFile/dms/fetch/4d13c7ee-81d3-4f2b-9158-c26415d6d8e7?source=dsp2,/Users/alokkumardalei/Desktop/MPLED/MPLEDs/data/mp_profiles/images/ls_4816.jpg,cached,https://sansad.in/ls/members,2026-08-29T07:57:18.033216+00:00
Lok Sabha,5822,Zia Ur Rehman,Samajwadi Party,SP,Sambhal,Uttar Pradesh,https://sansad.in/getFile/dms/fetch/f59fa470-2c7b-4177-a9f6-9254da18dcc6?source=dsp2,/Users/alokkumardalei/Desktop/MPLED/MPLEDs/data/mp_profiles/images/ls_5822.jpg,cached,https://sansad.in/ls/members,2026-08-29T07:57:18.033216+00:00
Lok Sabha,3972,Kiren Rijiju,Bharatiya Janata Party,BJP,Arunachal West,Arunachal Pradesh,https://sansad.in/getFile/dms/fetch/ceb658cd-34be-4117-908b-7d1acd9849f6?source=dsp2,/Users/alokkumardalei/Desktop/MPLED/MPLEDs/data/mp_profiles/images/ls_3972.jpg,cached,https://sansad.in/ls/members,2026-08-29T07:57:18.033216+00:00
Lok Sabha,5764,Rajkumar Roat,Bharat Adivasi Party,BAP,Banswara,Rajasthan,https://sansad.in/getFile/dms/fetch/04896676-bbea-4643-9b73-4080342e1847?source=dsp2,/Users/alokkumardalei/Desktop/MPLED/MPLEDs/data/mp_profiles/images/ls_5764.jpg,cached,https://sansad.in/ls/members,2026-08-29T07:57:18.033216+00:00
Lok Sabha,5045,Jayanta Kumar Roy,Bharatiya Janata Party,BJP,Jalpaiguri,West Bengal,https://sansad.in/getFile/dms/fetch/be6c8702-cea5-4845-a857-53b9e5351b7b?source=dsp2,/Users/alokkumardalei/Desktop/MPLED/MPLEDs/data/mp_profiles/images/ls_5045.jpg,cached,https://sansad.in/ls/members,2026-08-29T07:57:18.033216+00:00
Lok Sabha,5048,Mala Roy,All India Trinamool Congress,AITC,Kolkata Dakshin,West Bengal,https://sansad.in/getFile/dms/fetch/6a789f0a-de03-4bf0-8afa-ec783e09b5a7?source=dsp2,/Users/alokkumardalei/Desktop/MPLED/MPLEDs/data/mp_profiles/images/ls_5048.jpg,cached,https://sansad.in/ls/members,2026-08-29T07:57:18.033216+00:00
Lok Sabha,4506,Satabdi Roy,All India Trinamool Congress,AITC,Birbhum,West Bengal,https://sansad.in/getFile/dms/fetch/d68407a0-f9a9-48b4-adc2-fe3c8dc2d317?source=dsp2,/Users/alokkumardalei/Desktop/MPLED/MPLEDs/data/mp_profiles/images/ls_4506.jpg,cached,https://sansad.in/ls/members,2026-08-29T07:57:18.033216+00:00
Lok Sabha,385,Rajiv Pratap Rudy,Bharatiya Janata Party,BJP,Saran,Bihar,https://sansad.in/getFile/dms/fetch/72740738-d36f-4520-b1b4-76297adaa8c6?source=dsp2,/Users/alokkumardalei/Desktop/MPLED/MPLEDs/data/mp_profiles/images/ls_385.jpg,cached,https://sansad.in/ls/members,2026-08-29T07:57:18.033216+00:00
Lok Sabha,5598,Parshottambhai Rupala,Bharatiya Janata Party,BJP,Rajkot,Gujarat,https://sansad.in/getFile/dms/fetch/2da2487a-e9f5-4969-b6fe-0f44f5d637eb?source=dsp2,/Users/alokkumardalei/Desktop/MPLED/MPLEDs/data/mp_profiles/images/ls_5598.jpg,cached,https://sansad.in/ls/members,2026-08-29T07:57:18.033216+00:00
Lok Sabha,5542,Matheswaran V S,Dravida Munnetra Kazhagam,DMK,Namakkal,Tamil Nadu,https://sansad.in/getFile/dms/fetch/bf53346a-d29e-43d5-a974-75bec9f62632?source=dsp2,/Users/alokkumardalei/Desktop/MPLED/MPLEDs/data/mp_profiles/images/ls_5542.jpg,cached,https://sansad.in/ls/members,2026-08-29T07:57:18.033216+00:00
Lok Sabha,5798,Murasoli S,Dravida Munnetra Kazhagam,DMK,Thanjavur,Tamil Nadu,https://sansad.in/getFile/dms/fetch/ba1cf6cf-c929-4906-a80c-23fa2d88845e?source=dsp2,/Users/alokkumardalei/Desktop/MPLED/MPLEDs/data/mp_profiles/images/ls_5798.jpg,cached,https://sansad.in/ls/members,2026-08-29T07:57:18.033216+00:00
Lok Sabha,5163,Arun Kumar Sagar,Bharatiya Janata Party,BJP,Shahjahanpur,Uttar Pradesh,https://sansad.in/getFile/dms/fetch/3c131112-2f8c-4b4a-941e-589f3d0c7d16?source=dsp2,/Users/alokkumardalei/Desktop/MPLED/MPLEDs/data/mp_profiles/images/ls_5163.jpg,cached,https://sansad.in/ls/members,2026-08-29T07:57:18.033216+00:00
Lok Sabha,5666,Bunty Vivek Sahu,Bharatiya Janata Party,BJP,Chhindwara,Madhya Pradesh,https://sansad.in/getFile/dms/fetch/d1526bdd-27ce-4439-8bad-9d6879a3beb2?source=dsp2,/Users/alokkumardalei/Desktop/MPLED/MPLEDs/data/mp_profiles/images/ls_5666.jpg,cached,https://sansad.in/ls/members,2026-08-29T07:57:18.033216+00:00
Lok Sabha,5700,Tokhan Sahu,Bharatiya Janata Party,BJP,Bilaspur,Chhattisgarh,https://sansad.in/getFile/dms/fetch/f4b3352b-3629-4a36-b2c5-57bbc39faabe?source=dsp2,/Users/alokkumardalei/Desktop/MPLED/MPLEDs/data/mp_profiles/images/ls_5700.jpg,cached,https://sansad.in/ls/members,2026-08-29T07:57:18.033216+00:00
Lok Sabha,5107,Dilip Saikia,Bharatiya Janata Party,BJP,Darrang Udalguri,Assam,https://sansad.in/getFile/dms/fetch/0afbbf0d-c9ce-4eed-9653-8fc1abff16ac?source=dsp2,/Users/alokkumardalei/Desktop/MPLED/MPLEDs/data/mp_profiles/images/ls_5107.jpg,cached,https://sansad.in/ls/members,2026-08-29T07:57:18.033216+00:00
Lok Sabha,3586,Swami Sachidanand Hari Sakshi,Bharatiya Janata Party,BJP,Unnao,Uttar Pradesh,https://sansad.in/getFile/dms/fetch/c02a68b3-1f20-4b1c-aa68-d0450bf3d8a8?source=dsp2,/Users/alokkumardalei/Desktop/MPLED/MPLEDs/data/mp_profiles/images/ls_3586.jpg,cached,https://sansad.in/ls/members,2026-08-29T07:57:18.033216+00:00
Lok Sabha,5532,M P Abdussamad Samadani,Indian Union Muslim League,IUML,Ponnani,Kerala,https://sansad.in/getFile/dms/fetch/2f8d452f-ab2d-4d1d-8a7b-0bb3d8e63024?source=dsp2,/Users/alokkumardalei/Desktop/MPLED/MPLEDs/data/mp_profiles/images/ls_5532.jpg,cached,https://sansad.in/ls/members,2026-08-29T07:57:18.033216+00:00
Lok Sabha,5553,Saleng A Sangma,Indian National Congress,INC,Tura,Meghalaya,https://sansad.in/getFile/dms/fetch/6658bef5-b83b-4bce-8c9d-12fdeb02f04f?source=dsp2,/Users/alokkumardalei/Desktop/MPLED/MPLEDs/data/mp_profiles/images/ls_5553.jpg,cached,https://sansad.in/ls/members,2026-08-29T07:57:18.033216+00:00
Lok Sabha,5550,Rajkumar Sangwan,Rashtriya Lok Dal,RLD,Baghpat,Uttar Pradesh,https://sansad.in/getFile/dms/fetch/f019c1c6-e171-4a23-9528-15bbb2b0b0b3?source=dsp2,/Users/alokkumardalei/Desktop/MPLED/MPLEDs/data/mp_profiles/images/ls_5550.jpg,cached,https://sansad.in/ls/members,2026-08-29T07:57:18.033216+00:00
Lok Sabha,4985,Pratap Chandra Sarangi,Bharatiya Janata Party,BJP,Balasore,Odisha,https://sansad.in/getFile/dms/fetch/8db2b095-6622-4456-9ce0-96b6640c5ac9?source=dsp2,/Users/alokkumardalei/Desktop/MPLED/MPLEDs/data/mp_profiles/images/ls_4985.jpg,cached,https://sansad.in/ls/members,2026-08-29T07:57:18.033216+00:00
Lok Sabha,4988,Aparajita Sarangi,Bharatiya Janata Party,BJP,Bhubaneswar,Odisha,https://sansad.in/getFile/dms/fetch/f4044958-6ee2-4d66-91fc-6b96b24cdd4e?source=dsp2,/Users/alokkumardalei/Desktop/MPLED/MPLEDs/data/mp_profiles/images/ls_4988.jpg,cached,https://sansad.in/ls/members,2026-08-29T07:57:18.033216+00:00
Lok Sabha,5768,Sharmila Sarkar,All India Trinamool Congress,AITC,Bardhaman Purba,West Bengal,https://sansad.in/getFile/dms/fetch/938a1ee6-1ab4-4dd7-a7ff-be7bfafa073f?source=dsp2,/Users/alokkumardalei/Desktop/MPLED/MPLEDs/data/mp_profiles/images/ls_5768.jpg,cached,https://sansad.in/ls/members,2026-08-29T07:57:18.033216+00:00
Lok Sabha,5055,Jagannath Sarkar,Bharatiya Janata Party,BJP,Ranaghat,West Bengal,https://sansad.in/getFile/dms/fetch/96b32bc2-2a41-4187-8137-84a6161e3f12?source=dsp2,/Users/alokkumardalei/Desktop/MPLED/MPLEDs/data/mp_profiles/images/ls_5055.jpg,cached,https://sansad.in/ls/members,2026-08-29T07:57:18.033216+00:00
Lok Sabha,5775,Priya Saroj,Samajwadi Party,SP,Machhlishahr,Uttar Pradesh,https://sansad.in/getFile/dms/fetch/70e36ffb-313d-49df-a2bd-71d468bf0bc2?source=dsp2,/Users/alokkumardalei/Desktop/MPLED/MPLEDs/data/mp_profiles/images/ls_5775.jpg,cached,https://sansad.in/ls/members,2026-08-29T07:57:18.033216+00:00
Lok Sabha,3916,Daroga Prasad Saroj,Samajwadi Party,SP,Lalganj,Uttar Pradesh,https://sansad.in/getFile/dms/fetch/bafa7b75-c0ba-48b9-b334-3550b34a8f77?source=dsp2,/Users/alokkumardalei/Desktop/MPLED/MPLEDs/data/mp_profiles/images/ls_3916.jpg,cached,https://sansad.in/ls/members,2026-08-29T07:57:18.033216+00:00
Lok Sabha,5804,Pushpendra Saroj,Samajwadi Party,SP,Kaushambi,Uttar Pradesh,https://sansad.in/getFile/dms/fetch/1b128ad8-4178-4b78-bce2-a919295e87cd?source=dsp2,/Users/alokkumardalei/Desktop/MPLED/MPLEDs/data/mp_profiles/images/ls_5804.jpg,cached,https://sansad.in/ls/members,2026-08-29T07:57:18.033216+00:00
Lok Sabha,5669,Hemant Vishnu Savara,Bharatiya Janata Party,BJP,Palghar,Maharashtra,https://sansad.in/getFile/dms/fetch/4d97d4bd-9964-460a-941a-c1e92b8f25f0?source=dsp2,/Users/alokkumardalei/Desktop/MPLED/MPLEDs/data/mp_profiles/images/ls_5669.jpg,cached,https://sansad.in/ls/members,2026-08-29T07:57:18.033216+00:00
Lok Sabha,4713,Arvind Ganpat Sawant,Shiv Sena (Uddhav Balasaheb Thackrey),SHSUBT,Mumbai South,Maharashtra,https://sansad.in/getFile/dms/fetch/bddeb022-5643-47e0-aa2c-57bdcda06e2c?source=dsp2,/Users/alokkumardalei/Desktop/MPLED/MPLEDs/data/mp_profiles/images/ls_4713.jpg,cached,https://sansad.in/ls/members,2026-08-29T07:57:18.033216+00:00
Lok Sabha,4349,Muhammed Hamdullah Sayeed,Indian National Congress,INC,Lakshadweep,Lakshadweep,https://sansad.in/getFile/dms/fetch/955035ac-07e4-4767-9392-60c9dfdd3b45?source=dsp2,/Users/alokkumardalei/Desktop/MPLED/MPLEDs/data/mp_profiles/images/ls_4349.jpg,cached,https://sansad.in/ls/members,2026-08-29T07:57:18.033216+00:00
Lok Sabha,3958,Jyotiraditya M Scindia,Bharatiya Janata Party,BJP,Guna,Madhya Pradesh,https://sansad.in/getFile/dms/fetch/459ffd5f-def4-4dc9-84c6-b567d043e2de?source=dsp2,/Users/alokkumardalei/Desktop/MPLED/MPLEDs/data/mp_profiles/images/ls_3958.jpg,cached,https://sansad.in/ls/members,2026-08-29T07:57:18.033216+00:00
Lok Sabha,5565,Kamaljeet Sehrawat,Bharatiya Janata Party,BJP,West Delhi,NCT of Delhi,https://sansad.in/getFile/dms/fetch/84037746-773e-46f5-a28a-821725a513fd?source=dsp2,/Users/alokkumardalei/Desktop/MPLED/MPLEDs/data/mp_profiles/images/ls_5565.jpg,cached,https://sansad.in/ls/members,2026-08-29T07:57:18.033216+00:00
Lok Sabha,407,Selvaganapathi T.M.,Dravida Munnetra Kazhagam,DMK,Salem,Tamil Nadu,https://sansad.in/getFile/dms/fetch/95603e74-9e62-4f34-8114-967dd524a585?source=dsp2,/Users/alokkumardalei/Desktop/MPLED/MPLEDs/data/mp_profiles/images/ls_407.jpg,cached,https://sansad.in/ls/members,2026-08-29T07:57:18.033216+00:00
Lok Sabha,5681,Sasikanth Senthil,Indian National Congress,INC,Tiruvallur,Tamil Nadu,https://sansad.in/getFile/dms/fetch/cd683242-fc4d-4e30-b0db-627f6f0c21be?source=dsp2,/Users/alokkumardalei/Desktop/MPLED/MPLEDs/data/mp_profiles/images/ls_5681.jpg,cached,https://sansad.in/ls/members,2026-08-29T07:57:18.033216+00:00
Lok Sabha,5117,Sanjay Seth,Bharatiya Janata Party,BJP,Ranchi,Jharkhand,https://sansad.in/getFile/dms/fetch/2dd57112-1d3d-446f-9edc-4b73d2b5ee17?source=dsp2,/Users/alokkumardalei/Desktop/MPLED/MPLEDs/data/mp_profiles/images/ls_5117.jpg,cached,https://sansad.in/ls/members,2026-08-29T07:57:18.033216+00:00
Lok Sabha,5610,Avimanyu Sethi,Bharatiya Janata Party,BJP,Bhadrak,Odisha,https://sansad.in/getFile/dms/fetch/4b841414-c640-45d7-b6bf-288e657767c7?source=dsp2,/Users/alokkumardalei/Desktop/MPLED/MPLEDs/data/mp_profiles/images/ls_5610.jpg,cached,https://sansad.in/ls/members,2026-08-29T07:57:18.033216+00:00
Lok Sabha,5687,Byreddy Shabari,Telugu Desam Party,TDP,Nandyal,Andhra Pradesh,https://sansad.in/getFile/dms/fetch/400e9a79-a023-43f4-bacf-323080c0b619?source=dsp2,/Users/alokkumardalei/Desktop/MPLED/MPLEDs/data/mp_profiles/images/ls_5687.jpg,cached,https://sansad.in/ls/members,2026-08-29T07:57:18.033216+00:00
Lok Sabha,5021,Amit Shah,Bharatiya Janata Party,BJP,Gandhinagar,Gujarat,https://sansad.in/getFile/dms/fetch/8ca0c0e1-f41e-462e-a5e0-bc651d1a6041?source=dsp2,/Users/alokkumardalei/Desktop/MPLED/MPLEDs/data/mp_profiles/images/ls_5021.jpg,cached,https://sansad.in/ls/members,2026-08-29T07:57:18.033216+00:00
Lok Sabha,4582,Mala Rajya Laxmi Shah,Bharatiya Janata Party,BJP,Tehri Garhwal,Uttarakhand,https://sansad.in/getFile/dms/fetch/dff2ed65-6bae-4dd3-a5a4-a2ae5dcf8181?source=dsp2,/Users/alokkumardalei/Desktop/MPLED/MPLEDs/data/mp_profiles/images/ls_4582.jpg,cached,https://sansad.in/ls/members,2026-08-29T07:57:18.033216+00:00
Lok Sabha,5656,Devesh Shakya,Samajwadi Party,SP,Etah,Uttar Pradesh,https://sansad.in/getFile/dms/fetch/a8339426-02e2-4d41-b0f2-72eda8cd1375?source=dsp2,/Users/alokkumardalei/Desktop/MPLED/MPLEDs/data/mp_profiles/images/ls_5656.jpg,cached,https://sansad.in/ls/members,2026-08-29T07:57:18.033216+00:00
Lok Sabha,4642,Mahesh Sharma,Bharatiya Janata Party,BJP,Gautam Buddha Nagar,Uttar Pradesh,https://sansad.in/getFile/dms/fetch/a4702778-fcba-4f2c-b3b2-7c5975fe4cb6?source=dsp2,/Users/alokkumardalei/Desktop/MPLED/MPLEDs/data/mp_profiles/images/ls_4642.jpg,cached,https://sansad.in/ls/members,2026-08-29T07:57:18.033216+00:00
Lok Sabha,5674,Alok Sharma,Bharatiya Janata Party,BJP,Bhopal,Madhya Pradesh,https://sansad.in/getFile/dms/fetch/fef39040-68b2-414b-886f-05d06de66ba2?source=dsp2,/Users/alokkumardalei/Desktop/MPLED/MPLEDs/data/mp_profiles/images/ls_5674.jpg,cached,https://sansad.in/ls/members,2026-08-29T07:57:18.033216+00:00
Lok Sabha,5148,Anurag Sharma,Bharatiya Janata Party,BJP,Jhansi,Uttar Pradesh,https://sansad.in/getFile/dms/fetch/52a2be7f-7532-4a87-b69c-48b16ff21851?source=dsp2,/Users/alokkumardalei/Desktop/MPLED/MPLEDs/data/mp_profiles/images/ls_5148.jpg,cached,https://sansad.in/ls/members,2026-08-29T07:57:18.033216+00:00
Lok Sabha,5066,Vishnu Datt Sharma,Bharatiya Janata Party,BJP,Khajuraho,Madhya Pradesh,https://sansad.in/getFile/dms/fetch/db9d738c-6cc6-4b7d-9360-aaa97378e680?source=dsp2,/Users/alokkumardalei/Desktop/MPLED/MPLEDs/data/mp_profiles/images/ls_5066.jpg,cached,https://sansad.in/ls/members,2026-08-29T07:57:18.033216+00:00
Lok Sabha,5619,Manju Sharma,Bharatiya Janata Party,BJP,Jaipur,Rajasthan,https://sansad.in/getFile/dms/fetch/846a3140-2885-463e-9de4-a53773263ded?source=dsp2,/Users/alokkumardalei/Desktop/MPLED/MPLEDs/data/mp_profiles/images/ls_5619.jpg,cached,https://sansad.in/ls/members,2026-08-29T07:57:18.033216+00:00
Lok Sabha,5830,Abdul Rashid Sheikh,Independent,Ind.,Baramulla,Jammu and Kashmir,https://sansad.in/getFile/dms/fetch/09ebf361-3e91-4ee7-871a-62e1ffaeb784?source=dsp2,/Users/alokkumardalei/Desktop/MPLED/MPLEDs/data/mp_profiles/images/ls_5830.jpg,cached,https://sansad.in/ls/members,2026-08-29T07:57:18.033216+00:00
Lok Sabha,5647,Chandra Shekhar,Azad Samaj Party (Kanshi Ram),ASP (KR),Nagina,Uttar Pradesh,https://sansad.in/getFile/dms/fetch/523eafbe-c217-4ac6-b836-62a19dc16beb?source=dsp2,/Users/alokkumardalei/Desktop/MPLED/MPLEDs/data/mp_profiles/images/ls_5647.jpg,cached,https://sansad.in/ls/members,2026-08-29T07:57:18.033216+00:00
Lok Sabha,4670,Gajendra Singh Shekhawat,Bharatiya Janata Party,BJP,Jodhpur,Rajasthan,https://sansad.in/getFile/dms/fetch/841cf163-5e85-4bc6-8921-016b6e8d3e6b?source=dsp2,/Users/alokkumardalei/Desktop/MPLED/MPLEDs/data/mp_profiles/images/ls_4670.jpg,cached,https://sansad.in/ls/members,2026-08-29T07:57:18.033216+00:00
Lok Sabha,4523,Suresh Kumar Shetkar,Indian National Congress,INC,Zahirabad,Telangana,https://sansad.in/getFile/dms/fetch/d585ef3a-2687-4340-99c8-dcc2e8c348aa?source=dsp2,/Users/alokkumardalei/Desktop/MPLED/MPLEDs/data/mp_profiles/images/ls_4523.jpg,cached,https://sansad.in/ls/members,2026-08-29T07:57:18.033216+00:00
Lok Sabha,5733,Jagadish Shettar,Bharatiya Janata Party,BJP,Belgaum,Karnataka,https://sansad.in/getFile/dms/fetch/4748b7a6-0444-480d-9186-d88128a4350e?source=dsp2,/Users/alokkumardalei/Desktop/MPLED/MPLEDs/data/mp_profiles/images/ls_5733.jpg,cached,https://sansad.in/ls/members,2026-08-29T07:57:18.033216+00:00
Lok Sabha,5617,Chandubhai Chhaganbhai Shihora,Bharatiya Janata Party,BJP,Surendranagar,Gujarat,https://sansad.in/getFile/dms/fetch/5457c729-51d7-4762-9e52-a9a9eba43665?source=dsp2,/Users/alokkumardalei/Desktop/MPLED/MPLEDs/data/mp_profiles/images/ls_5617.jpg,cached,https://sansad.in/ls/members,2026-08-29T07:57:18.033216+00:00
Lok Sabha,4659,Shrikant Eknath Shinde,Shiv Sena,SS,Kalyan,Maharashtra,https://sansad.in/getFile/dms/fetch/5aa6a91a-9bec-4f54-a6ef-90038cd8d773?source=dsp2,/Users/alokkumardalei/Desktop/MPLED/MPLEDs/data/mp_profiles/images/ls_4659.jpg,cached,https://sansad.in/ls/members,2026-08-29T07:57:18.033216+00:00
Lok Sabha,5759,Praniti Sushilkumar Shinde,Indian National Congress,INC,Solapur,Maharashtra,https://sansad.in/getFile/dms/fetch/b2a2a14e-2db9-4025-9629-126cf84281c1?source=dsp2,/Users/alokkumardalei/Desktop/MPLED/MPLEDs/data/mp_profiles/images/ls_5759.jpg,cached,https://sansad.in/ls/members,2026-08-29T07:57:18.033216+00:00
Lok Sabha,5633,Mohibbullah,Samajwadi Party,SP,Rampur,Uttar Pradesh,https://sansad.in/getFile/dms/fetch/4a8f06bf-7f64-4b15-84bd-32d60d7b93b7?source=dsp2,/Users/alokkumardalei/Desktop/MPLED/MPLEDs/data/mp_profiles/images/ls_5633.jpg,cached,https://sansad.in/ls/members,2026-08-29T07:57:18.033216+00:00
Lok Sabha,4638,Janardan Singh Sigriwal,Bharatiya Janata Party,BJP,Maharajganj,Bihar,https://sansad.in/getFile/dms/fetch/e1457e2a-07bf-4ccb-86b3-347aba35da89?source=dsp2,/Users/alokkumardalei/Desktop/MPLED/MPLEDs/data/mp_profiles/images/ls_4638.jpg,cached,https://sansad.in/ls/members,2026-08-29T07:57:18.033216+00:00
Lok Sabha,5169,Amar Singh,Indian National Congress,INC,Fatehgarh Sahib,Punjab,https://sansad.in/getFile/dms/fetch/d1b686f6-ec8c-40b6-bd8b-4f65a07bb618?source=dsp2,/Users/alokkumardalei/Desktop/MPLED/MPLEDs/data/mp_profiles/images/ls_5169.jpg,cached,https://sansad.in/ls/members,2026-08-29T07:57:18.033216+00:00
Lok Sabha,4605,Bhola Singh,Bharatiya Janata Party,BJP,Bulandshahr,Uttar Pradesh,https://sansad.in/getFile/dms/fetch/5759a2f7-1db5-4c69-8b28-51fb4b435994?source=dsp2,/Users/alokkumardalei/Desktop/MPLED/MPLEDs/data/mp_profiles/images/ls_4605.jpg,cached,https://sansad.in/ls/members,2026-08-29T07:57:18.033216+00:00
Lok Sabha,4718,Jitendra Singh,Bharatiya Janata Party,BJP,Udhampur,Jammu and Kashmir,https://sansad.in/getFile/dms/fetch/688a475c-7ab3-4e13-904a-0509201e0da8?source=dsp2,/Users/alokkumardalei/Desktop/MPLED/MPLEDs/data/mp_profiles/images/ls_4718.jpg,cached,https://sansad.in/ls/members,2026-08-29T07:57:18.033216+00:00
Lok Sabha,5832,Amritpal Singh,Independent,Ind.,Khadoor Sahib,Punjab,https://sansad.in/getFile/dms/fetch/ce340406-8beb-4025-aa87-f72e89bc445d?source=dsp2,/Users/alokkumardalei/Desktop/MPLED/MPLEDs/data/mp_profiles/images/ls_5832.jpg,cached,https://sansad.in/ls/members,2026-08-29T07:57:18.033216+00:00
Lok Sabha,4664,Devendra Singh Alias Bhole Singh,Bharatiya Janata Party,BJP,Akbarpur,Uttar Pradesh,https://sansad.in/getFile/dms/fetch/50d6574e-04b6-49af-91ff-3ae1bfad19e7?source=dsp2,/Users/alokkumardalei/Desktop/MPLED/MPLEDs/data/mp_profiles/images/ls_4664.jpg,cached,https://sansad.in/ls/members,2026-08-29T07:57:18.033216+00:00
Lok Sabha,4647,Dharambir Singh,Bharatiya Janata Party,BJP,Bhiwani-Mahendragarh,Haryana,https://sansad.in/getFile/dms/fetch/fb17796b-b954-4985-a194-4a5d0040dca3?source=dsp2,/Users/alokkumardalei/Desktop/MPLED/MPLEDs/data/mp_profiles/images/ls_4647.jpg,cached,https://sansad.in/ls/members,2026-08-29T07:57:18.033216+00:00
Lok Sabha,4005,Dushyant Singh,Bharatiya Janata Party,BJP,Jhalawar-Baran,Rajasthan,https://sansad.in/getFile/dms/fetch/3c7a2a39-c70d-4c69-93be-e8646945d926?source=dsp2,/Users/alokkumardalei/Desktop/MPLED/MPLEDs/data/mp_profiles/images/ls_4005.jpg,cached,https://sansad.in/ls/members,2026-08-29T07:57:18.033216+00:00
Lok Sabha,3986,Ganesh Singh,Bharatiya Janata Party,BJP,Satna,Madhya Pradesh,https://sansad.in/getFile/dms/fetch/b751abf7-a5f5-4ecc-b2a8-f10d94c022c4?source=dsp2,/Users/alokkumardalei/Desktop/MPLED/MPLEDs/data/mp_profiles/images/ls_3986.jpg,cached,https://sansad.in/ls/members,2026-08-29T07:57:18.033216+00:00
Lok Sabha,4641,Giriraj Singh,Bharatiya Janata Party,BJP,Begusarai,Bihar,https://sansad.in/getFile/dms/fetch/494dbaa6-521c-4c6c-8768-e3595e9fd0f9?source=dsp2,/Users/alokkumardalei/Desktop/MPLED/MPLEDs/data/mp_profiles/images/ls_4641.jpg,cached,https://sansad.in/ls/members,2026-08-29T07:57:18.033216+00:00
Lok Sabha,5618,Kali Charan Singh,Bharatiya Janata Party,BJP,Chatra,Jharkhand,https://sansad.in/getFile/dms/fetch/3a93105a-b4e3-4757-a02e-981d8e6114d2?source=dsp2,/Users/alokkumardalei/Desktop/MPLED/MPLEDs/data/mp_profiles/images/ls_5618.jpg,cached,https://sansad.in/ls/members,2026-08-29T07:57:18.033216+00:00
Lok Sabha,5581,Karan Bhushan Singh,Bharatiya Janata Party,BJP,Kaiserganj,Uttar Pradesh,https://sansad.in/getFile/dms/fetch/20caad9a-7ce1-4667-af9e-ec3774158eec?source=dsp2,/Users/alokkumardalei/Desktop/MPLED/MPLEDs/data/mp_profiles/images/ls_5581.jpg,cached,https://sansad.in/ls/members,2026-08-29T07:57:18.033216+00:00
Lok Sabha,3926,Kirti Vardhan Singh,Bharatiya Janata Party,BJP,Gonda,Uttar Pradesh,https://sansad.in/getFile/dms/fetch/89616171-58ee-4cdd-80d9-8acd53ff5d07?source=dsp2,/Users/alokkumardalei/Desktop/MPLED/MPLEDs/data/mp_profiles/images/ls_3926.jpg,cached,https://sansad.in/ls/members,2026-08-29T07:57:18.033216+00:00
Lok Sabha,4459,Pradeep Kumar Singh,Bharatiya Janata Party,BJP,Araria,Bihar,https://sansad.in/getFile/dms/fetch/34932640-b97f-4bb1-9098-c57075b8aedc?source=dsp2,/Users/alokkumardalei/Desktop/MPLED/MPLEDs/data/mp_profiles/images/ls_4459.jpg,cached,https://sansad.in/ls/members,2026-08-29T07:57:18.033216+00:00
Lok Sabha,451,Radha Mohan Singh,Bharatiya Janata Party,BJP,Purvi Champaran,Bihar,https://sansad.in/getFile/dms/fetch/bb458856-0bd3-4f53-b266-638ea4f55c91?source=dsp2,/Users/alokkumardalei/Desktop/MPLED/MPLEDs/data/mp_profiles/images/ls_451.jpg,cached,https://sansad.in/ls/members,2026-08-29T07:57:18.033216+00:00
Lok Sabha,5642,Raja Ram Singh,Communist Party of India (Marxist-Leninist) Liberation,CPI(ML)(L),Karakat,Bihar,https://sansad.in/getFile/dms/fetch/369efcbe-e374-48ae-9446-cb17270e58a7?source=dsp2,/Users/alokkumardalei/Desktop/MPLED/MPLEDs/data/mp_profiles/images/ls_5642.jpg,cached,https://sansad.in/ls/members,2026-08-29T07:57:18.033216+00:00
Lok Sabha,4134,Rajiv Ranjan Singh,Janata Dal (United),JD(U),Munger,Bihar,https://sansad.in/getFile/dms/fetch/6e555ca8-2d10-4a7e-8ba8-eb3011625d68?source=dsp2,/Users/alokkumardalei/Desktop/MPLED/MPLEDs/data/mp_profiles/images/ls_4134.jpg,cached,https://sansad.in/ls/members,2026-08-29T07:57:18.033216+00:00
Lok Sabha,4268,Rajnath Singh,Bharatiya Janata Party,BJP,Lucknow,Uttar Pradesh,https://sansad.in/getFile/dms/fetch/5073039c-aa2e-478d-9d94-210c01a533eb?source=dsp2,/Users/alokkumardalei/Desktop/MPLED/MPLEDs/data/mp_profiles/images/ls_4268.jpg,cached,https://sansad.in/ls/members,2026-08-29T07:57:18.033216+00:00
Lok Sabha,3904,Rao Inderjit Singh,Bharatiya Janata Party,BJP,Gurgaon,Haryana,https://sansad.in/getFile/dms/fetch/0f18e7ab-a695-4b47-8789-e81c4ed41de6?source=dsp2,/Users/alokkumardalei/Desktop/MPLED/MPLEDs/data/mp_profiles/images/ls_3904.jpg,cached,https://sansad.in/ls/members,2026-08-29T07:57:18.033216+00:00
Lok Sabha,5632,Rao Rajendra Singh,Bharatiya Janata Party,BJP,Jaipur Rural,Rajasthan,https://sansad.in/getFile/dms/fetch/141bd1b3-96f6-4769-9e3d-dca187a590e6?source=dsp2,/Users/alokkumardalei/Desktop/MPLED/MPLEDs/data/mp_profiles/images/ls_5632.jpg,cached,https://sansad.in/ls/members,2026-08-29T07:57:18.033216+00:00
Lok Sabha,5634,Sudhakar Singh,Rashtriya Janata Dal,RJD,Buxar,Bihar,https://sansad.in/getFile/dms/fetch/c4e064bc-8cbb-42b1-9a73-8461d2c2917a?source=dsp2,/Users/alokkumardalei/Desktop/MPLED/MPLEDs/data/mp_profiles/images/ls_5634.jpg,cached,https://sansad.in/ls/members,2026-08-29T07:57:18.033216+00:00
Lok Sabha,5749,Ujjwal Raman Singh,Indian National Congress,INC,Allahabad,Uttar Pradesh,https://sansad.in/getFile/dms/fetch/0c57ac56-0d13-4449-9fc4-92a24ed7947f?source=dsp2,/Users/alokkumardalei/Desktop/MPLED/MPLEDs/data/mp_profiles/images/ls_5749.jpg,cached,https://sansad.in/ls/members,2026-08-29T07:57:18.033216+00:00
Lok Sabha,5651,Virendra Singh,Samajwadi Party,SP,Chandauli,Uttar Pradesh,https://sansad.in/getFile/dms/fetch/4c66e388-276f-4c09-9a45-c5754bb7edf5?source=dsp2,/Users/alokkumardalei/Desktop/MPLED/MPLEDs/data/mp_profiles/images/ls_5651.jpg,cached,https://sansad.in/ls/members,2026-08-29T07:57:18.033216+00:00
Lok Sabha,5070,Himadri Singh,Bharatiya Janata Party,BJP,Shahdol,Madhya Pradesh,https://sansad.in/getFile/dms/fetch/bfb17172-eb2e-4143-84f3-4fe07367a05b?source=dsp2,/Users/alokkumardalei/Desktop/MPLED/MPLEDs/data/mp_profiles/images/ls_5070.jpg,cached,https://sansad.in/ls/members,2026-08-29T07:57:18.033216+00:00
Lok Sabha,5646,Abhay Kumar Sinha,Rashtriya Janata Dal,RJD,Aurangabad,Bihar,https://sansad.in/getFile/dms/fetch/2b54472a-0ee2-485c-b528-f11a9481f4a1?source=dsp2,/Users/alokkumardalei/Desktop/MPLED/MPLEDs/data/mp_profiles/images/ls_5646.jpg,cached,https://sansad.in/ls/members,2026-08-29T07:57:18.033216+00:00
Lok Sabha,4468,Shatrughan Prasad Sinha,All India Trinamool Congress,AITC,Asansol,West Bengal,https://sansad.in/getFile/dms/fetch/a44deb94-bfe5-4fba-9bbf-f6a300180894?source=dsp2,/Users/alokkumardalei/Desktop/MPLED/MPLEDs/data/mp_profiles/images/ls_4468.jpg,cached,https://sansad.in/ls/members,2026-08-29T07:57:18.033216+00:00
Lok Sabha,5667,Kesineni Sivanath,Telugu Desam Party,TDP,Vijayawada,Andhra Pradesh,https://sansad.in/getFile/dms/fetch/66df624c-2d23-41e6-93c1-afe9d06f648a?source=dsp2,/Users/alokkumardalei/Desktop/MPLED/MPLEDs/data/mp_profiles/images/ls_5667.jpg,cached,https://sansad.in/ls/members,2026-08-29T07:57:18.033216+00:00
Lok Sabha,5685,Shambhavi,Lok Jan Shakti Party (Ram Vilas),LJSP(RV),Samastipur,Bihar,https://sansad.in/getFile/dms/fetch/e22a7ce7-9c36-4559-a5e8-fcbdb1d0e75e?source=dsp2,/Users/alokkumardalei/Desktop/MPLED/MPLEDs/data/mp_profiles/images/ls_5685.jpg,cached,https://sansad.in/ls/members,2026-08-29T07:57:18.033216+00:00
Lok Sabha,5061,Mahendra Singh Solanky,Bharatiya Janata Party,BJP,Dewas,Madhya Pradesh,https://sansad.in/getFile/dms/fetch/92a6ba81-e2ad-4fa0-8ba8-47ab10bbdf89?source=dsp2,/Users/alokkumardalei/Desktop/MPLED/MPLEDs/data/mp_profiles/images/ls_5061.jpg,cached,https://sansad.in/ls/members,2026-08-29T07:57:18.033216+00:00
Lok Sabha,5625,V Somanna,Bharatiya Janata Party,BJP,Tumkur,Karnataka,https://sansad.in/getFile/dms/fetch/eb6de82d-ad3f-49ac-b353-307eac664aed?source=dsp2,/Users/alokkumardalei/Desktop/MPLED/MPLEDs/data/mp_profiles/images/ls_5625.jpg,cached,https://sansad.in/ls/members,2026-08-29T07:57:18.033216+00:00
Lok Sabha,4163,Sarbananda Sonowal,Bharatiya Janata Party,BJP,Dibrugarh,Assam,https://sansad.in/getFile/dms/fetch/b17b7836-560a-4dda-bf0c-226bd594b3e6?source=dsp2,/Users/alokkumardalei/Desktop/MPLED/MPLEDs/data/mp_profiles/images/ls_4163.jpg,cached,https://sansad.in/ls/members,2026-08-29T07:57:18.033216+00:00
Lok Sabha,5645,Bajrang Manohar Sonwane,Nationalist Congress Party - Sharadchandra Pawar,NCPSP,Beed,Maharashtra,https://sansad.in/getFile/dms/fetch/6ad988ee-454d-45b9-bfda-5d1aac07bb46?source=dsp2,/Users/alokkumardalei/Desktop/MPLED/MPLEDs/data/mp_profiles/images/ls_5645.jpg,cached,https://sansad.in/ls/members,2026-08-29T07:57:18.033216+00:00
Lok Sabha,5826,Nalin Soren,Jharkhand Mukti Morcha,JMM,Dumka,Jharkhand,https://sansad.in/getFile/dms/fetch/9a98be88-a4aa-4a0e-a12f-266553bd8112?source=dsp2,/Users/alokkumardalei/Desktop/MPLED/MPLEDs/data/mp_profiles/images/ls_5826.jpg,cached,https://sansad.in/ls/members,2026-08-29T07:57:18.033216+00:00
Lok Sabha,5659,Adhikari Soumendu,Bharatiya Janata Party,BJP,Kanthi,West Bengal,https://sansad.in/getFile/dms/fetch/fb9ddcd0-7821-4722-84b3-522c774b1a56?source=dsp2,/Users/alokkumardalei/Desktop/MPLED/MPLEDs/data/mp_profiles/images/ls_5659.jpg,cached,https://sansad.in/ls/members,2026-08-29T07:57:18.033216+00:00
Lok Sabha,5128,V K Sreekandan,Indian National Congress,INC,Palakkad,Kerala,https://sansad.in/getFile/dms/fetch/4cc297e5-0111-4aac-98f7-1644f447fc9e?source=dsp2,/Users/alokkumardalei/Desktop/MPLED/MPLEDs/data/mp_profiles/images/ls_5128.jpg,cached,https://sansad.in/ls/members,2026-08-29T07:57:18.033216+00:00
Lok Sabha,5787,Rani Srikumar,Dravida Munnetra Kazhagam,DMK,Tenkasi,Tamil Nadu,https://sansad.in/getFile/dms/fetch/c60eddb5-9006-4bf6-82d9-90ef3e0a6826?source=dsp2,/Users/alokkumardalei/Desktop/MPLED/MPLEDs/data/mp_profiles/images/ls_5787.jpg,cached,https://sansad.in/ls/members,2026-08-29T07:57:18.033216+00:00
Lok Sabha,5676,Tangella Uday Srinivas,Janasena Party,JSP,Kakinada,Andhra Pradesh,https://sansad.in/getFile/dms/fetch/f39db0ec-d6fd-4e29-9082-988be777a6cf?source=dsp2,/Users/alokkumardalei/Desktop/MPLED/MPLEDs/data/mp_profiles/images/ls_5676.jpg,cached,https://sansad.in/ls/members,2026-08-29T07:57:18.033216+00:00
Lok Sabha,5111,Indra Hang Subba,Sikkim Krantikari Morcha,SKM,Sikkim,Sikkim,https://sansad.in/getFile/dms/fetch/47b9ad0c-7450-4ad9-bd3e-2c4cee60a5d2?source=dsp2,/Users/alokkumardalei/Desktop/MPLED/MPLEDs/data/mp_profiles/images/ls_5111.jpg,cached,https://sansad.in/ls/members,2026-08-29T07:57:18.033216+00:00
Lok Sabha,5597,Anita Subhadarshini,Bharatiya Janata Party,BJP,Aska,Odisha,https://sansad.in/getFile/dms/fetch/0ddc54e7-189d-4987-935a-fe64cbc105c2?source=dsp2,/Users/alokkumardalei/Desktop/MPLED/MPLEDs/data/mp_profiles/images/ls_5597.jpg,cached,https://sansad.in/ls/members,2026-08-29T07:57:18.033216+00:00
Lok Sabha,5602,K Sudhakar,Bharatiya Janata Party,BJP,Chikkballapur,Karnataka,https://sansad.in/getFile/dms/fetch/27d08111-6be3-4374-b578-5c035c5ecf64?source=dsp2,/Users/alokkumardalei/Desktop/MPLED/MPLEDs/data/mp_profiles/images/ls_5602.jpg,cached,https://sansad.in/ls/members,2026-08-29T07:57:18.033216+00:00
Lok Sabha,4558,K Sudhakaran,Indian National Congress,INC,Kannur,Kerala,https://sansad.in/getFile/dms/fetch/b2fcb3b4-b1b1-490f-9a8f-e75bbb1addd4?source=dsp2,/Users/alokkumardalei/Desktop/MPLED/MPLEDs/data/mp_profiles/images/ls_4558.jpg,cached,https://sansad.in/ls/members,2026-08-29T07:57:18.033216+00:00
Lok Sabha,5675,Parimal Suklabaidya,Bharatiya Janata Party,BJP,Silchar,Assam,https://sansad.in/getFile/dms/fetch/f5c87832-4195-4ddd-bfc3-980d5f090e4b?source=dsp2,/Users/alokkumardalei/Desktop/MPLED/MPLEDs/data/mp_profiles/images/ls_5675.jpg,cached,https://sansad.in/ls/members,2026-08-29T07:57:18.033216+00:00
Lok Sabha,4392,Supriya Sule,Nationalist Congress Party - Sharadchandra Pawar,NCPSP,Baramati,Maharashtra,https://sansad.in/getFile/dms/fetch/ef7db071-bb36-4439-978d-8f802868bd10?source=dsp2,/Users/alokkumardalei/Desktop/MPLED/MPLEDs/data/mp_profiles/images/ls_4392.jpg,cached,https://sansad.in/ls/members,2026-08-29T07:57:18.033216+00:00
Lok Sabha,5211,Alok Kumar Suman,Janata Dal (United),JD(U),Gopalganj,Bihar,https://sansad.in/getFile/dms/fetch/84cee4ce-2ce9-422d-b310-ce6d5715dd76?source=dsp2,/Users/alokkumardalei/Desktop/MPLED/MPLEDs/data/mp_profiles/images/ls_5211.jpg,cached,https://sansad.in/ls/members,2026-08-29T07:57:18.033216+00:00
Lok Sabha,477,Kodikunnil Suresh,Indian National Congress,INC,Mavelikkara,Kerala,https://sansad.in/getFile/dms/fetch/fa864adc-2b26-4d38-adaa-52a9046a098e?source=dsp2,/Users/alokkumardalei/Desktop/MPLED/MPLEDs/data/mp_profiles/images/ls_477.jpg,cached,https://sansad.in/ls/members,2026-08-29T07:57:18.033216+00:00
Lok Sabha,5748,Dhanorkar Pratibha Suresh,Indian National Congress,INC,Chandrapur,Maharashtra,https://sansad.in/getFile/dms/fetch/f9438d61-9075-4f74-8cf9-45deb3fbf156?source=dsp2,/Users/alokkumardalei/Desktop/MPLED/MPLEDs/data/mp_profiles/images/ls_5748.jpg,cached,https://sansad.in/ls/members,2026-08-29T07:57:18.033216+00:00
Lok Sabha,5182,Tejasvi Surya,Bharatiya Janata Party,BJP,Bangalore South,Karnataka,https://sansad.in/getFile/dms/fetch/7ba71f0a-aa4b-48cb-9487-170ba3937a6c?source=dsp2,/Users/alokkumardalei/Desktop/MPLED/MPLEDs/data/mp_profiles/images/ls_5182.jpg,cached,https://sansad.in/ls/members,2026-08-29T07:57:18.033216+00:00
Lok Sabha,5616,Bharatbhai Manubhai Sutariya,Bharatiya Janata Party,BJP,Amreli,Gujarat,https://sansad.in/getFile/dms/fetch/190e7788-5196-42b5-9c2a-64b4e313f0a8?source=dsp2,/Users/alokkumardalei/Desktop/MPLED/MPLEDs/data/mp_profiles/images/ls_5616.jpg,cached,https://sansad.in/ls/members,2026-08-29T07:57:18.033216+00:00
Lok Sabha,5588,Bansuri Swaraj,Bharatiya Janata Party,BJP,New Delhi,NCT of Delhi,https://sansad.in/getFile/dms/fetch/b363d345-48f1-4547-9904-8a8889a31aee?source=dsp2,/Users/alokkumardalei/Desktop/MPLED/MPLEDs/data/mp_profiles/images/ls_5588.jpg,cached,https://sansad.in/ls/members,2026-08-29T07:57:18.033216+00:00
Lok Sabha,5686,Thanga Tamilselvan,Dravida Munnetra Kazhagam,DMK,Theni,Tamil Nadu,https://sansad.in/getFile/dms/fetch/6d8d2118-7f33-453e-84bf-56de54432885?source=dsp2,/Users/alokkumardalei/Desktop/MPLED/MPLEDs/data/mp_profiles/images/ls_5686.jpg,cached,https://sansad.in/ls/members,2026-08-29T07:57:18.033216+00:00
Lok Sabha,4651,Ajay Tamta,Bharatiya Janata Party,BJP,Almora,Uttarakhand,https://sansad.in/getFile/dms/fetch/cdb55492-7ed8-4899-91f1-acebd81cea6e?source=dsp2,/Users/alokkumardalei/Desktop/MPLED/MPLEDs/data/mp_profiles/images/ls_4651.jpg,cached,https://sansad.in/ls/members,2026-08-29T07:57:18.033216+00:00
Lok Sabha,4607,Kanwar Singh Tanwar,Bharatiya Janata Party,BJP,Amroha,Uttar Pradesh,https://sansad.in/getFile/dms/fetch/f95d230f-a6fa-4a9a-8a92-6e2bdba39715?source=dsp2,/Users/alokkumardalei/Desktop/MPLED/MPLEDs/data/mp_profiles/images/ls_4607.jpg,cached,https://sansad.in/ls/members,2026-08-29T07:57:18.033216+00:00
Lok Sabha,4423,Bibhu Prasad Tarai,Bharatiya Janata Party,BJP,Jagatsinghpur,Odisha,https://sansad.in/getFile/dms/fetch/97905d96-a2fc-4b92-8ac2-0f7d68aee102?source=dsp2,/Users/alokkumardalei/Desktop/MPLED/MPLEDs/data/mp_profiles/images/ls_4423.jpg,cached,https://sansad.in/ls/members,2026-08-29T07:57:18.033216+00:00
Lok Sabha,4739,Kamakhya Prasad Tasa,Bharatiya Janata Party,BJP,Kaziranga,Assam,https://sansad.in/getFile/dms/fetch/4ce4c453-c574-47c3-a124-4ed9e66a2c45?source=dsp2,/Users/alokkumardalei/Desktop/MPLED/MPLEDs/data/mp_profiles/images/ls_4739.jpg,cached,https://sansad.in/ls/members,2026-08-29T07:57:18.033216+00:00
Lok Sabha,5680,Krishna Prasad Tenneti,Telugu Desam Party,TDP,Bapatla,Andhra Pradesh,https://sansad.in/getFile/dms/fetch/d2e7f8ea-f2a1-48a7-b62b-8fcaddf093ca?source=dsp2,/Users/alokkumardalei/Desktop/MPLED/MPLEDs/data/mp_profiles/images/ls_5680.jpg,cached,https://sansad.in/ls/members,2026-08-29T07:57:18.033216+00:00
Lok Sabha,4430,Manish Tewari,Indian National Congress,INC,Chandigarh,Chandigarh,https://sansad.in/getFile/dms/fetch/b73d19c8-b366-4450-bc39-9eb96c8e0591?source=dsp2,/Users/alokkumardalei/Desktop/MPLED/MPLEDs/data/mp_profiles/images/ls_4430.jpg,cached,https://sansad.in/ls/members,2026-08-29T07:57:18.033216+00:00
Lok Sabha,5744,Geniben Nagaji Thakor,Indian National Congress,INC,Banaskantha,Gujarat,https://sansad.in/getFile/dms/fetch/6c79f567-87eb-4ed4-b0ee-d8c7f87e9dfc?source=dsp2,/Users/alokkumardalei/Desktop/MPLED/MPLEDs/data/mp_profiles/images/ls_5744.jpg,cached,https://sansad.in/ls/members,2026-08-29T07:57:18.033216+00:00
Lok Sabha,4249,Anurag Singh Thakur,Bharatiya Janata Party,BJP,Hamirpur,Himachal Pradesh,https://sansad.in/getFile/dms/fetch/008c4692-27b4-435f-b7e1-0c1981724097?source=dsp2,/Users/alokkumardalei/Desktop/MPLED/MPLEDs/data/mp_profiles/images/ls_4249.jpg,cached,https://sansad.in/ls/members,2026-08-29T07:57:18.033216+00:00
Lok Sabha,5662,Devesh Chandra Thakur,Janata Dal (United),JD(U),Sitamarhi,Bihar,https://sansad.in/getFile/dms/fetch/5f7a385d-1efc-4fb6-a9ec-ebd5a9d1271d?source=dsp2,/Users/alokkumardalei/Desktop/MPLED/MPLEDs/data/mp_profiles/images/ls_5662.jpg,cached,https://sansad.in/ls/members,2026-08-29T07:57:18.033216+00:00
Lok Sabha,5176,Gopal Jee Thakur,Bharatiya Janata Party,BJP,Darbhanga,Bihar,https://sansad.in/getFile/dms/fetch/7a6b3734-c390-49c4-a27f-bb9c2cbbbc3e?source=dsp2,/Users/alokkumardalei/Desktop/MPLED/MPLEDs/data/mp_profiles/images/ls_5176.jpg,cached,https://sansad.in/ls/members,2026-08-29T07:57:18.033216+00:00
Lok Sabha,5036,Shantanu Thakur,Bharatiya Janata Party,BJP,Bangaon,West Bengal,https://sansad.in/getFile/dms/fetch/2b09c545-0b54-4173-ba73-739e48d2b93f?source=dsp2,/Users/alokkumardalei/Desktop/MPLED/MPLEDs/data/mp_profiles/images/ls_5036.jpg,cached,https://sansad.in/ls/members,2026-08-29T07:57:18.033216+00:00
Lok Sabha,5712,Vivek Thakur,Bharatiya Janata Party,BJP,Nawada,Bihar,https://sansad.in/getFile/dms/fetch/99635e5c-abf9-420a-815a-d7fd27785792?source=dsp2,/Users/alokkumardalei/Desktop/MPLED/MPLEDs/data/mp_profiles/images/ls_5712.jpg,cached,https://sansad.in/ls/members,2026-08-29T07:57:18.033216+00:00
Lok Sabha,4596,Savitri Thakur,Bharatiya Janata Party,BJP,Dhar,Madhya Pradesh,https://sansad.in/getFile/dms/fetch/294e5a52-7de0-4b6f-9c6a-9955caed90e5?source=dsp2,/Users/alokkumardalei/Desktop/MPLED/MPLEDs/data/mp_profiles/images/ls_4596.jpg,cached,https://sansad.in/ls/members,2026-08-29T07:57:18.033216+00:00
Lok Sabha,4961,T Sumathy Alias Thamizhachi Thangapandian,Dravida Munnetra Kazhagam,DMK,Chennai South,Tamil Nadu,https://sansad.in/getFile/dms/fetch/7086c4e7-fc0b-4566-907a-c951d270ca12?source=dsp2,/Users/alokkumardalei/Desktop/MPLED/MPLEDs/data/mp_profiles/images/ls_4961.jpg,cached,https://sansad.in/ls/members,2026-08-29T07:57:18.033216+00:00
Lok Sabha,4569,Shashi Tharoor,Indian National Congress,INC,Thiruvananthapuram,Kerala,https://sansad.in/getFile/dms/fetch/4e8a0bec-d47c-4691-b1df-4a1cb4b82c40?source=dsp2,/Users/alokkumardalei/Desktop/MPLED/MPLEDs/data/mp_profiles/images/ls_4569.jpg,cached,https://sansad.in/ls/members,2026-08-29T07:57:18.033216+00:00
Lok Sabha,4549,Thirumaavalavan Tholkappiyan,Viduthalai Chiruthaigal Katchi,VCK,Chidambaram,Tamil Nadu,https://sansad.in/getFile/dms/fetch/dfca72c0-7ed9-4464-9c92-9f71a5b572c8?source=dsp2,/Users/alokkumardalei/Desktop/MPLED/MPLEDs/data/mp_profiles/images/ls_4549.jpg,cached,https://sansad.in/ls/members,2026-08-29T07:57:18.033216+00:00
Lok Sabha,5596,Manoj Tigga,Bharatiya Janata Party,BJP,Alipurduars,West Bengal,https://sansad.in/getFile/dms/fetch/82a20348-ba78-40a6-b26a-f2f6c79e9c24?source=dsp2,/Users/alokkumardalei/Desktop/MPLED/MPLEDs/data/mp_profiles/images/ls_5596.jpg,cached,https://sansad.in/ls/members,2026-08-29T07:57:18.033216+00:00
Lok Sabha,5658,Amarsing Tisso,Bharatiya Janata Party,BJP,Diphu,Assam,https://sansad.in/getFile/dms/fetch/6da51d53-aa7c-4e75-849f-150b6b7f00c3?source=dsp2,/Users/alokkumardalei/Desktop/MPLED/MPLEDs/data/mp_profiles/images/ls_5658.jpg,cached,https://sansad.in/ls/members,2026-08-29T07:57:18.033216+00:00
Lok Sabha,4606,Manoj Tiwari,Bharatiya Janata Party,BJP,North East Delhi,NCT of Delhi,https://sansad.in/getFile/dms/fetch/55b6f30f-906d-4aaf-a839-fb631c1f2d28?source=dsp2,/Users/alokkumardalei/Desktop/MPLED/MPLEDs/data/mp_profiles/images/ls_4606.jpg,cached,https://sansad.in/ls/members,2026-08-29T07:57:18.033216+00:00
Lok Sabha,5604,Shivmangal Singh Tomar,Bharatiya Janata Party,BJP,Morena,Madhya Pradesh,https://sansad.in/getFile/dms/fetch/e7664aad-a0a6-4815-80e5-07526c9af59a?source=dsp2,/Users/alokkumardalei/Desktop/MPLED/MPLEDs/data/mp_profiles/images/ls_5604.jpg,cached,https://sansad.in/ls/members,2026-08-29T07:57:18.033216+00:00
Lok Sabha,5823,E Tukaram,Indian National Congress,INC,Bellary,Karnataka,https://sansad.in/getFile/dms/fetch/91e8b783-33ac-4134-9d6d-b4e9b2e936ea?source=dsp2,/Users/alokkumardalei/Desktop/MPLED/MPLEDs/data/mp_profiles/images/ls_5823.jpg,cached,https://sansad.in/ls/members,2026-08-29T07:57:18.033216+00:00
Lok Sabha,5057,Durgadas D D Uikey,Bharatiya Janata Party,BJP,Betul,Madhya Pradesh,https://sansad.in/getFile/dms/fetch/56683eec-489c-4f8b-8d9e-75736852ca80?source=dsp2,/Users/alokkumardalei/Desktop/MPLED/MPLEDs/data/mp_profiles/images/ls_5057.jpg,cached,https://sansad.in/ls/members,2026-08-29T07:57:18.033216+00:00
Lok Sabha,4996,Saptagiri Sankar Ulaka,Indian National Congress,INC,Koraput,Odisha,https://sansad.in/getFile/dms/fetch/95f21a7a-3ba8-4118-ad71-02630a2ab55b?source=dsp2,/Users/alokkumardalei/Desktop/MPLED/MPLEDs/data/mp_profiles/images/ls_4996.jpg,cached,https://sansad.in/ls/members,2026-08-29T07:57:18.033216+00:00
Lok Sabha,5127,Rajmohan Unnithan,Indian National Congress,INC,Kasaragod,Kerala,https://sansad.in/getFile/dms/fetch/23b3361c-8011-4431-9115-720e17d4a3cd?source=dsp2,/Users/alokkumardalei/Desktop/MPLED/MPLEDs/data/mp_profiles/images/ls_5127.jpg,cached,https://sansad.in/ls/members,2026-08-29T07:57:18.033216+00:00
Lok Sabha,5800,Selvaraj V,Communist Party of India,CPI,Nagapattinam,Tamil Nadu,https://sansad.in/getFile/dms/fetch/4ae9a52f-31c8-4e3d-8c16-933c9c3e9449?source=dsp2,/Users/alokkumardalei/Desktop/MPLED/MPLEDs/data/mp_profiles/images/ls_5800.jpg,cached,https://sansad.in/ls/members,2026-08-29T07:57:18.033216+00:00
Lok Sabha,5836,Priyanka Gandhi Vadra,Indian National Congress,INC,Wayanad,Kerala,https://sansad.in/getFile/dms/fetch/4e5d027a-4854-4881-9a3b-18c471532975?source=dsp2,/Users/alokkumardalei/Desktop/MPLED/MPLEDs/data/mp_profiles/images/ls_5836.jpg,cached,https://sansad.in/ls/members,2026-08-29T07:57:18.033216+00:00
Lok Sabha,5828,Durai Vaiko,Marumalarchi Dravida Munnetra Kazhagam,MDMK,Tiruchirappalli,Tamil Nadu,https://sansad.in/getFile/dms/fetch/91af451b-c27e-4e37-9f77-3ce7fe1cc2b9?source=dsp2,/Users/alokkumardalei/Desktop/MPLED/MPLEDs/data/mp_profiles/images/ls_5828.jpg,cached,https://sansad.in/ls/members,2026-08-29T07:57:18.033216+00:00
Lok Sabha,5120,Ve Vaithilingam,Indian National Congress,INC,Puducherry,Puducherry,https://sansad.in/getFile/dms/fetch/c4779294-8e18-4306-8968-7d9d68a6eb02?source=dsp2,/Users/alokkumardalei/Desktop/MPLED/MPLEDs/data/mp_profiles/images/ls_5120.jpg,cached,https://sansad.in/ls/members,2026-08-29T07:57:18.033216+00:00
Lok Sabha,4021,Balashowry Vallabhaneni,Janasena Party,JSP,Machilipatnam,Andhra Pradesh,https://sansad.in/getFile/dms/fetch/efb20027-79b9-4d4f-91af-b54b213c7c14?source=dsp2,/Users/alokkumardalei/Desktop/MPLED/MPLEDs/data/mp_profiles/images/ls_4021.jpg,cached,https://sansad.in/ls/members,2026-08-29T07:57:18.033216+00:00
Lok Sabha,5576,Anoop Pradhan Valmiki,Bharatiya Janata Party,BJP,Hathras,Uttar Pradesh,https://sansad.in/getFile/dms/fetch/fd9e57fa-2080-4178-9fe2-589936872913?source=dsp2,/Users/alokkumardalei/Desktop/MPLED/MPLEDs/data/mp_profiles/images/ls_5576.jpg,cached,https://sansad.in/ls/members,2026-08-29T07:57:18.033216+00:00
Lok Sabha,5600,Richard Vanlalhmangaiha,Zoram Peoples Movement,ZPM,Mizoram,Mizoram,https://sansad.in/getFile/dms/fetch/085432dd-2003-419d-a086-b13a7ced03dc?source=dsp2,/Users/alokkumardalei/Desktop/MPLED/MPLEDs/data/mp_profiles/images/ls_5600.jpg,cached,https://sansad.in/ls/members,2026-08-29T07:57:18.033216+00:00
Lok Sabha,5533,Vijayakumar Alias Vijay Vasanth,Indian National Congress,INC,Kanniyakumari,Tamil Nadu,https://sansad.in/getFile/dms/fetch/ccbf4c94-d024-4281-8a05-39b484eff335?source=dsp2,/Users/alokkumardalei/Desktop/MPLED/MPLEDs/data/mp_profiles/images/ls_5533.jpg,cached,https://sansad.in/ls/members,2026-08-29T07:57:18.033216+00:00
Lok Sabha,5835,Chavan Ravindra Vasantrao,Indian National Congress,INC,Nanded,Maharashtra,https://sansad.in/getFile/dms/fetch/ae85460b-649f-4a0e-a887-10a6374eae10?source=dsp2,/Users/alokkumardalei/Desktop/MPLED/MPLEDs/data/mp_profiles/images/ls_5835.jpg,cached,https://sansad.in/ls/members,2026-08-29T07:57:18.033216+00:00
Lok Sabha,501,Mansukhbhai Dhanjibhai Vasava,Bharatiya Janata Party,BJP,Bharuch,Gujarat,https://sansad.in/getFile/dms/fetch/8421b3e4-965b-4a06-8d75-8be3b6c09497?source=dsp2,/Users/alokkumardalei/Desktop/MPLED/MPLEDs/data/mp_profiles/images/ls_501.jpg,cached,https://sansad.in/ls/members,2026-08-29T07:57:18.033216+00:00
Lok Sabha,4757,Parbhubhai Nagarbhai Vasava,Bharatiya Janata Party,BJP,Bardoli,Gujarat,https://sansad.in/getFile/dms/fetch/58263224-04de-47c9-8529-f08da14653e1?source=dsp2,/Users/alokkumardalei/Desktop/MPLED/MPLEDs/data/mp_profiles/images/ls_4757.jpg,cached,https://sansad.in/ls/members,2026-08-29T07:57:18.033216+00:00
Lok Sabha,4959,Kalanidhi Veeraswamy,Dravida Munnetra Kazhagam,DMK,Chennai North,Tamil Nadu,https://sansad.in/getFile/dms/fetch/f72de815-9272-4d1c-8514-8316723d137d?source=dsp2,/Users/alokkumardalei/Desktop/MPLED/MPLEDs/data/mp_profiles/images/ls_4959.jpg,cached,https://sansad.in/ls/members,2026-08-29T07:57:18.033216+00:00
Lok Sabha,5765,Prabhakar Reddy Vemireddy,Telugu Desam Party,TDP,Nellore,Andhra Pradesh,https://sansad.in/getFile/dms/fetch/847132e4-7abd-4f37-9f07-86e465cf4201?source=dsp2,/Users/alokkumardalei/Desktop/MPLED/MPLEDs/data/mp_profiles/images/ls_5765.jpg,cached,https://sansad.in/ls/members,2026-08-29T07:57:18.033216+00:00
Lok Sabha,4965,S Venkatesan,Communist Party of India (Marxist),CPI(M),Madurai,Tamil Nadu,https://sansad.in/getFile/dms/fetch/31043000-0a5a-4923-9e11-c0b9cab4ed42?source=dsp2,/Users/alokkumardalei/Desktop/MPLED/MPLEDs/data/mp_profiles/images/ls_4965.jpg,cached,https://sansad.in/ls/members,2026-08-29T07:57:18.033216+00:00
Lok Sabha,4567,K C Venugopal,Indian National Congress,INC,Alappuzha,Kerala,https://sansad.in/getFile/dms/fetch/f5036618-a43a-4b9a-bec2-5350581e5cc2?source=dsp2,/Users/alokkumardalei/Desktop/MPLED/MPLEDs/data/mp_profiles/images/ls_4567.jpg,cached,https://sansad.in/ls/members,2026-08-29T07:57:18.033216+00:00
Lok Sabha,5794,Lalji Verma,Samajwadi Party,SP,Ambedkar Nagar,Uttar Pradesh,https://sansad.in/getFile/dms/fetch/e3a6abc7-4c17-4ba3-8d43-2a60a3a7fd5b?source=dsp2,/Users/alokkumardalei/Desktop/MPLED/MPLEDs/data/mp_profiles/images/ls_5794.jpg,cached,https://sansad.in/ls/members,2026-08-29T07:57:18.033216+00:00
Lok Sabha,5605,Rajesh Verma,Lok Jan Shakti Party (Ram Vilas),LJSP(RV),Khagaria,Bihar,https://sansad.in/getFile/dms/fetch/2c9f4e5c-6bef-4b0e-90a3-2389ecb5d92a?source=dsp2,/Users/alokkumardalei/Desktop/MPLED/MPLEDs/data/mp_profiles/images/ls_5605.jpg,cached,https://sansad.in/ls/members,2026-08-29T07:57:18.033216+00:00
Lok Sabha,5164,Ram Shiromani Verma,Samajwadi Party,SP,Shrawasti,Uttar Pradesh,https://sansad.in/getFile/dms/fetch/4f8aedd0-9dfd-4d6b-b18f-e5d6d76c8de2?source=dsp2,/Users/alokkumardalei/Desktop/MPLED/MPLEDs/data/mp_profiles/images/ls_5164.jpg,cached,https://sansad.in/ls/members,2026-08-29T07:57:18.033216+00:00
Lok Sabha,5706,Ruchi Vira,Samajwadi Party,SP,Moradabad,Uttar Pradesh,https://sansad.in/getFile/dms/fetch/d9910ce8-598c-4503-ba6b-cb6391fab8ff?source=dsp2,/Users/alokkumardalei/Desktop/MPLED/MPLEDs/data/mp_profiles/images/ls_5706.jpg,cached,https://sansad.in/ls/members,2026-08-29T07:57:18.033216+00:00
Lok Sabha,5682,Yaduveer Wadiyar,Bharatiya Janata Party,BJP,Mysore,Karnataka,https://sansad.in/getFile/dms/fetch/426fb98c-4ff3-4f2b-b80c-a85d73281dda?source=dsp2,/Users/alokkumardalei/Desktop/MPLED/MPLEDs/data/mp_profiles/images/ls_5682.jpg,cached,https://sansad.in/ls/members,2026-08-29T07:57:18.033216+00:00
Lok Sabha,5723,Smita Uday Wagh,Bharatiya Janata Party,BJP,Jalgaon,Maharashtra,https://sansad.in/getFile/dms/fetch/e4cfd502-99e5-49da-9d12-2e11ef5c10cf?source=dsp2,/Users/alokkumardalei/Desktop/MPLED/MPLEDs/data/mp_profiles/images/ls_5723.jpg,cached,https://sansad.in/ls/members,2026-08-29T07:57:18.033216+00:00
Lok Sabha,5701,Ravindra Dattaram Waikar,Shiv Sena,SS,Mumbai North West,Maharashtra,https://sansad.in/getFile/dms/fetch/79610099-7d62-4829-a6a8-4a468c611235?source=dsp2,/Users/alokkumardalei/Desktop/MPLED/MPLEDs/data/mp_profiles/images/ls_5701.jpg,cached,https://sansad.in/ls/members,2026-08-29T07:57:18.033216+00:00
Lok Sabha,5790,Rajabhau Parag Prakash Waje,Shiv Sena (Uddhav Balasaheb Thackrey),SHSUBT,Nashik,Maharashtra,https://sansad.in/getFile/dms/fetch/ac593996-3c2d-4a12-80f2-ad66f06031aa?source=dsp2,/Users/alokkumardalei/Desktop/MPLED/MPLEDs/data/mp_profiles/images/ls_5790.jpg,cached,https://sansad.in/ls/members,2026-08-29T07:57:18.033216+00:00
Lok Sabha,4385,Bhausaheb Rajaram Wakchaure,Shiv Sena,SS,Shirdi,Maharashtra,https://sansad.in/getFile/dms/fetch/8cf51197-74bb-40bc-98de-886ea965e2fc?source=dsp2,/Users/alokkumardalei/Desktop/MPLED/MPLEDs/data/mp_profiles/images/ls_4385.jpg,cached,https://sansad.in/ls/members,2026-08-29T07:57:18.033216+00:00
Lok Sabha,5713,Balwant Baswant Wankhade,Indian National Congress,INC,Amravati,Maharashtra,https://sansad.in/getFile/dms/fetch/a635f1a0-4e98-46ae-8370-462e853d4032?source=dsp2,/Users/alokkumardalei/Desktop/MPLED/MPLEDs/data/mp_profiles/images/ls_5713.jpg,cached,https://sansad.in/ls/members,2026-08-29T07:57:18.033216+00:00
Lok Sabha,5692,Lata Wankhede,Bharatiya Janata Party,BJP,Sagar,Madhya Pradesh,https://sansad.in/getFile/dms/fetch/ac1b210b-b9b1-42ef-8c76-641b163a7796?source=dsp2,/Users/alokkumardalei/Desktop/MPLED/MPLEDs/data/mp_profiles/images/ls_5692.jpg,cached,https://sansad.in/ls/members,2026-08-29T07:57:18.033216+00:00
Lok Sabha,5747,Amrinder Singh Raja Warring,Indian National Congress,INC,Ludhiana,Punjab,https://sansad.in/getFile/dms/fetch/f817f1cd-b579-40cf-bec0-9591f1ac4b64?source=dsp2,/Users/alokkumardalei/Desktop/MPLED/MPLEDs/data/mp_profiles/images/ls_5747.jpg,cached,https://sansad.in/ls/members,2026-08-29T07:57:18.033216+00:00
Lok Sabha,5802,Aditya Yadav,Samajwadi Party,SP,Badaun,Uttar Pradesh,https://sansad.in/getFile/dms/fetch/5874f9f9-9cad-490d-9797-5ec524b52580?source=dsp2,/Users/alokkumardalei/Desktop/MPLED/MPLEDs/data/mp_profiles/images/ls_5802.jpg,cached,https://sansad.in/ls/members,2026-08-29T07:57:18.033216+00:00
Lok Sabha,564,Akhilesh Yadav,Samajwadi Party,SP,Kannauj,Uttar Pradesh,https://sansad.in/getFile/dms/fetch/f1f8ac05-8c70-4ee6-9d89-e0fb3e3c9c11?source=dsp2,/Users/alokkumardalei/Desktop/MPLED/MPLEDs/data/mp_profiles/images/ls_564.jpg,cached,https://sansad.in/ls/members,2026-08-29T07:57:18.033216+00:00
Lok Sabha,4779,Akshay Yadav,Samajwadi Party,SP,Firozabad,Uttar Pradesh,https://sansad.in/getFile/dms/fetch/740a6275-0f94-4770-9d5d-2e62c1a17a55?source=dsp2,/Users/alokkumardalei/Desktop/MPLED/MPLEDs/data/mp_profiles/images/ls_4779.jpg,cached,https://sansad.in/ls/members,2026-08-29T07:57:18.033216+00:00
Lok Sabha,5217,Ashok Kumar Yadav,Bharatiya Janata Party,BJP,Madhubani,Bihar,https://sansad.in/getFile/dms/fetch/82cbbdf4-51c1-4b22-b982-917140135628?source=dsp2,/Users/alokkumardalei/Desktop/MPLED/MPLEDs/data/mp_profiles/images/ls_5217.jpg,cached,https://sansad.in/ls/members,2026-08-29T07:57:18.033216+00:00
Lok Sabha,5541,Bhupender Yadav,Bharatiya Janata Party,BJP,Alwar,Rajasthan,https://sansad.in/getFile/dms/fetch/7163c96d-c5bc-4889-810f-565dd74da85e?source=dsp2,/Users/alokkumardalei/Desktop/MPLED/MPLEDs/data/mp_profiles/images/ls_5541.jpg,cached,https://sansad.in/ls/members,2026-08-29T07:57:18.033216+00:00
Lok Sabha,4206,Dharmendra Yadav,Samajwadi Party,SP,Azamgarh,Uttar Pradesh,https://sansad.in/getFile/dms/fetch/6dc5ebb8-4197-4b71-b3ec-e737c55120de?source=dsp2,/Users/alokkumardalei/Desktop/MPLED/MPLEDs/data/mp_profiles/images/ls_4206.jpg,cached,https://sansad.in/ls/members,2026-08-29T07:57:18.033216+00:00
Lok Sabha,527,Dinesh Chandra Yadav,Janata Dal (United),JD(U),Madhepura,Bihar,https://sansad.in/getFile/dms/fetch/e99f905e-8a17-468e-b03c-186c44a2cbac?source=dsp2,/Users/alokkumardalei/Desktop/MPLED/MPLEDs/data/mp_profiles/images/ls_527.jpg,cached,https://sansad.in/ls/members,2026-08-29T07:57:18.033216+00:00
Lok Sabha,3830,Giridhari Yadav,Janata Dal (United),JD(U),Banka,Bihar,https://sansad.in/getFile/dms/fetch/faa4d4d2-9959-479e-9d22-c7792842c412?source=dsp2,/Users/alokkumardalei/Desktop/MPLED/MPLEDs/data/mp_profiles/images/ls_3830.jpg,cached,https://sansad.in/ls/members,2026-08-29T07:57:18.033216+00:00
Lok Sabha,3955,Surendra Prasad Yadav,Rashtriya Janata Dal,RJD,Jahanabad,Bihar,https://sansad.in/getFile/dms/fetch/759dc9ef-c5f4-4833-8ddb-b0c3c91fffb9?source=dsp2,/Users/alokkumardalei/Desktop/MPLED/MPLEDs/data/mp_profiles/images/ls_3955.jpg,cached,https://sansad.in/ls/members,2026-08-29T07:57:18.033216+00:00
Lok Sabha,4580,Dimple Yadav,Samajwadi Party,SP,Mainpuri,Uttar Pradesh,https://sansad.in/getFile/dms/fetch/1182f4bc-d306-4d38-b8fd-f0f3612c7c23?source=dsp2,/Users/alokkumardalei/Desktop/MPLED/MPLEDs/data/mp_profiles/images/ls_4580.jpg,cached,https://sansad.in/ls/members,2026-08-29T07:57:18.033216+00:00
Lok Sabha,5818,Pathan Yusuf,All India Trinamool Congress,AITC,Baharampur,West Bengal,https://sansad.in/getFile/dms/fetch/98fb2539-0a8a-4033-befd-eb194b21c867?source=dsp2,/Users/alokkumardalei/Desktop/MPLED/MPLEDs/data/mp_profiles/images/ls_5818.jpg,cached,https://sansad.in/ls/members,2026-08-29T07:57:18.033216+00:00
Rajya Sabha,1929,"Abdul Wahab, Shri",Indian Union Muslim League,IUML,,Keralam,https://sansad.in/getFile/newmembers/photos/P1929.jpg?source=rajyasabha,/Users/alokkumardalei/Desktop/MPLED/MPLEDs/data/mp_profiles/images/rs_1929.jpg,cached,https://sansad.in/rs/members,2026-08-29T07:57:18.033216+00:00
Rajya Sabha,2556,"Agrawal, Dr. Radha Mohan Das",Bharatiya Janata Party,BJP,,Uttar Pradesh,https://sansad.in/getFile/newmembers/photos/P2556.jpg?source=rajyasabha,/Users/alokkumardalei/Desktop/MPLED/MPLEDs/data/mp_profiles/images/rs_2556.jpg,cached,https://sansad.in/rs/members,2026-08-29T07:57:18.033216+00:00
Rajya Sabha,2690,"Agrawal, Shri Rajneesh Kumar",Bharatiya Janata Party,BJP,,Madhya Pradesh,https://sansad.in/getFile/newmembers/photos/P2690.jpg?source=rajyasabha,/Users/alokkumardalei/Desktop/MPLED/MPLEDs/data/mp_profiles/images/rs_2690.jpg,cached,https://sansad.in/rs/members,2026-08-29T07:57:18.033216+00:00
Rajya Sabha,2562,"Ahmad, Dr. Faiyaz",Rashtriya Janata Dal,RJD,,Bihar,https://sansad.in/getFile/newmembers/photos/P2562.jpg?source=rajyasabha,/Users/alokkumardalei/Desktop/MPLED/MPLEDs/data/mp_profiles/images/rs_2562.jpg,cached,https://sansad.in/rs/members,2026-08-29T07:57:18.033216+00:00
Rajya Sabha,2628,"Ahmad, Dr. Sarfraz",Jharkhand Mukti Morcha,JMM,,Jharkhand,https://sansad.in/getFile/newmembers/photos/P2628.jpg?source=rajyasabha,/Users/alokkumardalei/Desktop/MPLED/MPLEDs/data/mp_profiles/images/rs_2628.jpg,cached,https://sansad.in/rs/members,2026-08-29T07:57:18.033216+00:00
Rajya Sabha,2572,"Ali, Shri Gulam",Bharatiya Janata Party,BJP,,Nominated,https://sansad.in/getFile/newmembers/photos/P2572.jpg?source=rajyasabha,/Users/alokkumardalei/Desktop/MPLED/MPLEDs/data/mp_profiles/images/rs_2572.jpg,cached,https://sansad.in/rs/members,2026-08-29T07:57:18.033216+00:00
Rajya Sabha,2248,"Athawale, Shri Ramdas Bandu",Republican Party of India (ATHAWALE),RPI (ATWL),,Maharashtra,https://sansad.in/getFile/newmembers/photos/P2248.jpg?source=rajyasabha,/Users/alokkumardalei/Desktop/MPLED/MPLEDs/data/mp_profiles/images/rs_2248.jpg,cached,https://sansad.in/rs/members,2026-08-29T07:57:18.033216+00:00
Rajya Sabha,2641,"Babu, Shri Sana Sathish",Telugu Desam Party,TDP,,Andhra Pradesh,https://sansad.in/getFile/newmembers/photos/P2641.jpg?source=rajyasabha,/Users/alokkumardalei/Desktop/MPLED/MPLEDs/data/mp_profiles/images/rs_2641.jpg,cached,https://sansad.in/rs/members,2026-08-29T07:57:18.033216+00:00
Rajya Sabha,2586,"Baburao, Shri Golla",Yuvajana Sramika Rythu Congress Party,YSRCP,,Andhra Pradesh,https://sansad.in/getFile/newmembers/photos/P2586.jpg?source=rajyasabha,/Users/alokkumardalei/Desktop/MPLED/MPLEDs/data/mp_profiles/images/rs_2586.jpg,cached,https://sansad.in/rs/members,2026-08-29T07:57:18.033216+00:00
Rajya Sabha,1964,"Bachchan, Smt. Jaya Amitabh",Samajwadi Party,SP,,Uttar Pradesh,https://sansad.in/getFile/newmembers/photos/P1964.jpg?source=rajyasabha,/Users/alokkumardalei/Desktop/MPLED/MPLEDs/data/mp_profiles/images/rs_1964.jpg,cached,https://sansad.in/rs/members,2026-08-29T07:57:18.033216+00:00
Rajya Sabha,2064,"Baishya, Shri Birendra Prasad",Asom Gana Parishad,AGP,,Assam,https://sansad.in/getFile/newmembers/photos/P2064.jpg?source=rajyasabha,/Users/alokkumardalei/Desktop/MPLED/MPLEDs/data/mp_profiles/images/rs_2064.jpg,cached,https://sansad.in/rs/members,2026-08-29T07:57:18.033216+00:00
Rajya Sabha,2558,"Bajpai, Dr. Laxmi Kant",Bharatiya Janata Party,BJP,,Uttar Pradesh,https://sansad.in/getFile/newmembers/photos/P2558.jpg?source=rajyasabha,/Users/alokkumardalei/Desktop/MPLED/MPLEDs/data/mp_profiles/images/rs_2558.jpg,cached,https://sansad.in/rs/members,2026-08-29T07:57:18.033216+00:00
Rajya Sabha,2533,"Balmik, Smt. Sumitra",Bharatiya Janata Party,BJP,,Madhya Pradesh,https://sansad.in/getFile/newmembers/photos/P2533.jpg?source=rajyasabha,/Users/alokkumardalei/Desktop/MPLED/MPLEDs/data/mp_profiles/images/rs_2533.jpg,cached,https://sansad.in/rs/members,2026-08-29T07:57:18.033216+00:00
Rajya Sabha,2617,"Balwant, Dr. Sangeeta",Bharatiya Janata Party,BJP,,Uttar Pradesh,https://sansad.in/getFile/newmembers/photos/P2617.jpg?source=rajyasabha,/Users/alokkumardalei/Desktop/MPLED/MPLEDs/data/mp_profiles/images/rs_2617.jpg,cached,https://sansad.in/rs/members,2026-08-29T07:57:18.033216+00:00
Rajya Sabha,2493,"Bansal, Shri Naresh",Bharatiya Janata Party,BJP,,Uttarakhand,https://sansad.in/getFile/newmembers/photos/P2493.jpg?source=rajyasabha,/Users/alokkumardalei/Desktop/MPLED/MPLEDs/data/mp_profiles/images/rs_2493.jpg,cached,https://sansad.in/rs/members,2026-08-29T07:57:18.033216+00:00
Rajya Sabha,2577,"Baraik, Shri Prakash Chik",Bharatiya Janata Party,BJP,,West Bengal,https://sansad.in/getFile/newmembers/photos/P2577.jpg?source=rajyasabha,/Users/alokkumardalei/Desktop/MPLED/MPLEDs/data/mp_profiles/images/rs_2577.jpg,cached,https://sansad.in/rs/members,2026-08-29T07:57:18.033216+00:00
Rajya Sabha,2677,"Baral, Shri Babul Supriya",All India Trinamool Congress,AITC,,West Bengal,https://sansad.in/getFile/newmembers/photos/P2677.jpg?source=rajyasabha,/Users/alokkumardalei/Desktop/MPLED/MPLEDs/data/mp_profiles/images/rs_2677.jpg,cached,https://sansad.in/rs/members,2026-08-29T07:57:18.033216+00:00
Rajya Sabha,2597,"Barala, Shri Subhash",Bharatiya Janata Party,BJP,,Haryana,https://sansad.in/getFile/newmembers/photos/P2597.jpg?source=rajyasabha,/Users/alokkumardalei/Desktop/MPLED/MPLEDs/data/mp_profiles/images/rs_2597.jpg,cached,https://sansad.in/rs/members,2026-08-29T07:57:18.033216+00:00
Rajya Sabha,2527,"Beedha, Shri Masthan Rao Yadav",Telugu Desam Party,TDP,,Andhra Pradesh,https://sansad.in/getFile/newmembers/photos/P2527.jpg?source=rajyasabha,/Users/alokkumardalei/Desktop/MPLED/MPLEDs/data/mp_profiles/images/rs_2527.jpg,cached,https://sansad.in/rs/members,2026-08-29T07:57:18.033216+00:00
Rajya Sabha,2631,"Beeran, Shri Haris",Indian Union Muslim League,IUML,,Keralam,https://sansad.in/getFile/newmembers/photos/P2631.jpg?source=rajyasabha,/Users/alokkumardalei/Desktop/MPLED/MPLEDs/data/mp_profiles/images/rs_2631.jpg,cached,https://sansad.in/rs/members,2026-08-29T07:57:18.033216+00:00
Rajya Sabha,2600,"Bhandage, Shri Narayanasa K.",Bharatiya Janata Party,BJP,,Karnataka,https://sansad.in/getFile/newmembers/photos/P2600.jpg?source=rajyasabha,/Users/alokkumardalei/Desktop/MPLED/MPLEDs/data/mp_profiles/images/rs_2600.jpg,cached,https://sansad.in/rs/members,2026-08-29T07:57:18.033216+00:00
Rajya Sabha,2667,"Bhatia, Shri Sanjay",Bharatiya Janata Party,BJP,,Haryana,https://sansad.in/getFile/newmembers/photos/P2667.jpg?source=rajyasabha,/Users/alokkumardalei/Desktop/MPLED/MPLEDs/data/mp_profiles/images/rs_2667.jpg,cached,https://sansad.in/rs/members,2026-08-29T07:57:18.033216+00:00
Rajya Sabha,2618,"Bhatt, Shri Mahendra",Bharatiya Janata Party,BJP,,Uttarakhand,https://sansad.in/getFile/newmembers/photos/P2618.jpg?source=rajyasabha,/Users/alokkumardalei/Desktop/MPLED/MPLEDs/data/mp_profiles/images/rs_2618.jpg,cached,https://sansad.in/rs/members,2026-08-29T07:57:18.033216+00:00
Rajya Sabha,2640,"Bhattacharjee, Shri Rajib",Bharatiya Janata Party,BJP,,Tripura,https://sansad.in/getFile/newmembers/photos/P2640.jpg?source=rajyasabha,/Users/alokkumardalei/Desktop/MPLED/MPLEDs/data/mp_profiles/images/rs_2640.jpg,cached,https://sansad.in/rs/members,2026-08-29T07:57:18.033216+00:00
Rajya Sabha,2620,"Bhattacharya, Shri Samik",Bharatiya Janata Party,BJP,,West Bengal,https://sansad.in/getFile/newmembers/photos/P2620.jpg?source=rajyasabha,/Users/alokkumardalei/Desktop/MPLED/MPLEDs/data/mp_profiles/images/rs_2620.jpg,cached,https://sansad.in/rs/members,2026-08-29T07:57:18.033216+00:00
Rajya Sabha,2543,"Bonde, Dr. Anil Sukhdeorao",Bharatiya Janata Party,BJP,,Maharashtra,https://sansad.in/getFile/newmembers/photos/P2543.jpg?source=rajyasabha,/Users/alokkumardalei/Desktop/MPLED/MPLEDs/data/mp_profiles/images/rs_2543.jpg,cached,https://sansad.in/rs/members,2026-08-29T07:57:18.033216+00:00
Rajya Sabha,2664,"Boro, Shri Pramod",UNITED PEOPLES PARTY (LIBERAL),UPP(L),,Assam,https://sansad.in/getFile/newmembers/photos/P2664.jpg?source=rajyasabha,/Users/alokkumardalei/Desktop/MPLED/MPLEDs/data/mp_profiles/images/rs_2664.jpg,cached,https://sansad.in/rs/members,2026-08-29T07:57:18.033216+00:00
Rajya Sabha,2666,"Boudh, Shri Karamvir Singh",Indian National Congress,INC,,Haryana,https://sansad.in/getFile/newmembers/photos/P2666.jpg?source=rajyasabha,/Users/alokkumardalei/Desktop/MPLED/MPLEDs/data/mp_profiles/images/rs_2666.jpg,cached,https://sansad.in/rs/members,2026-08-29T07:57:18.033216+00:00
Rajya Sabha,2488,"Brij Lal, Shri",Bharatiya Janata Party,BJP,,Uttar Pradesh,https://sansad.in/getFile/newmembers/photos/P2488.jpg?source=rajyasabha,/Users/alokkumardalei/Desktop/MPLED/MPLEDs/data/mp_profiles/images/rs_2488.jpg,cached,https://sansad.in/rs/members,2026-08-29T07:57:18.033216+00:00
Rajya Sabha,2498,"Brittas, Dr. John",Communist Party of India (Marxist),CPI(M),,Keralam,https://sansad.in/getFile/newmembers/photos/P2498.jpg?source=rajyasabha,/Users/alokkumardalei/Desktop/MPLED/MPLEDs/data/mp_profiles/images/rs_2498.jpg,cached,https://sansad.in/rs/members,2026-08-29T07:57:18.033216+00:00
Rajya Sabha,2522,"Chadha, Shri Raghav",Bharatiya Janata Party,BJP,,Punjab,https://sansad.in/getFile/newmembers/photos/P2522.jpg?source=rajyasabha,/Users/alokkumardalei/Desktop/MPLED/MPLEDs/data/mp_profiles/images/rs_2522.jpg,cached,https://sansad.in/rs/members,2026-08-29T07:57:18.033216+00:00
Rajya Sabha,2687,"Chakravarthy, Shri Praveen",Indian National Congress,INC,,Tamil Nadu,https://sansad.in/getFile/newmembers/photos/P2687.jpg?source=rajyasabha,/Users/alokkumardalei/Desktop/MPLED/MPLEDs/data/mp_profiles/images/rs_2687.jpg,cached,https://sansad.in/rs/members,2026-08-29T07:57:18.033216+00:00
Rajya Sabha,2384,"Chandrashekhar, Shri G.C.",Indian National Congress,INC,,Karnataka,https://sansad.in/getFile/newmembers/photos/P2384.jpg?source=rajyasabha,/Users/alokkumardalei/Desktop/MPLED/MPLEDs/data/mp_profiles/images/rs_2384.jpg,cached,https://sansad.in/rs/members,2026-08-29T07:57:18.033216+00:00
Rajya Sabha,2551,"Chaudhary, Shri Jayant",Rashtriya Lok Dal,RLD,,Uttar Pradesh,https://sansad.in/getFile/newmembers/photos/P2551.jpg?source=rajyasabha,/Users/alokkumardalei/Desktop/MPLED/MPLEDs/data/mp_profiles/images/rs_2551.jpg,cached,https://sansad.in/rs/members,2026-08-29T07:57:18.033216+00:00
Rajya Sabha,2607,"Chavan, Shri Ashokrao Shankarrao",Bharatiya Janata Party,BJP,,Maharashtra,https://sansad.in/getFile/newmembers/photos/P2607.jpg?source=rajyasabha,/Users/alokkumardalei/Desktop/MPLED/MPLEDs/data/mp_profiles/images/rs_2607.jpg,cached,https://sansad.in/rs/members,2026-08-29T07:57:18.033216+00:00
Rajya Sabha,2343,"Chidambaram, Shri P.",Indian National Congress,INC,,Tamil Nadu,https://sansad.in/getFile/newmembers/photos/P2343.jpg?source=rajyasabha,/Users/alokkumardalei/Desktop/MPLED/MPLEDs/data/mp_profiles/images/rs_2343.jpg,cached,https://sansad.in/rs/members,2026-08-29T07:57:18.033216+00:00
Rajya Sabha,2694,"Chintakayala, Shri Vijay",Telugu Desam Party,TDP,,Andhra Pradesh,https://sansad.in/getFile/newmembers/photos/P2694.jpg?source=rajyasabha,/Users/alokkumardalei/Desktop/MPLED/MPLEDs/data/mp_profiles/images/rs_2694.jpg,cached,https://sansad.in/rs/members,2026-08-29T07:57:18.033216+00:00
Rajya Sabha,503,"Chowdhury, Smt. Renuka",Indian National Congress,INC,,Telangana,https://sansad.in/getFile/newmembers/photos/P503.jpg?source=rajyasabha,/Users/alokkumardalei/Desktop/MPLED/MPLEDs/data/mp_profiles/images/rs_503.jpg,cached,https://sansad.in/rs/members,2026-08-29T07:57:18.033216+00:00
Rajya Sabha,2691,"Chugh, Shri Tarun",Bharatiya Janata Party,BJP,,Madhya Pradesh,https://sansad.in/getFile/newmembers/photos/P2691.jpg?source=rajyasabha,/Users/alokkumardalei/Desktop/MPLED/MPLEDs/data/mp_profiles/images/rs_2691.jpg,cached,https://sansad.in/rs/members,2026-08-29T07:57:18.033216+00:00
Rajya Sabha,2477,"Dangi, Shri Neeraj",Indian National Congress,INC,,Rajasthan,https://sansad.in/getFile/newmembers/photos/P2477.jpg?source=rajyasabha,/Users/alokkumardalei/Desktop/MPLED/MPLEDs/data/mp_profiles/images/rs_2477.jpg,cached,https://sansad.in/rs/members,2026-08-29T07:57:18.033216+00:00
Rajya Sabha,2541,"Deo, Smt. Sulata",Biju Janata Dal,BJD,,Odisha,https://sansad.in/getFile/newmembers/photos/P2541.jpg?source=rajyasabha,/Users/alokkumardalei/Desktop/MPLED/MPLEDs/data/mp_profiles/images/rs_2541.jpg,cached,https://sansad.in/rs/members,2026-08-29T07:57:18.033216+00:00
Rajya Sabha,2608,"Deora, Shri Milind Murli",Shiv Sena,SS,,Maharashtra,https://sansad.in/getFile/newmembers/photos/P2608.jpg?source=rajyasabha,/Users/alokkumardalei/Desktop/MPLED/MPLEDs/data/mp_profiles/images/rs_2608.jpg,cached,https://sansad.in/rs/members,2026-08-29T07:57:18.033216+00:00
Rajya Sabha,2576,"Desai, Shri Babubhai Jesangbhai",Bharatiya Janata Party,BJP,,Gujarat,https://sansad.in/getFile/newmembers/photos/P2576.jpg?source=rajyasabha,/Users/alokkumardalei/Desktop/MPLED/MPLEDs/data/mp_profiles/images/rs_2576.jpg,cached,https://sansad.in/rs/members,2026-08-29T07:57:18.033216+00:00
Rajya Sabha,2507,"Dev, Ms. Sushmita",Bharatiya Janata Party,BJP,,West Bengal,https://sansad.in/getFile/newmembers/photos/P2507.jpg?source=rajyasabha,/Users/alokkumardalei/Desktop/MPLED/MPLEDs/data/mp_profiles/images/rs_2507.jpg,cached,https://sansad.in/rs/members,2026-08-29T07:57:18.033216+00:00
Rajya Sabha,2695,"Devi, Smt. Adhikarimayum Sharda",Bharatiya Janata Party,BJP,,Manipur,https://sansad.in/getFile/newmembers/photos/P2695.jpg?source=rajyasabha,/Users/alokkumardalei/Desktop/MPLED/MPLEDs/data/mp_profiles/images/rs_2695.jpg,cached,https://sansad.in/rs/members,2026-08-29T07:57:18.033216+00:00
Rajya Sabha,2653,"Dhanapal, Dr. M.",All India Anna Dravida Munnetra Kazhagam,AIADMK,,Tamil Nadu,https://sansad.in/getFile/newmembers/photos/P2653.jpg?source=rajyasabha,/Users/alokkumardalei/Desktop/MPLED/MPLEDs/data/mp_profiles/images/rs_2653.jpg,cached,https://sansad.in/rs/members,2026-08-29T07:57:18.033216+00:00
Rajya Sabha,2537,"Dharmar, Shri R.",All India Anna Dravida Munnetra Kazhagam,AIADMK,,Tamil Nadu,https://sansad.in/getFile/newmembers/photos/P2537.jpg?source=rajyasabha,/Users/alokkumardalei/Desktop/MPLED/MPLEDs/data/mp_profiles/images/rs_2537.jpg,cached,https://sansad.in/rs/members,2026-08-29T07:57:18.033216+00:00
Rajya Sabha,2594,"Dholakia, Shri Govindbhai Laljibhai",Bharatiya Janata Party,BJP,,Gujarat,https://sansad.in/getFile/newmembers/photos/P2594.jpg?source=rajyasabha,/Users/alokkumardalei/Desktop/MPLED/MPLEDs/data/mp_profiles/images/rs_2594.jpg,cached,https://sansad.in/rs/members,2026-08-29T07:57:18.033216+00:00
Rajya Sabha,2529,"Divakonda, Shri Damodar Rao",Bharat Rashtra Samithi,BRS,,Telangana,https://sansad.in/getFile/newmembers/photos/P2529.jpg?source=rajyasabha,/Users/alokkumardalei/Desktop/MPLED/MPLEDs/data/mp_profiles/images/rs_2529.jpg,cached,https://sansad.in/rs/members,2026-08-29T07:57:18.033216+00:00
Rajya Sabha,2435,"Dubey, Shri Satish Chandra",Bharatiya Janata Party,BJP,,Bihar,https://sansad.in/getFile/newmembers/photos/P2435.jpg?source=rajyasabha,/Users/alokkumardalei/Desktop/MPLED/MPLEDs/data/mp_profiles/images/rs_2435.jpg,cached,https://sansad.in/rs/members,2026-08-29T07:57:18.033216+00:00
Rajya Sabha,2490,"Dwivedi, Smt. Seema",Bharatiya Janata Party,BJP,,Uttar Pradesh,https://sansad.in/getFile/newmembers/photos/P2490.jpg?source=rajyasabha,/Users/alokkumardalei/Desktop/MPLED/MPLEDs/data/mp_profiles/images/rs_2490.jpg,cached,https://sansad.in/rs/members,2026-08-29T07:57:18.033216+00:00
Rajya Sabha,2626,"Gandhi, Smt. Sonia",Indian National Congress,INC,,Rajasthan,https://sansad.in/getFile/newmembers/photos/P2626.jpg?source=rajyasabha,/Users/alokkumardalei/Desktop/MPLED/MPLEDs/data/mp_profiles/images/rs_2626.jpg,cached,https://sansad.in/rs/members,2026-08-29T07:57:18.033216+00:00
Rajya Sabha,2624,"Garasiya, Shri Chunnilal",Bharatiya Janata Party,BJP,,Rajasthan,https://sansad.in/getFile/newmembers/photos/P2624.jpg?source=rajyasabha,/Users/alokkumardalei/Desktop/MPLED/MPLEDs/data/mp_profiles/images/rs_2624.jpg,cached,https://sansad.in/rs/members,2026-08-29T07:57:18.033216+00:00
Rajya Sabha,2487,"Geeta alias Chandraprabha, Smt.",Bharatiya Janata Party,BJP,,Uttar Pradesh,https://sansad.in/getFile/newmembers/photos/P2487.jpg?source=rajyasabha,/Users/alokkumardalei/Desktop/MPLED/MPLEDs/data/mp_profiles/images/rs_2487.jpg,cached,https://sansad.in/rs/members,2026-08-29T07:57:18.033216+00:00
Rajya Sabha,2621,"Ghose, Smt. Sagarika",All India Trinamool Congress,AITC,,West Bengal,https://sansad.in/getFile/newmembers/photos/P2621.jpg?source=rajyasabha,/Users/alokkumardalei/Desktop/MPLED/MPLEDs/data/mp_profiles/images/rs_2621.jpg,cached,https://sansad.in/rs/members,2026-08-29T07:57:18.033216+00:00
Rajya Sabha,2535,"Girirajan, Shri R.",Dravida Munnetra Kazhagam,DMK,,Tamil Nadu,https://sansad.in/getFile/newmembers/photos/P2535.jpg?source=rajyasabha,/Users/alokkumardalei/Desktop/MPLED/MPLEDs/data/mp_profiles/images/rs_2535.jpg,cached,https://sansad.in/rs/members,2026-08-29T07:57:18.033216+00:00
Rajya Sabha,2606,"Gopchade, Dr. Ajeet Madhavrao",Bharatiya Janata Party,BJP,,Maharashtra,https://sansad.in/getFile/newmembers/photos/P2606.jpg?source=rajyasabha,/Users/alokkumardalei/Desktop/MPLED/MPLEDs/data/mp_profiles/images/rs_2606.jpg,cached,https://sansad.in/rs/members,2026-08-29T07:57:18.033216+00:00
Rajya Sabha,2661,"Gowalla, Shri Terash",Bharatiya Janata Party,BJP,,Assam,https://sansad.in/getFile/newmembers/photos/P2661.jpg?source=rajyasabha,/Users/alokkumardalei/Desktop/MPLED/MPLEDs/data/mp_profiles/images/rs_2661.jpg,cached,https://sansad.in/rs/members,2026-08-29T07:57:18.033216+00:00
Rajya Sabha,2589,"Gupta, Dr. Dharmshila",Bharatiya Janata Party,BJP,,Bihar,https://sansad.in/getFile/newmembers/photos/P2589.jpg?source=rajyasabha,/Users/alokkumardalei/Desktop/MPLED/MPLEDs/data/mp_profiles/images/rs_2589.jpg,cached,https://sansad.in/rs/members,2026-08-29T07:57:18.033216+00:00
Rajya Sabha,2374,"Gupta, Shri Narain Dass",Aam Aadmi Party,AAP,,National Capital Territory of Delhi,https://sansad.in/getFile/newmembers/photos/P2374.jpg?source=rajyasabha,/Users/alokkumardalei/Desktop/MPLED/MPLEDs/data/mp_profiles/images/rs_2374.jpg,cached,https://sansad.in/rs/members,2026-08-29T07:57:18.033216+00:00
Rajya Sabha,2654,"Gupta, Shri Rajinder",Bharatiya Janata Party,BJP,,Punjab,https://sansad.in/getFile/newmembers/photos/P2654.jpg?source=rajyasabha,/Users/alokkumardalei/Desktop/MPLED/MPLEDs/data/mp_profiles/images/rs_2654.jpg,cached,https://sansad.in/rs/members,2026-08-29T07:57:18.033216+00:00
Rajya Sabha,2688,"Gurjar, Dr. Alka",Bharatiya Janata Party,BJP,,Rajasthan,https://sansad.in/getFile/newmembers/photos/P2688.jpg?source=rajyasabha,/Users/alokkumardalei/Desktop/MPLED/MPLEDs/data/mp_profiles/images/rs_2688.jpg,cached,https://sansad.in/rs/members,2026-08-29T07:57:18.033216+00:00
Rajya Sabha,2603,"Gurjar, Shri Banshilal",Bharatiya Janata Party,BJP,,Madhya Pradesh,https://sansad.in/getFile/newmembers/photos/P2603.jpg?source=rajyasabha,/Users/alokkumardalei/Desktop/MPLED/MPLEDs/data/mp_profiles/images/rs_2603.jpg,cached,https://sansad.in/rs/members,2026-08-29T07:57:18.033216+00:00
Rajya Sabha,2678,"Guruswamy, Dr. Menaka",All India Trinamool Congress,AITC,,West Bengal,https://sansad.in/getFile/newmembers/photos/P2678.jpg?source=rajyasabha,/Users/alokkumardalei/Desktop/MPLED/MPLEDs/data/mp_profiles/images/rs_2678.jpg,cached,https://sansad.in/rs/members,2026-08-29T07:57:18.033216+00:00
Rajya Sabha,2649,"Haasan, Shri Kamal",Makkal Needhi Maiam,MNM,,Tamil Nadu,https://sansad.in/getFile/newmembers/photos/P2649.jpg?source=rajyasabha,/Users/alokkumardalei/Desktop/MPLED/MPLEDs/data/mp_profiles/images/rs_2649.jpg,cached,https://sansad.in/rs/members,2026-08-29T07:57:18.033216+00:00
Rajya Sabha,2609,"Handore, Shri Chandrakant Damodar",Indian National Congress,INC,,Maharashtra,https://sansad.in/getFile/newmembers/photos/P2609.jpg?source=rajyasabha,/Users/alokkumardalei/Desktop/MPLED/MPLEDs/data/mp_profiles/images/rs_2609.jpg,cached,https://sansad.in/rs/members,2026-08-29T07:57:18.033216+00:00
Rajya Sabha,2198,"Haque, Shri Mohammed Nadimul",All India Trinamool Congress,AITC,,West Bengal,https://sansad.in/getFile/newmembers/photos/P2198.jpg?source=rajyasabha,/Users/alokkumardalei/Desktop/MPLED/MPLEDs/data/mp_profiles/images/rs_2198.jpg,cached,https://sansad.in/rs/members,2026-08-29T07:57:18.033216+00:00
Rajya Sabha,2567,"Heggade, Dr. Dharmasthala Veerendra",Nominated,NOM.,,Nominated,https://sansad.in/getFile/newmembers/photos/P2567.jpg?source=rajyasabha,/Users/alokkumardalei/Desktop/MPLED/MPLEDs/data/mp_profiles/images/rs_2567.jpg,cached,https://sansad.in/rs/members,2026-08-29T07:57:18.033216+00:00
Rajya Sabha,2386,"Hussain, Dr. Syed Naseer",Indian National Congress,INC,,Karnataka,https://sansad.in/getFile/newmembers/photos/P2386.jpg?source=rajyasabha,/Users/alokkumardalei/Desktop/MPLED/MPLEDs/data/mp_profiles/images/rs_2386.jpg,cached,https://sansad.in/rs/members,2026-08-29T07:57:18.033216+00:00
Rajya Sabha,2566,"Ilaiyaraaja, Shri",Nominated,NOM.,,Nominated,https://sansad.in/getFile/newmembers/photos/P2566.jpg?source=rajyasabha,/Users/alokkumardalei/Desktop/MPLED/MPLEDs/data/mp_profiles/images/rs_2566.jpg,cached,https://sansad.in/rs/members,2026-08-29T07:57:18.033216+00:00
Rajya Sabha,2652,"Inbadurai, Shri I.S.",All India Anna Dravida Munnetra Kazhagam,AIADMK,,Tamil Nadu,https://sansad.in/getFile/newmembers/photos/P2652.jpg?source=rajyasabha,/Users/alokkumardalei/Desktop/MPLED/MPLEDs/data/mp_profiles/images/rs_2652.jpg,cached,https://sansad.in/rs/members,2026-08-29T07:57:18.033216+00:00
Rajya Sabha,2578,"Islam, Shri Samirul",All India Trinamool Congress,AITC,,West Bengal,https://sansad.in/getFile/newmembers/photos/P2578.jpg?source=rajyasabha,/Users/alokkumardalei/Desktop/MPLED/MPLEDs/data/mp_profiles/images/rs_2578.jpg,cached,https://sansad.in/rs/members,2026-08-29T07:57:18.033216+00:00
Rajya Sabha,2660,"Ivnate, Smt. Maya Chintaman",Bharatiya Janata Party,BJP,,Maharashtra,https://sansad.in/getFile/newmembers/photos/P2660.jpg?source=rajyasabha,/Users/alokkumardalei/Desktop/MPLED/MPLEDs/data/mp_profiles/images/rs_2660.jpg,cached,https://sansad.in/rs/members,2026-08-29T07:57:18.033216+00:00
Rajya Sabha,2538,"Jaggesh, Shri",Bharatiya Janata Party,BJP,,Karnataka,https://sansad.in/getFile/newmembers/photos/P2538.jpg?source=rajyasabha,/Users/alokkumardalei/Desktop/MPLED/MPLEDs/data/mp_profiles/images/rs_2538.jpg,cached,https://sansad.in/rs/members,2026-08-29T07:57:18.033216+00:00
Rajya Sabha,2648,"Jain, Dr. Meenakshi",Nominated,NOM.,,Nominated,https://sansad.in/getFile/newmembers/photos/P2648.jpg?source=rajyasabha,/Users/alokkumardalei/Desktop/MPLED/MPLEDs/data/mp_profiles/images/rs_2648.jpg,cached,https://sansad.in/rs/members,2026-08-29T07:57:18.033216+00:00
Rajya Sabha,2613,"Jain, Shri Naveen",Bharatiya Janata Party,BJP,,Uttar Pradesh,https://sansad.in/getFile/newmembers/photos/P2613.jpg?source=rajyasabha,/Users/alokkumardalei/Desktop/MPLED/MPLEDs/data/mp_profiles/images/rs_2613.jpg,cached,https://sansad.in/rs/members,2026-08-29T07:57:18.033216+00:00
Rajya Sabha,2686,"Jain, Shri Rajendra Hiralal",Nationalist Congress Party,NCP,,Maharashtra,https://sansad.in/getFile/newmembers/photos/P2686.jpg?source=rajyasabha,/Users/alokkumardalei/Desktop/MPLED/MPLEDs/data/mp_profiles/images/rs_2686.jpg,cached,https://sansad.in/rs/members,2026-08-29T07:57:18.033216+00:00
Rajya Sabha,2426,"Jaishankar, Shri S.",Bharatiya Janata Party,BJP,,Gujarat,https://sansad.in/getFile/newmembers/photos/P2426.jpg?source=rajyasabha,/Users/alokkumardalei/Desktop/MPLED/MPLEDs/data/mp_profiles/images/rs_2426.jpg,cached,https://sansad.in/rs/members,2026-08-29T07:57:18.033216+00:00
Rajya Sabha,2379,"Jha, Prof. Manoj Kumar",Rashtriya Janata Dal,RJD,,Bihar,https://sansad.in/getFile/newmembers/photos/P2379.jpg?source=rajyasabha,/Users/alokkumardalei/Desktop/MPLED/MPLEDs/data/mp_profiles/images/rs_2379.jpg,cached,https://sansad.in/rs/members,2026-08-29T07:57:18.033216+00:00
Rajya Sabha,2591,"Jha, Shri Sanjay Kumar",Janata Dal (United),JD(U),,Bihar,https://sansad.in/getFile/newmembers/photos/P2591.jpg?source=rajyasabha,/Users/alokkumardalei/Desktop/MPLED/MPLEDs/data/mp_profiles/images/rs_2591.jpg,cached,https://sansad.in/rs/members,2026-08-29T07:57:18.033216+00:00
Rajya Sabha,2579,"Jhala, Shri Kesridevsinh",Bharatiya Janata Party,BJP,,Gujarat,https://sansad.in/getFile/newmembers/photos/P2579.jpg?source=rajyasabha,/Users/alokkumardalei/Desktop/MPLED/MPLEDs/data/mp_profiles/images/rs_2579.jpg,cached,https://sansad.in/rs/members,2026-08-29T07:57:18.033216+00:00
Rajya Sabha,2534,"Kalyanasundaram, Shri S.",Dravida Munnetra Kazhagam,DMK,,Tamil Nadu,https://sansad.in/getFile/newmembers/photos/P2534.jpg?source=rajyasabha,/Users/alokkumardalei/Desktop/MPLED/MPLEDs/data/mp_profiles/images/rs_2534.jpg,cached,https://sansad.in/rs/members,2026-08-29T07:57:18.033216+00:00
Rajya Sabha,2700,"Kanzariya, Shri Jitendra Meghjibhai",Bharatiya Janata Party,BJP,,Gujarat,https://sansad.in/getFile/newmembers/photos/P2700.jpg?source=rajyasabha,/Users/alokkumardalei/Desktop/MPLED/MPLEDs/data/mp_profiles/images/rs_2700.jpg,cached,https://sansad.in/rs/members,2026-08-29T07:57:18.033216+00:00
Rajya Sabha,2704,"Kewat, Shri Mahesh",Bharatiya Janata Party,BJP,,Madhya Pradesh,https://sansad.in/getFile/newmembers/photos/P2704.jpg?source=rajyasabha,/Users/alokkumardalei/Desktop/MPLED/MPLEDs/data/mp_profiles/images/rs_2704.jpg,cached,https://sansad.in/rs/members,2026-08-29T07:57:18.033216+00:00
Rajya Sabha,2295,"Khan, Shri Javed Ali",Samajwadi Party,SP,,Uttar Pradesh,https://sansad.in/getFile/newmembers/photos/P2295.jpg?source=rajyasabha,/Users/alokkumardalei/Desktop/MPLED/MPLEDs/data/mp_profiles/images/rs_2295.jpg,cached,https://sansad.in/rs/members,2026-08-29T07:57:18.033216+00:00
Rajya Sabha,2703,"Khan, Shri Mansoor Ali",Indian National Congress,INC,,Karnataka,https://sansad.in/getFile/newmembers/photos/P2703.jpg?source=rajyasabha,/Users/alokkumardalei/Desktop/MPLED/MPLEDs/data/mp_profiles/images/rs_2703.jpg,cached,https://sansad.in/rs/members,2026-08-29T07:57:18.033216+00:00
Rajya Sabha,2482,"Kharge, Shri Mallikarjun",Indian National Congress,INC,,Karnataka,https://sansad.in/getFile/newmembers/photos/P2482.jpg?source=rajyasabha,/Users/alokkumardalei/Desktop/MPLED/MPLEDs/data/mp_profiles/images/rs_2482.jpg,cached,https://sansad.in/rs/members,2026-08-29T07:57:18.033216+00:00
Rajya Sabha,2702,"Khera, Shri Pawan",Indian National Congress,INC,,Karnataka,https://sansad.in/getFile/newmembers/photos/P2702.jpg?source=rajyasabha,/Users/alokkumardalei/Desktop/MPLED/MPLEDs/data/mp_profiles/images/rs_2702.jpg,cached,https://sansad.in/rs/members,2026-08-29T07:57:18.033216+00:00
Rajya Sabha,2623,"Khuntia, Shri Subhasish",Biju Janata Dal,BJD,,Odisha,https://sansad.in/getFile/newmembers/photos/P2623.jpg?source=rajyasabha,/Users/alokkumardalei/Desktop/MPLED/MPLEDs/data/mp_profiles/images/rs_2623.jpg,cached,https://sansad.in/rs/members,2026-08-29T07:57:18.033216+00:00
Rajya Sabha,2656,"Kichloo, Shri Sajjad Ahmad",J&K National Conference,J&KNC,,Jammu & Kashmir,https://sansad.in/getFile/newmembers/photos/P2656.jpg?source=rajyasabha,/Users/alokkumardalei/Desktop/MPLED/MPLEDs/data/mp_profiles/images/rs_2656.jpg,cached,https://sansad.in/rs/members,2026-08-29T07:57:18.033216+00:00
Rajya Sabha,2516,"Konyak, Smt. S. Phangnon",Bharatiya Janata Party,BJP,,Nagaland,https://sansad.in/getFile/newmembers/photos/P2516.jpg?source=rajyasabha,/Users/alokkumardalei/Desktop/MPLED/MPLEDs/data/mp_profiles/images/rs_2516.jpg,cached,https://sansad.in/rs/members,2026-08-29T07:57:18.033216+00:00
Rajya Sabha,2528,"Krishnaiah, Shri Ryaga",Bharatiya Janata Party,BJP,,Andhra Pradesh,https://sansad.in/getFile/newmembers/photos/P2528.jpg?source=rajyasabha,/Users/alokkumardalei/Desktop/MPLED/MPLEDs/data/mp_profiles/images/rs_2528.jpg,cached,https://sansad.in/rs/members,2026-08-29T07:57:18.033216+00:00
Rajya Sabha,2605,"Kulkarni, Dr. Medha Vishram",Bharatiya Janata Party,BJP,,Maharashtra,https://sansad.in/getFile/newmembers/photos/P2605.jpg?source=rajyasabha,/Users/alokkumardalei/Desktop/MPLED/MPLEDs/data/mp_profiles/images/rs_2605.jpg,cached,https://sansad.in/rs/members,2026-08-29T07:57:18.033216+00:00
Rajya Sabha,2512,"Kumar, Dr. Sikander",Bharatiya Janata Party,BJP,,Himachal Pradesh,https://sansad.in/getFile/newmembers/photos/P2512.jpg?source=rajyasabha,/Users/alokkumardalei/Desktop/MPLED/MPLEDs/data/mp_profiles/images/rs_2512.jpg,cached,https://sansad.in/rs/members,2026-08-29T07:57:18.033216+00:00
Rajya Sabha,2555,"Kumar, Shri Mithlesh",Bharatiya Janata Party,BJP,,Uttar Pradesh,https://sansad.in/getFile/newmembers/photos/P2555.jpg?source=rajyasabha,/Users/alokkumardalei/Desktop/MPLED/MPLEDs/data/mp_profiles/images/rs_2555.jpg,cached,https://sansad.in/rs/members,2026-08-29T07:57:18.033216+00:00
Rajya Sabha,2685,"Kumar, Shri Nitish",Janata Dal (United),JD(U),,Bihar,https://sansad.in/getFile/newmembers/photos/P2685.jpg?source=rajyasabha,/Users/alokkumardalei/Desktop/MPLED/MPLEDs/data/mp_profiles/images/rs_2685.jpg,cached,https://sansad.in/rs/members,2026-08-29T07:57:18.033216+00:00
Rajya Sabha,2679,"Kumar, Shri Rajeev",All India Trinamool Congress,AITC,,West Bengal,https://sansad.in/getFile/newmembers/photos/P2679.jpg?source=rajyasabha,/Users/alokkumardalei/Desktop/MPLED/MPLEDs/data/mp_profiles/images/rs_2679.jpg,cached,https://sansad.in/rs/members,2026-08-29T07:57:18.033216+00:00
Rajya Sabha,2684,"Kumar, Shri Shivesh",Bharatiya Janata Party,BJP,,Bihar,https://sansad.in/getFile/newmembers/photos/P2684.jpg?source=rajyasabha,/Users/alokkumardalei/Desktop/MPLED/MPLEDs/data/mp_profiles/images/rs_2684.jpg,cached,https://sansad.in/rs/members,2026-08-29T07:57:18.033216+00:00
Rajya Sabha,2447,"Kumar, Shri Sujeet",Bharatiya Janata Party,BJP,,Odisha,https://sansad.in/getFile/newmembers/photos/P2447.jpg?source=rajyasabha,/Users/alokkumardalei/Desktop/MPLED/MPLEDs/data/mp_profiles/images/rs_2447.jpg,cached,https://sansad.in/rs/members,2026-08-29T07:57:18.033216+00:00
Rajya Sabha,2168,"Kushwaha, Shri Upendra",Rashtriya Lok Morcha,RLM,,Bihar,https://sansad.in/getFile/newmembers/photos/P2168.jpg?source=rajyasabha,/Users/alokkumardalei/Desktop/MPLED/MPLEDs/data/mp_profiles/images/rs_2168.jpg,cached,https://sansad.in/rs/members,2026-08-29T07:57:18.033216+00:00
Rajya Sabha,2705,"Laltluangkima, Shri Khiangte",Zoram Peoples Movement,ZPM,,Mizoram,https://sansad.in/getFile/newmembers/photos/P2705.jpg?source=rajyasabha,/Users/alokkumardalei/Desktop/MPLED/MPLEDs/data/mp_profiles/images/rs_2705.jpg,cached,https://sansad.in/rs/members,2026-08-29T07:57:18.033216+00:00
Rajya Sabha,2557,"Laxman, Dr. K.",Bharatiya Janata Party,BJP,,Uttar Pradesh,https://sansad.in/getFile/newmembers/photos/P2557.jpg?source=rajyasabha,/Users/alokkumardalei/Desktop/MPLED/MPLEDs/data/mp_profiles/images/rs_2557.jpg,cached,https://sansad.in/rs/members,2026-08-29T07:57:18.033216+00:00
Rajya Sabha,2584,"Lepcha, Shri Dorjee Tshering",Bharatiya Janata Party,BJP,,Sikkim,https://sansad.in/getFile/newmembers/photos/P2584.jpg?source=rajyasabha,/Users/alokkumardalei/Desktop/MPLED/MPLEDs/data/mp_profiles/images/rs_2584.jpg,cached,https://sansad.in/rs/members,2026-08-29T07:57:18.033216+00:00
Rajya Sabha,2544,"Mahadik, Shri Dhananjay Bhimrao",Bharatiya Janata Party,BJP,,Maharashtra,https://sansad.in/getFile/newmembers/photos/P2544.jpg?source=rajyasabha,/Users/alokkumardalei/Desktop/MPLED/MPLEDs/data/mp_profiles/images/rs_2544.jpg,cached,https://sansad.in/rs/members,2026-08-29T07:57:18.033216+00:00
Rajya Sabha,2598,"Mahajan, Shri Harsh",Bharatiya Janata Party,BJP,,Himachal Pradesh,https://sansad.in/getFile/newmembers/photos/P2598.jpg?source=rajyasabha,/Users/alokkumardalei/Desktop/MPLED/MPLEDs/data/mp_profiles/images/rs_2598.jpg,cached,https://sansad.in/rs/members,2026-08-29T07:57:18.033216+00:00
Rajya Sabha,2561,"Mahto, Shri Khiru",Janata Dal (United),JD(U),,Bihar,https://sansad.in/getFile/newmembers/photos/P2561.jpg?source=rajyasabha,/Users/alokkumardalei/Desktop/MPLED/MPLEDs/data/mp_profiles/images/rs_2561.jpg,cached,https://sansad.in/rs/members,2026-08-29T07:57:18.033216+00:00
Rajya Sabha,2565,"Maji, Smt. Mahua",Jharkhand Mukti Morcha,JMM,,Jharkhand,https://sansad.in/getFile/newmembers/photos/P2565.jpg?source=rajyasabha,/Users/alokkumardalei/Desktop/MPLED/MPLEDs/data/mp_profiles/images/rs_2565.jpg,cached,https://sansad.in/rs/members,2026-08-29T07:57:18.033216+00:00
Rajya Sabha,2599,"Makan, Shri Ajay",Indian National Congress,INC,,Karnataka,https://sansad.in/getFile/newmembers/photos/P2599.jpg?source=rajyasabha,/Users/alokkumardalei/Desktop/MPLED/MPLEDs/data/mp_profiles/images/rs_2599.jpg,cached,https://sansad.in/rs/members,2026-08-29T07:57:18.033216+00:00
Rajya Sabha,2582,"Maliwal, Ms. Swati",Bharatiya Janata Party,BJP,,National Capital Territory of Delhi,https://sansad.in/getFile/newmembers/photos/P2582.jpg?source=rajyasabha,/Users/alokkumardalei/Desktop/MPLED/MPLEDs/data/mp_profiles/images/rs_2582.jpg,cached,https://sansad.in/rs/members,2026-08-29T07:57:18.033216+00:00
Rajya Sabha,2610,"Mandadi, Shri Anil Kumar Yadav",Indian National Congress,INC,,Telangana,https://sansad.in/getFile/newmembers/photos/P2610.jpg?source=rajyasabha,/Users/alokkumardalei/Desktop/MPLED/MPLEDs/data/mp_profiles/images/rs_2610.jpg,cached,https://sansad.in/rs/members,2026-08-29T07:57:18.033216+00:00
Rajya Sabha,2540,"Mangaraj, Shri Manas Ranjan",Biju Janata Dal,BJD,,Odisha,https://sansad.in/getFile/newmembers/photos/P2540.jpg?source=rajyasabha,/Users/alokkumardalei/Desktop/MPLED/MPLEDs/data/mp_profiles/images/rs_2540.jpg,cached,https://sansad.in/rs/members,2026-08-29T07:57:18.033216+00:00
Rajya Sabha,2416,"Mani, Shri Jose K.",Kerala Congress (M),KC(M),,Keralam,https://sansad.in/getFile/newmembers/photos/P2416.jpg?source=rajyasabha,/Users/alokkumardalei/Desktop/MPLED/MPLEDs/data/mp_profiles/images/rs_2416.jpg,cached,https://sansad.in/rs/members,2026-08-29T07:57:18.033216+00:00
Rajya Sabha,2659,"Manickam, Shri Christopher",Indian National Congress,INC,,Tamil Nadu,https://sansad.in/getFile/newmembers/photos/P2659.jpg?source=rajyasabha,/Users/alokkumardalei/Desktop/MPLED/MPLEDs/data/mp_profiles/images/rs_2659.jpg,cached,https://sansad.in/rs/members,2026-08-29T07:57:18.033216+00:00
Rajya Sabha,2510,"Margherita, Shri Pabitra",Bharatiya Janata Party,BJP,,Assam,https://sansad.in/getFile/newmembers/photos/P2510.jpg?source=rajyasabha,/Users/alokkumardalei/Desktop/MPLED/MPLEDs/data/mp_profiles/images/rs_2510.jpg,cached,https://sansad.in/rs/members,2026-08-29T07:57:18.033216+00:00
Rajya Sabha,2646,"Master, Shri C. Sadanandan",Bharatiya Janata Party,BJP,,Nominated,https://sansad.in/getFile/newmembers/photos/P2646.jpg?source=rajyasabha,/Users/alokkumardalei/Desktop/MPLED/MPLEDs/data/mp_profiles/images/rs_2646.jpg,cached,https://sansad.in/rs/members,2026-08-29T07:57:18.033216+00:00
Rajya Sabha,2513,"Mather Hisham, Smt. Jebi",Indian National Congress,INC,,Keralam,https://sansad.in/getFile/newmembers/photos/P2513.jpg?source=rajyasabha,/Users/alokkumardalei/Desktop/MPLED/MPLEDs/data/mp_profiles/images/rs_2513.jpg,cached,https://sansad.in/rs/members,2026-08-29T07:57:18.033216+00:00
Rajya Sabha,2611,"Maurya, Shri Amar Pal",Bharatiya Janata Party,BJP,,Uttar Pradesh,https://sansad.in/getFile/newmembers/photos/P2611.jpg?source=rajyasabha,/Users/alokkumardalei/Desktop/MPLED/MPLEDs/data/mp_profiles/images/rs_2611.jpg,cached,https://sansad.in/rs/members,2026-08-29T07:57:18.033216+00:00
Rajya Sabha,2634,"Mishra, Shri Manan Kumar",Bharatiya Janata Party,BJP,,Bihar,https://sansad.in/getFile/newmembers/photos/P2634.jpg?source=rajyasabha,/Users/alokkumardalei/Desktop/MPLED/MPLEDs/data/mp_profiles/images/rs_2634.jpg,cached,https://sansad.in/rs/members,2026-08-29T07:57:18.033216+00:00
Rajya Sabha,2673,"Misra, Dr. Santrupt",Biju Janata Dal,BJD,,Odisha,https://sansad.in/getFile/newmembers/photos/P2673.jpg?source=rajyasabha,/Users/alokkumardalei/Desktop/MPLED/MPLEDs/data/mp_profiles/images/rs_2673.jpg,cached,https://sansad.in/rs/members,2026-08-29T07:57:18.033216+00:00
Rajya Sabha,2518,"Mittal, Dr. Ashok Kumar",Bharatiya Janata Party,BJP,,Punjab,https://sansad.in/getFile/newmembers/photos/P2518.jpg?source=rajyasabha,/Users/alokkumardalei/Desktop/MPLED/MPLEDs/data/mp_profiles/images/rs_2518.jpg,cached,https://sansad.in/rs/members,2026-08-29T07:57:18.033216+00:00
Rajya Sabha,2663,"Mohan, Shri Jogen",Bharatiya Janata Party,BJP,,Assam,https://sansad.in/getFile/newmembers/photos/P2663.jpg?source=rajyasabha,/Users/alokkumardalei/Desktop/MPLED/MPLEDs/data/mp_profiles/images/rs_2663.jpg,cached,https://sansad.in/rs/members,2026-08-29T07:57:18.033216+00:00
Rajya Sabha,2585,"Murty, Smt. Sudha",Nominated,NOM.,,Nominated,https://sansad.in/getFile/newmembers/photos/P2585.jpg?source=rajyasabha,/Users/alokkumardalei/Desktop/MPLED/MPLEDs/data/mp_profiles/images/rs_2585.jpg,cached,https://sansad.in/rs/members,2026-08-29T07:57:18.033216+00:00
Rajya Sabha,2504,"Murugan, Dr. L.",Bharatiya Janata Party,BJP,,Madhya Pradesh,https://sansad.in/getFile/newmembers/photos/P2504.jpg?source=rajyasabha,/Users/alokkumardalei/Desktop/MPLED/MPLEDs/data/mp_profiles/images/rs_2504.jpg,cached,https://sansad.in/rs/members,2026-08-29T07:57:18.033216+00:00
Rajya Sabha,2683,"Nabin, Shri Nitin",Bharatiya Janata Party,BJP,,Bihar,https://sansad.in/getFile/newmembers/photos/P2683.jpg?source=rajyasabha,/Users/alokkumardalei/Desktop/MPLED/MPLEDs/data/mp_profiles/images/rs_2683.jpg,cached,https://sansad.in/rs/members,2026-08-29T07:57:18.033216+00:00
Rajya Sabha,2204,"Nadda, Shri Jagat Prakash",Bharatiya Janata Party,BJP,,Gujarat,https://sansad.in/getFile/newmembers/photos/P2204.jpg?source=rajyasabha,/Users/alokkumardalei/Desktop/MPLED/MPLEDs/data/mp_profiles/images/rs_2204.jpg,cached,https://sansad.in/rs/members,2026-08-29T07:57:18.033216+00:00
Rajya Sabha,2353,"Nagar, Shri Surendra Singh",Bharatiya Janata Party,BJP,,Uttar Pradesh,https://sansad.in/getFile/newmembers/photos/P2353.jpg?source=rajyasabha,/Users/alokkumardalei/Desktop/MPLED/MPLEDs/data/mp_profiles/images/rs_2353.jpg,cached,https://sansad.in/rs/members,2026-08-29T07:57:18.033216+00:00
Rajya Sabha,2701,"Nagaraja, Shri M.",Bharatiya Janata Party,BJP,,Karnataka,https://sansad.in/getFile/newmembers/photos/P2701.jpg?source=rajyasabha,/Users/alokkumardalei/Desktop/MPLED/MPLEDs/data/mp_profiles/images/rs_2701.jpg,cached,https://sansad.in/rs/members,2026-08-29T07:57:18.033216+00:00
Rajya Sabha,2604,"Naroliya, Smt. Maya",Bharatiya Janata Party,BJP,,Madhya Pradesh,https://sansad.in/getFile/newmembers/photos/P2604.jpg?source=rajyasabha,/Users/alokkumardalei/Desktop/MPLED/MPLEDs/data/mp_profiles/images/rs_2604.jpg,cached,https://sansad.in/rs/members,2026-08-29T07:57:18.033216+00:00
Rajya Sabha,2511,"Narzary, Shri Rwngwra",UNITED PEOPLES PARTY (LIBERAL),UPP(L),,Assam,https://sansad.in/getFile/newmembers/photos/P2511.jpg?source=rajyasabha,/Users/alokkumardalei/Desktop/MPLED/MPLEDs/data/mp_profiles/images/rs_2511.jpg,cached,https://sansad.in/rs/members,2026-08-29T07:57:18.033216+00:00
Rajya Sabha,2596,"Nayak, Shri Mayankkumar",Bharatiya Janata Party,BJP,,Gujarat,https://sansad.in/getFile/newmembers/photos/P2596.jpg?source=rajyasabha,/Users/alokkumardalei/Desktop/MPLED/MPLEDs/data/mp_profiles/images/rs_2596.jpg,cached,https://sansad.in/rs/members,2026-08-29T07:57:18.033216+00:00
Rajya Sabha,2460,"Netam, Smt. Phulo Devi",Indian National Congress,INC,,Chhattisgarh,https://sansad.in/getFile/newmembers/photos/P2460.jpg?source=rajyasabha,/Users/alokkumardalei/Desktop/MPLED/MPLEDs/data/mp_profiles/images/rs_2460.jpg,cached,https://sansad.in/rs/members,2026-08-29T07:57:18.033216+00:00
Rajya Sabha,2645,"Nikam, Shri Ujjwal Deorao",Bharatiya Janata Party,BJP,,Nominated,https://sansad.in/getFile/newmembers/photos/P2645.jpg?source=rajyasabha,/Users/alokkumardalei/Desktop/MPLED/MPLEDs/data/mp_profiles/images/rs_2645.jpg,cached,https://sansad.in/rs/members,2026-08-29T07:57:18.033216+00:00
Rajya Sabha,2288,"Nirmala Sitharaman, Smt.",Bharatiya Janata Party,BJP,,Karnataka,https://sansad.in/getFile/newmembers/photos/P2288.jpg?source=rajyasabha,/Users/alokkumardalei/Desktop/MPLED/MPLEDs/data/mp_profiles/images/rs_2288.jpg,cached,https://sansad.in/rs/members,2026-08-29T07:57:18.033216+00:00
Rajya Sabha,2554,"Nishad, Shri Baburam",Bharatiya Janata Party,BJP,,Uttar Pradesh,https://sansad.in/getFile/newmembers/photos/P2554.jpg?source=rajyasabha,/Users/alokkumardalei/Desktop/MPLED/MPLEDs/data/mp_profiles/images/rs_2554.jpg,cached,https://sansad.in/rs/members,2026-08-29T07:57:18.033216+00:00
Rajya Sabha,2181,"O' Brien, Shri Derek",All India Trinamool Congress,AITC,,West Bengal,https://sansad.in/getFile/newmembers/photos/P2181.jpg?source=rajyasabha,/Users/alokkumardalei/Desktop/MPLED/MPLEDs/data/mp_profiles/images/rs_2181.jpg,cached,https://sansad.in/rs/members,2026-08-29T07:57:18.033216+00:00
Rajya Sabha,2658,"Oberoi, Shri Gurwinder Singh",J&K National Conference,J&KNC,,Jammu & Kashmir,https://sansad.in/getFile/newmembers/photos/P2658.jpg?source=rajyasabha,/Users/alokkumardalei/Desktop/MPLED/MPLEDs/data/mp_profiles/images/rs_2658.jpg,cached,https://sansad.in/rs/members,2026-08-29T07:57:18.033216+00:00
Rajya Sabha,2515,"P, Shri Sandosh Kumar",Communist Party of India,CPI,,Keralam,https://sansad.in/getFile/newmembers/photos/P2515.jpg?source=rajyasabha,/Users/alokkumardalei/Desktop/MPLED/MPLEDs/data/mp_profiles/images/rs_2515.jpg,cached,https://sansad.in/rs/members,2026-08-29T07:57:18.033216+00:00
Rajya Sabha,2081,"Parimal, Shri Nathwani",Independent & Others,IND.,,Jharkhand,https://sansad.in/getFile/newmembers/photos/P2081.jpg?source=rajyasabha,/Users/alokkumardalei/Desktop/MPLED/MPLEDs/data/mp_profiles/images/rs_2081.jpg,cached,https://sansad.in/rs/members,2026-08-29T07:57:18.033216+00:00
Rajya Sabha,2699,"Parmar, Shri Mansingh Meraman",Bharatiya Janata Party,BJP,,Gujarat,https://sansad.in/getFile/newmembers/photos/P2699.jpg?source=rajyasabha,/Users/alokkumardalei/Desktop/MPLED/MPLEDs/data/mp_profiles/images/rs_2699.jpg,cached,https://sansad.in/rs/members,2026-08-29T07:57:18.033216+00:00
Rajya Sabha,208,"Patel, Shri Praful",Nationalist Congress Party,NCP,,Maharashtra,https://sansad.in/getFile/newmembers/photos/P208.jpg?source=rajyasabha,/Users/alokkumardalei/Desktop/MPLED/MPLEDs/data/mp_profiles/images/rs_208.jpg,cached,https://sansad.in/rs/members,2026-08-29T07:57:18.033216+00:00
Rajya Sabha,2563,"Patel, Shri Shambhu Sharan",Bharatiya Janata Party,BJP,,Bihar,https://sansad.in/getFile/newmembers/photos/P2563.jpg?source=rajyasabha,/Users/alokkumardalei/Desktop/MPLED/MPLEDs/data/mp_profiles/images/rs_2563.jpg,cached,https://sansad.in/rs/members,2026-08-29T07:57:18.033216+00:00
Rajya Sabha,2521,"Pathak, Dr. Sandeep Kumar",Bharatiya Janata Party,BJP,,Punjab,https://sansad.in/getFile/newmembers/photos/P2521.jpg?source=rajyasabha,/Users/alokkumardalei/Desktop/MPLED/MPLEDs/data/mp_profiles/images/rs_2521.jpg,cached,https://sansad.in/rs/members,2026-08-29T07:57:18.033216+00:00
Rajya Sabha,2532,"Patidar, Dr. Kavita",Bharatiya Janata Party,BJP,,Madhya Pradesh,https://sansad.in/getFile/newmembers/photos/P2532.jpg?source=rajyasabha,/Users/alokkumardalei/Desktop/MPLED/MPLEDs/data/mp_profiles/images/rs_2532.jpg,cached,https://sansad.in/rs/members,2026-08-29T07:57:18.033216+00:00
Rajya Sabha,2638,"Patil, Shri Nitin Laxmanrao Jadhav",Nationalist Congress Party,NCP,,Maharashtra,https://sansad.in/getFile/newmembers/photos/P2638.jpg?source=rajyasabha,/Users/alokkumardalei/Desktop/MPLED/MPLEDs/data/mp_profiles/images/rs_2638.jpg,cached,https://sansad.in/rs/members,2026-08-29T07:57:18.033216+00:00
Rajya Sabha,2423,"Patra, Dr. Sasmit",Biju Janata Dal,BJD,,Odisha,https://sansad.in/getFile/newmembers/photos/P2423.jpg?source=rajyasabha,/Users/alokkumardalei/Desktop/MPLED/MPLEDs/data/mp_profiles/images/rs_2423.jpg,cached,https://sansad.in/rs/members,2026-08-29T07:57:18.033216+00:00
Rajya Sabha,2669,"Pawar, Shri Parth Ajit",Nationalist Congress Party,NCP,,Maharashtra,https://sansad.in/getFile/newmembers/photos/P2669.jpg?source=rajyasabha,/Users/alokkumardalei/Desktop/MPLED/MPLEDs/data/mp_profiles/images/rs_2669.jpg,cached,https://sansad.in/rs/members,2026-08-29T07:57:18.033216+00:00
Rajya Sabha,2251,"Pawar, Shri Sharadchandra",Nationalist Congress Party-SHARADCHANDRA PAWAR,NCP-SCP,,Maharashtra,https://sansad.in/getFile/newmembers/photos/P2251.jpg?source=rajyasabha,/Users/alokkumardalei/Desktop/MPLED/MPLEDs/data/mp_profiles/images/rs_2251.jpg,cached,https://sansad.in/rs/members,2026-08-29T07:57:18.033216+00:00
Rajya Sabha,2706,"Poonia, Dr. Satish",Bharatiya Janata Party,BJP,,Rajasthan,https://sansad.in/getFile/newmembers/photos/P2706.jpg?source=rajyasabha,/Users/alokkumardalei/Desktop/MPLED/MPLEDs/data/mp_profiles/images/rs_2706.jpg,cached,https://sansad.in/rs/members,2026-08-29T07:57:18.033216+00:00
Rajya Sabha,2564,"Prasad, Shri Aditya",Bharatiya Janata Party,BJP,,Jharkhand,https://sansad.in/getFile/newmembers/photos/P2564.jpg?source=rajyasabha,/Users/alokkumardalei/Desktop/MPLED/MPLEDs/data/mp_profiles/images/rs_2564.jpg,cached,https://sansad.in/rs/members,2026-08-29T07:57:18.033216+00:00
Rajya Sabha,2569,"Prasad, Shri V. Vijayendra",Nominated,NOM.,,Nominated,https://sansad.in/getFile/newmembers/photos/P2569.jpg?source=rajyasabha,/Users/alokkumardalei/Desktop/MPLED/MPLEDs/data/mp_profiles/images/rs_2569.jpg,cached,https://sansad.in/rs/members,2026-08-29T07:57:18.033216+00:00
Rajya Sabha,2542,"Pratapgarhi, Shri Imran",Indian National Congress,INC,,Maharashtra,https://sansad.in/getFile/newmembers/photos/P2542.jpg?source=rajyasabha,/Users/alokkumardalei/Desktop/MPLED/MPLEDs/data/mp_profiles/images/rs_2542.jpg,cached,https://sansad.in/rs/members,2026-08-29T07:57:18.033216+00:00
Rajya Sabha,2371,"Puri, Shri Hardeep Singh",Bharatiya Janata Party,BJP,,Uttar Pradesh,https://sansad.in/getFile/newmembers/photos/P2371.jpg?source=rajyasabha,/Users/alokkumardalei/Desktop/MPLED/MPLEDs/data/mp_profiles/images/rs_2371.jpg,cached,https://sansad.in/rs/members,2026-08-29T07:57:18.033216+00:00
Rajya Sabha,2644,"Purkayastha, Shri Kanad",Bharatiya Janata Party,BJP,,Assam,https://sansad.in/getFile/newmembers/photos/P2644.jpg?source=rajyasabha,/Users/alokkumardalei/Desktop/MPLED/MPLEDs/data/mp_profiles/images/rs_2644.jpg,cached,https://sansad.in/rs/members,2026-08-29T07:57:18.033216+00:00
Rajya Sabha,2514,"Rahim, Shri A. A.",Communist Party of India (Marxist),CPI(M),,Keralam,https://sansad.in/getFile/newmembers/photos/P2514.jpg?source=rajyasabha,/Users/alokkumardalei/Desktop/MPLED/MPLEDs/data/mp_profiles/images/rs_2514.jpg,cached,https://sansad.in/rs/members,2026-08-29T07:57:18.033216+00:00
Rajya Sabha,2506,"Rajeshkumar, Shri K.R.N.",Dravida Munnetra Kazhagam,DMK,,Tamil Nadu,https://sansad.in/getFile/newmembers/photos/P2506.jpg?source=rajyasabha,/Users/alokkumardalei/Desktop/MPLED/MPLEDs/data/mp_profiles/images/rs_2506.jpg,cached,https://sansad.in/rs/members,2026-08-29T07:57:18.033216+00:00
Rajya Sabha,2707,"Ram, Shri Baidyanath",Jharkhand Mukti Morcha,JMM,,Jharkhand,https://sansad.in/getFile/newmembers/photos/P2707.jpg?source=rajyasabha,/Users/alokkumardalei/Desktop/MPLED/MPLEDs/data/mp_profiles/images/rs_2707.jpg,cached,https://sansad.in/rs/members,2026-08-29T07:57:18.033216+00:00
Rajya Sabha,2692,"Rama Krishna, Shri Bhashyam",Telugu Desam Party,TDP,,Andhra Pradesh,https://sansad.in/getFile/newmembers/photos/P2692.jpg?source=rajyasabha,/Users/alokkumardalei/Desktop/MPLED/MPLEDs/data/mp_profiles/images/rs_2692.jpg,cached,https://sansad.in/rs/members,2026-08-29T07:57:18.033216+00:00
Rajya Sabha,1949,"Ramadoss, Dr. Anbumani",Pattali Makkal Katchi,PMK,,Tamil Nadu,https://sansad.in/getFile/newmembers/photos/P1949.jpg?source=rajyasabha,/Users/alokkumardalei/Desktop/MPLED/MPLEDs/data/mp_profiles/images/rs_1949.jpg,cached,https://sansad.in/rs/members,2026-08-29T07:57:18.033216+00:00
Rajya Sabha,1935,"Ramesh, Shri Jairam",Indian National Congress,INC,,Karnataka,https://sansad.in/getFile/newmembers/photos/P1935.jpg?source=rajyasabha,/Users/alokkumardalei/Desktop/MPLED/MPLEDs/data/mp_profiles/images/rs_1935.jpg,cached,https://sansad.in/rs/members,2026-08-29T07:57:18.033216+00:00
Rajya Sabha,2693,"Ramesh, Shri Lingamaneni",Janasena Party,JSP,,Andhra Pradesh,https://sansad.in/getFile/newmembers/photos/P2693.jpg?source=rajyasabha,/Users/alokkumardalei/Desktop/MPLED/MPLEDs/data/mp_profiles/images/rs_2693.jpg,cached,https://sansad.in/rs/members,2026-08-29T07:57:18.033216+00:00
Rajya Sabha,2489,"Ramji, Shri",Bahujan Samaj Party,BSP,,Uttar Pradesh,https://sansad.in/getFile/newmembers/photos/P2489.jpg?source=rajyasabha,/Users/alokkumardalei/Desktop/MPLED/MPLEDs/data/mp_profiles/images/rs_2489.jpg,cached,https://sansad.in/rs/members,2026-08-29T07:57:18.033216+00:00
Rajya Sabha,2655,"Ramzan, Shri Chowdry Mohammad",J&K National Conference,J&KNC,,Jammu & Kashmir,https://sansad.in/getFile/newmembers/photos/P2655.jpg?source=rajyasabha,/Users/alokkumardalei/Desktop/MPLED/MPLEDs/data/mp_profiles/images/rs_2655.jpg,cached,https://sansad.in/rs/members,2026-08-29T07:57:18.033216+00:00
Rajya Sabha,2531,"Ranjan, Smt. Ranjeet",Indian National Congress,INC,,Chhattisgarh,https://sansad.in/getFile/newmembers/photos/P2531.jpg?source=rajyasabha,/Users/alokkumardalei/Desktop/MPLED/MPLEDs/data/mp_profiles/images/rs_2531.jpg,cached,https://sansad.in/rs/members,2026-08-29T07:57:18.033216+00:00
Rajya Sabha,2625,"Rathore, Shri Madan",Bharatiya Janata Party,BJP,,Rajasthan,https://sansad.in/getFile/newmembers/photos/P2625.jpg?source=rajyasabha,/Users/alokkumardalei/Desktop/MPLED/MPLEDs/data/mp_profiles/images/rs_2625.jpg,cached,https://sansad.in/rs/members,2026-08-29T07:57:18.033216+00:00
Rajya Sabha,2698,"Rathwa, Dr. Mukeshbhai J.",Bharatiya Janata Party,BJP,,Gujarat,https://sansad.in/getFile/newmembers/photos/P2698.jpg?source=rajyasabha,/Users/alokkumardalei/Desktop/MPLED/MPLEDs/data/mp_profiles/images/rs_2698.jpg,cached,https://sansad.in/rs/members,2026-08-29T07:57:18.033216+00:00
Rajya Sabha,1945,"Raut, Shri Sanjay",Shiv Sena-Uddhav Balasaheb Thackeray,SS-UBT,,Maharashtra,https://sansad.in/getFile/newmembers/photos/P1945.jpg?source=rajyasabha,/Users/alokkumardalei/Desktop/MPLED/MPLEDs/data/mp_profiles/images/rs_1945.jpg,cached,https://sansad.in/rs/members,2026-08-29T07:57:18.033216+00:00
Rajya Sabha,2672,"Ravindran, Shri Constandine",Dravida Munnetra Kazhagam,DMK,,Tamil Nadu,https://sansad.in/getFile/newmembers/photos/P2672.jpg?source=rajyasabha,/Users/alokkumardalei/Desktop/MPLED/MPLEDs/data/mp_profiles/images/rs_2672.jpg,cached,https://sansad.in/rs/members,2026-08-29T07:57:18.033216+00:00
Rajya Sabha,236,"Ray, Shri Dilip Kumar",Independent & Others,IND.,,Odisha,https://sansad.in/getFile/newmembers/photos/P236.jpg?source=rajyasabha,/Users/alokkumardalei/Desktop/MPLED/MPLEDs/data/mp_profiles/images/rs_236.jpg,cached,https://sansad.in/rs/members,2026-08-29T07:57:18.033216+00:00
Rajya Sabha,2580,"Ray, Shri Nagendra",Bharatiya Janata Party,BJP,,West Bengal,https://sansad.in/getFile/newmembers/photos/P2580.jpg?source=rajyasabha,/Users/alokkumardalei/Desktop/MPLED/MPLEDs/data/mp_profiles/images/rs_2580.jpg,cached,https://sansad.in/rs/members,2026-08-29T07:57:18.033216+00:00
Rajya Sabha,2184,"Ray, Shri Sukhendu Sekhar",Bharatiya Janata Party,BJP,,West Bengal,https://sansad.in/getFile/newmembers/photos/P2184.jpg?source=rajyasabha,/Users/alokkumardalei/Desktop/MPLED/MPLEDs/data/mp_profiles/images/rs_2184.jpg,cached,https://sansad.in/rs/members,2026-08-29T07:57:18.033216+00:00
Rajya Sabha,2530,"Reddy, Shri B. Parthasaradhi",Bharat Rashtra Samithi,BRS,,Telangana,https://sansad.in/getFile/newmembers/photos/P2530.jpg?source=rajyasabha,/Users/alokkumardalei/Desktop/MPLED/MPLEDs/data/mp_profiles/images/rs_2530.jpg,cached,https://sansad.in/rs/members,2026-08-29T07:57:18.033216+00:00
Rajya Sabha,2587,"Reddy, Shri Meda Raghunadha",Yuvajana Sramika Rythu Congress Party,YSRCP,,Andhra Pradesh,https://sansad.in/getFile/newmembers/photos/P2587.jpg?source=rajyasabha,/Users/alokkumardalei/Desktop/MPLED/MPLEDs/data/mp_profiles/images/rs_2587.jpg,cached,https://sansad.in/rs/members,2026-08-29T07:57:18.033216+00:00
Rajya Sabha,2526,"Reddy, Shri S Niranjan",Yuvajana Sramika Rythu Congress Party,YSRCP,,Andhra Pradesh,https://sansad.in/getFile/newmembers/photos/P2526.jpg?source=rajyasabha,/Users/alokkumardalei/Desktop/MPLED/MPLEDs/data/mp_profiles/images/rs_2526.jpg,cached,https://sansad.in/rs/members,2026-08-29T07:57:18.033216+00:00
Rajya Sabha,2682,"Reddy, Shri Vem Narendar",Indian National Congress,INC,,Telangana,https://sansad.in/getFile/newmembers/photos/P2682.jpg?source=rajyasabha,/Users/alokkumardalei/Desktop/MPLED/MPLEDs/data/mp_profiles/images/rs_2682.jpg,cached,https://sansad.in/rs/members,2026-08-29T07:57:18.033216+00:00
Rajya Sabha,2588,"Reddy, Shri Yerram Venkata Subba",Yuvajana Sramika Rythu Congress Party,YSRCP,,Andhra Pradesh,https://sansad.in/getFile/newmembers/photos/P2588.jpg?source=rajyasabha,/Users/alokkumardalei/Desktop/MPLED/MPLEDs/data/mp_profiles/images/rs_2588.jpg,cached,https://sansad.in/rs/members,2026-08-29T07:57:18.033216+00:00
Rajya Sabha,2546,"Sahney, Dr. Vikramjit Singh",Bharatiya Janata Party,BJP,,Punjab,https://sansad.in/getFile/newmembers/photos/P2546.jpg?source=rajyasabha,/Users/alokkumardalei/Desktop/MPLED/MPLEDs/data/mp_profiles/images/rs_2546.jpg,cached,https://sansad.in/rs/members,2026-08-29T07:57:18.033216+00:00
Rajya Sabha,2560,"Saini, Dr. Kalpana",Bharatiya Janata Party,BJP,,Uttarakhand,https://sansad.in/getFile/newmembers/photos/P2560.jpg?source=rajyasabha,/Users/alokkumardalei/Desktop/MPLED/MPLEDs/data/mp_profiles/images/rs_2560.jpg,cached,https://sansad.in/rs/members,2026-08-29T07:57:18.033216+00:00
Rajya Sabha,2595,"Salamsinh, Dr. Parmar Jashvantsinh",Bharatiya Janata Party,BJP,,Gujarat,https://sansad.in/getFile/newmembers/photos/P2595.jpg?source=rajyasabha,/Users/alokkumardalei/Desktop/MPLED/MPLEDs/data/mp_profiles/images/rs_2595.jpg,cached,https://sansad.in/rs/members,2026-08-29T07:57:18.033216+00:00
Rajya Sabha,174,"Samal, Shri Manmohan",Bharatiya Janata Party,BJP,,Odisha,https://sansad.in/getFile/newmembers/photos/P174.jpg?source=rajyasabha,/Users/alokkumardalei/Desktop/MPLED/MPLEDs/data/mp_profiles/images/rs_174.jpg,cached,https://sansad.in/rs/members,2026-08-29T07:57:18.033216+00:00
Rajya Sabha,2622,"Samantaray, Shri Debashish",Bharatiya Janata Party,BJP,,Odisha,https://sansad.in/getFile/newmembers/photos/P2622.jpg?source=rajyasabha,/Users/alokkumardalei/Desktop/MPLED/MPLEDs/data/mp_profiles/images/rs_2622.jpg,cached,https://sansad.in/rs/members,2026-08-29T07:57:18.033216+00:00
Rajya Sabha,2583,"Sandhu, Shri Satnam Singh",Bharatiya Janata Party,BJP,,Nominated,https://sansad.in/getFile/newmembers/photos/P2583.jpg?source=rajyasabha,/Users/alokkumardalei/Desktop/MPLED/MPLEDs/data/mp_profiles/images/rs_2583.jpg,cached,https://sansad.in/rs/members,2026-08-29T07:57:18.033216+00:00
Rajya Sabha,2689,"Sangma, Shri James Pangsang Kongkal",National Peoples Party,NPP,,Meghalaya,https://sansad.in/getFile/newmembers/photos/P2689.jpg?source=rajyasabha,/Users/alokkumardalei/Desktop/MPLED/MPLEDs/data/mp_profiles/images/rs_2689.jpg,cached,https://sansad.in/rs/members,2026-08-29T07:57:18.033216+00:00
Rajya Sabha,2643,"Satyanarayana, Shri Paka Venkata",Bharatiya Janata Party,BJP,,Andhra Pradesh,https://sansad.in/getFile/newmembers/photos/P2643.jpg?source=rajyasabha,/Users/alokkumardalei/Desktop/MPLED/MPLEDs/data/mp_profiles/images/rs_2643.jpg,cached,https://sansad.in/rs/members,2026-08-29T07:57:18.033216+00:00
Rajya Sabha,2508,"Selvaganabathy, Shri S.",Bharatiya Janata Party,BJP,,Puducherry,https://sansad.in/getFile/newmembers/photos/P2508.jpg?source=rajyasabha,/Users/alokkumardalei/Desktop/MPLED/MPLEDs/data/mp_profiles/images/rs_2508.jpg,cached,https://sansad.in/rs/members,2026-08-29T07:57:18.033216+00:00
Rajya Sabha,2307,"Sen, Ms. Dola",All India Trinamool Congress,AITC,,West Bengal,https://sansad.in/getFile/newmembers/photos/P2307.jpg?source=rajyasabha,/Users/alokkumardalei/Desktop/MPLED/MPLEDs/data/mp_profiles/images/rs_2307.jpg,cached,https://sansad.in/rs/members,2026-08-29T07:57:18.033216+00:00
Rajya Sabha,2351,"Seth, Shri Sanjay",Bharatiya Janata Party,BJP,,Uttar Pradesh,https://sansad.in/getFile/newmembers/photos/P2351.jpg?source=rajyasabha,/Users/alokkumardalei/Desktop/MPLED/MPLEDs/data/mp_profiles/images/rs_2351.jpg,cached,https://sansad.in/rs/members,2026-08-29T07:57:18.033216+00:00
Rajya Sabha,2581,"Sharma, Dr. Dinesh",Bharatiya Janata Party,BJP,,Uttar Pradesh,https://sansad.in/getFile/newmembers/photos/P2581.jpg?source=rajyasabha,/Users/alokkumardalei/Desktop/MPLED/MPLEDs/data/mp_profiles/images/rs_2581.jpg,cached,https://sansad.in/rs/members,2026-08-29T07:57:18.033216+00:00
Rajya Sabha,2668,"Sharma, Shri Anurag",Indian National Congress,INC,,Himachal Pradesh,https://sansad.in/getFile/newmembers/photos/P2668.jpg?source=rajyasabha,/Users/alokkumardalei/Desktop/MPLED/MPLEDs/data/mp_profiles/images/rs_2668.jpg,cached,https://sansad.in/rs/members,2026-08-29T07:57:18.033216+00:00
Rajya Sabha,2571,"Sharma, Shri Kartikeya",Independent & Others,IND.,,Haryana,https://sansad.in/getFile/newmembers/photos/P2571.jpg?source=rajyasabha,/Users/alokkumardalei/Desktop/MPLED/MPLEDs/data/mp_profiles/images/rs_2571.jpg,cached,https://sansad.in/rs/members,2026-08-29T07:57:18.033216+00:00
Rajya Sabha,2657,"Sharma, Shri Sat Paul",Bharatiya Janata Party,BJP,,Jammu & Kashmir,https://sansad.in/getFile/newmembers/photos/P2657.jpg?source=rajyasabha,/Users/alokkumardalei/Desktop/MPLED/MPLEDs/data/mp_profiles/images/rs_2657.jpg,cached,https://sansad.in/rs/members,2026-08-29T07:57:18.033216+00:00
Rajya Sabha,2642,"Sharma, Smt. Rekha",Bharatiya Janata Party,BJP,,Haryana,https://sansad.in/getFile/newmembers/photos/P2642.jpg?source=rajyasabha,/Users/alokkumardalei/Desktop/MPLED/MPLEDs/data/mp_profiles/images/rs_2642.jpg,cached,https://sansad.in/rs/members,2026-08-29T07:57:18.033216+00:00
Rajya Sabha,2297,"Shekhar, Shri Neeraj",Bharatiya Janata Party,BJP,,Uttar Pradesh,https://sansad.in/getFile/newmembers/photos/P2297.jpg?source=rajyasabha,/Users/alokkumardalei/Desktop/MPLED/MPLEDs/data/mp_profiles/images/rs_2297.jpg,cached,https://sansad.in/rs/members,2026-08-29T07:57:18.033216+00:00
Rajya Sabha,2269,Shri Harivansh,Nominated,NOM.,,Nominated,https://sansad.in/getFile/newmembers/photos/P2269.jpg?source=rajyasabha,/Users/alokkumardalei/Desktop/MPLED/MPLEDs/data/mp_profiles/images/rs_2269.jpg,cached,https://sansad.in/rs/members,2026-08-29T07:57:18.033216+00:00
Rajya Sabha,2647,"Shringla, Shri Harsh Vardhan",Bharatiya Janata Party,BJP,,Nominated,https://sansad.in/getFile/newmembers/photos/P2647.jpg?source=rajyasabha,/Users/alokkumardalei/Desktop/MPLED/MPLEDs/data/mp_profiles/images/rs_2647.jpg,cached,https://sansad.in/rs/members,2026-08-29T07:57:18.033216+00:00
Rajya Sabha,175,"Shukla, Shri Rajeev",Indian National Congress,INC,,Chhattisgarh,https://sansad.in/getFile/newmembers/photos/P175.jpg?source=rajyasabha,/Users/alokkumardalei/Desktop/MPLED/MPLEDs/data/mp_profiles/images/rs_175.jpg,cached,https://sansad.in/rs/members,2026-08-29T07:57:18.033216+00:00
Rajya Sabha,2697,"Shukla, Shri Rajesh Parmanand",Bharatiya Janata Party,BJP,,Gujarat,https://sansad.in/getFile/newmembers/photos/P2697.jpg?source=rajyasabha,/Users/alokkumardalei/Desktop/MPLED/MPLEDs/data/mp_profiles/images/rs_2697.jpg,cached,https://sansad.in/rs/members,2026-08-29T07:57:18.033216+00:00
Rajya Sabha,74,"Sibal, Shri Kapil",Independent & Others,IND.,,Uttar Pradesh,https://sansad.in/getFile/newmembers/photos/P74.jpg?source=rajyasabha,/Users/alokkumardalei/Desktop/MPLED/MPLEDs/data/mp_profiles/images/rs_74.jpg,cached,https://sansad.in/rs/members,2026-08-29T07:57:18.033216+00:00
Rajya Sabha,2590,"Singh, Dr. Bhim",Bharatiya Janata Party,BJP,,Bihar,https://sansad.in/getFile/newmembers/photos/P2590.jpg?source=rajyasabha,/Users/alokkumardalei/Desktop/MPLED/MPLEDs/data/mp_profiles/images/rs_2590.jpg,cached,https://sansad.in/rs/members,2026-08-29T07:57:18.033216+00:00
Rajya Sabha,2377,"Singh, Shri Akhilesh Prasad",Indian National Congress,INC,,Bihar,https://sansad.in/getFile/newmembers/photos/P2377.jpg?source=rajyasabha,/Users/alokkumardalei/Desktop/MPLED/MPLEDs/data/mp_profiles/images/rs_2377.jpg,cached,https://sansad.in/rs/members,2026-08-29T07:57:18.033216+00:00
Rajya Sabha,2437,"Singh, Shri Arun",Bharatiya Janata Party,BJP,,Uttar Pradesh,https://sansad.in/getFile/newmembers/photos/P2437.jpg?source=rajyasabha,/Users/alokkumardalei/Desktop/MPLED/MPLEDs/data/mp_profiles/images/rs_2437.jpg,cached,https://sansad.in/rs/members,2026-08-29T07:57:18.033216+00:00
Rajya Sabha,2601,"Singh, Shri Ashok",Indian National Congress,INC,,Madhya Pradesh,https://sansad.in/getFile/newmembers/photos/P2601.jpg?source=rajyasabha,/Users/alokkumardalei/Desktop/MPLED/MPLEDs/data/mp_profiles/images/rs_2601.jpg,cached,https://sansad.in/rs/members,2026-08-29T07:57:18.033216+00:00
Rajya Sabha,2593,"Singh, Shri Devendra Pratap",Bharatiya Janata Party,BJP,,Chhattisgarh,https://sansad.in/getFile/newmembers/photos/P2593.jpg?source=rajyasabha,/Users/alokkumardalei/Desktop/MPLED/MPLEDs/data/mp_profiles/images/rs_2593.jpg,cached,https://sansad.in/rs/members,2026-08-29T07:57:18.033216+00:00
Rajya Sabha,2520,"Singh, Shri Harbhajan",Bharatiya Janata Party,BJP,,Punjab,https://sansad.in/getFile/newmembers/photos/P2520.jpg?source=rajyasabha,/Users/alokkumardalei/Desktop/MPLED/MPLEDs/data/mp_profiles/images/rs_2520.jpg,cached,https://sansad.in/rs/members,2026-08-29T07:57:18.033216+00:00
Rajya Sabha,2614,"Singh, Shri Ratanjit Pratap Narain",Bharatiya Janata Party,BJP,,Uttar Pradesh,https://sansad.in/getFile/newmembers/photos/P2614.jpg?source=rajyasabha,/Users/alokkumardalei/Desktop/MPLED/MPLEDs/data/mp_profiles/images/rs_2614.jpg,cached,https://sansad.in/rs/members,2026-08-29T07:57:18.033216+00:00
Rajya Sabha,2372,"Singh, Shri Sanjay",Aam Aadmi Party,AAP,,National Capital Territory of Delhi,https://sansad.in/getFile/newmembers/photos/P2372.jpg?source=rajyasabha,/Users/alokkumardalei/Desktop/MPLED/MPLEDs/data/mp_profiles/images/rs_2372.jpg,cached,https://sansad.in/rs/members,2026-08-29T07:57:18.033216+00:00
Rajya Sabha,2545,"Singh, Shri Sant Balbir",Aam Aadmi Party,AAP,,Punjab,https://sansad.in/getFile/newmembers/photos/P2545.jpg?source=rajyasabha,/Users/alokkumardalei/Desktop/MPLED/MPLEDs/data/mp_profiles/images/rs_2545.jpg,cached,https://sansad.in/rs/members,2026-08-29T07:57:18.033216+00:00
Rajya Sabha,2612,"Singh, Shri Tejveer",Bharatiya Janata Party,BJP,,Uttar Pradesh,https://sansad.in/getFile/newmembers/photos/P2612.jpg?source=rajyasabha,/Users/alokkumardalei/Desktop/MPLED/MPLEDs/data/mp_profiles/images/rs_2612.jpg,cached,https://sansad.in/rs/members,2026-08-29T07:57:18.033216+00:00
Rajya Sabha,2553,"Singh, Smt. Darshana",Bharatiya Janata Party,BJP,,Uttar Pradesh,https://sansad.in/getFile/newmembers/photos/P2553.jpg?source=rajyasabha,/Users/alokkumardalei/Desktop/MPLED/MPLEDs/data/mp_profiles/images/rs_2553.jpg,cached,https://sansad.in/rs/members,2026-08-29T07:57:18.033216+00:00
Rajya Sabha,2616,"Singh, Smt. Sadhna",Bharatiya Janata Party,BJP,,Uttar Pradesh,https://sansad.in/getFile/newmembers/photos/P2616.jpg?source=rajyasabha,/Users/alokkumardalei/Desktop/MPLED/MPLEDs/data/mp_profiles/images/rs_2616.jpg,cached,https://sansad.in/rs/members,2026-08-29T07:57:18.033216+00:00
Rajya Sabha,2029,"Singhvi, Dr. Abhishek Manu",Indian National Congress,INC,,Telangana,https://sansad.in/getFile/newmembers/photos/P2029.jpg?source=rajyasabha,/Users/alokkumardalei/Desktop/MPLED/MPLEDs/data/mp_profiles/images/rs_2029.jpg,cached,https://sansad.in/rs/members,2026-08-29T07:57:18.033216+00:00
Rajya Sabha,2681,"Sinha (Rahul Sinha), Shri Biswajit",Bharatiya Janata Party,BJP,,West Bengal,https://sansad.in/getFile/newmembers/photos/P2681.jpg?source=rajyasabha,/Users/alokkumardalei/Desktop/MPLED/MPLEDs/data/mp_profiles/images/rs_2681.jpg,cached,https://sansad.in/rs/members,2026-08-29T07:57:18.033216+00:00
Rajya Sabha,2539,"Siroya, Shri Lahar Singh",Bharatiya Janata Party,BJP,,Karnataka,https://sansad.in/getFile/newmembers/photos/P2539.jpg?source=rajyasabha,/Users/alokkumardalei/Desktop/MPLED/MPLEDs/data/mp_profiles/images/rs_2539.jpg,cached,https://sansad.in/rs/members,2026-08-29T07:57:18.033216+00:00
Rajya Sabha,177,"Siva, Shri Tiruchi",Dravida Munnetra Kazhagam,DMK,,Tamil Nadu,https://sansad.in/getFile/newmembers/photos/P177.jpg?source=rajyasabha,/Users/alokkumardalei/Desktop/MPLED/MPLEDs/data/mp_profiles/images/rs_177.jpg,cached,https://sansad.in/rs/members,2026-08-29T07:57:18.033216+00:00
Rajya Sabha,2499,"Sivadasan, Dr. V.",Communist Party of India (Marxist),CPI(M),,Keralam,https://sansad.in/getFile/newmembers/photos/P2499.jpg?source=rajyasabha,/Users/alokkumardalei/Desktop/MPLED/MPLEDs/data/mp_profiles/images/rs_2499.jpg,cached,https://sansad.in/rs/members,2026-08-29T07:57:18.033216+00:00
Rajya Sabha,2651,"Sivalingam, Shri S.R.",Dravida Munnetra Kazhagam,DMK,,Tamil Nadu,https://sansad.in/getFile/newmembers/photos/P2651.jpg?source=rajyasabha,/Users/alokkumardalei/Desktop/MPLED/MPLEDs/data/mp_profiles/images/rs_2651.jpg,cached,https://sansad.in/rs/members,2026-08-29T07:57:18.033216+00:00
Rajya Sabha,2650,Smt. Rajathi,Dravida Munnetra Kazhagam,DMK,,Tamil Nadu,https://sansad.in/getFile/newmembers/photos/P2650.jpg?source=rajyasabha,/Users/alokkumardalei/Desktop/MPLED/MPLEDs/data/mp_profiles/images/rs_2650.jpg,cached,https://sansad.in/rs/members,2026-08-29T07:57:18.033216+00:00
Rajya Sabha,2676,"Sudhish, Shri L. K.",Desiya Murpokku Dravida Kazhagam,DMDK,,Tamil Nadu,https://sansad.in/getFile/newmembers/photos/P2676.jpg?source=rajyasabha,/Users/alokkumardalei/Desktop/MPLED/MPLEDs/data/mp_profiles/images/rs_2676.jpg,cached,https://sansad.in/rs/members,2026-08-29T07:57:18.033216+00:00
Rajya Sabha,2615,"Suman, Shri Ramji Lal",Samajwadi Party,SP,,Uttar Pradesh,https://sansad.in/getFile/newmembers/photos/P2615.jpg?source=rajyasabha,/Users/alokkumardalei/Desktop/MPLED/MPLEDs/data/mp_profiles/images/rs_2615.jpg,cached,https://sansad.in/rs/members,2026-08-29T07:57:18.033216+00:00
Rajya Sabha,2630,"Suneer, Shri P. P.",Communist Party of India,CPI,,Keralam,https://sansad.in/getFile/newmembers/photos/P2630.jpg?source=rajyasabha,/Users/alokkumardalei/Desktop/MPLED/MPLEDs/data/mp_profiles/images/rs_2630.jpg,cached,https://sansad.in/rs/members,2026-08-29T07:57:18.033216+00:00
Rajya Sabha,2548,"Surjewala, Shri Randeep Singh",Indian National Congress,INC,,Rajasthan,https://sansad.in/getFile/newmembers/photos/P2548.jpg?source=rajyasabha,/Users/alokkumardalei/Desktop/MPLED/MPLEDs/data/mp_profiles/images/rs_2548.jpg,cached,https://sansad.in/rs/members,2026-08-29T07:57:18.033216+00:00
Rajya Sabha,2696,"Tagak, Shri Tai",Bharatiya Janata Party,BJP,,Arunachal Pradesh,https://sansad.in/getFile/newmembers/photos/P2696.jpg?source=rajyasabha,/Users/alokkumardalei/Desktop/MPLED/MPLEDs/data/mp_profiles/images/rs_2696.jpg,cached,https://sansad.in/rs/members,2026-08-29T07:57:18.033216+00:00
Rajya Sabha,2575,"Tanavade, Shri Sadanand mhalu shet",Bharatiya Janata Party,BJP,,Goa,https://sansad.in/getFile/newmembers/photos/P2575.jpg?source=rajyasabha,/Users/alokkumardalei/Desktop/MPLED/MPLEDs/data/mp_profiles/images/rs_2575.jpg,cached,https://sansad.in/rs/members,2026-08-29T07:57:18.033216+00:00
Rajya Sabha,2333,"Tankha, Shri Vivek K.",Indian National Congress,INC,,Madhya Pradesh,https://sansad.in/getFile/newmembers/photos/P2333.jpg?source=rajyasabha,/Users/alokkumardalei/Desktop/MPLED/MPLEDs/data/mp_profiles/images/rs_2333.jpg,cached,https://sansad.in/rs/members,2026-08-29T07:57:18.033216+00:00
Rajya Sabha,2662,"Tawde, Shri Vinod Shridhar",Bharatiya Janata Party,BJP,,Maharashtra,https://sansad.in/getFile/newmembers/photos/P2662.jpg?source=rajyasabha,/Users/alokkumardalei/Desktop/MPLED/MPLEDs/data/mp_profiles/images/rs_2662.jpg,cached,https://sansad.in/rs/members,2026-08-29T07:57:18.033216+00:00
Rajya Sabha,2268,"Thakur, Shri Ram Nath",Janata Dal (United),JD(U),,Bihar,https://sansad.in/getFile/newmembers/photos/P2268.jpg?source=rajyasabha,/Users/alokkumardalei/Desktop/MPLED/MPLEDs/data/mp_profiles/images/rs_2268.jpg,cached,https://sansad.in/rs/members,2026-08-29T07:57:18.033216+00:00
Rajya Sabha,2619,"Thakur, Smt. Mamata",All India Trinamool Congress,AITC,,West Bengal,https://sansad.in/getFile/newmembers/photos/P2619.jpg?source=rajyasabha,/Users/alokkumardalei/Desktop/MPLED/MPLEDs/data/mp_profiles/images/rs_2619.jpg,cached,https://sansad.in/rs/members,2026-08-29T07:57:18.033216+00:00
Rajya Sabha,2451,"Thambi Durai, Dr. M.",All India Anna Dravida Munnetra Kazhagam,AIADMK,,Tamil Nadu,https://sansad.in/getFile/newmembers/photos/P2451.jpg?source=rajyasabha,/Users/alokkumardalei/Desktop/MPLED/MPLEDs/data/mp_profiles/images/rs_2451.jpg,cached,https://sansad.in/rs/members,2026-08-29T07:57:18.033216+00:00
Rajya Sabha,2547,"Tiwari, Shri Ghanshyam",Bharatiya Janata Party,BJP,,Rajasthan,https://sansad.in/getFile/newmembers/photos/P2547.jpg?source=rajyasabha,/Users/alokkumardalei/Desktop/MPLED/MPLEDs/data/mp_profiles/images/rs_2547.jpg,cached,https://sansad.in/rs/members,2026-08-29T07:57:18.033216+00:00
Rajya Sabha,2245,"Tiwari, Shri Pramod",Indian National Congress,INC,,Rajasthan,https://sansad.in/getFile/newmembers/photos/P2245.jpg?source=rajyasabha,/Users/alokkumardalei/Desktop/MPLED/MPLEDs/data/mp_profiles/images/rs_2245.jpg,cached,https://sansad.in/rs/members,2026-08-29T07:57:18.033216+00:00
Rajya Sabha,2436,"Trivedi, Dr. Sudhanshu",Bharatiya Janata Party,BJP,,Uttar Pradesh,https://sansad.in/getFile/newmembers/photos/P2436.jpg?source=rajyasabha,/Users/alokkumardalei/Desktop/MPLED/MPLEDs/data/mp_profiles/images/rs_2436.jpg,cached,https://sansad.in/rs/members,2026-08-29T07:57:18.033216+00:00
Rajya Sabha,2602,"Umeshnath, Shri Balyogi",Bharatiya Janata Party,BJP,,Madhya Pradesh,https://sansad.in/getFile/newmembers/photos/P2602.jpg?source=rajyasabha,/Users/alokkumardalei/Desktop/MPLED/MPLEDs/data/mp_profiles/images/rs_2602.jpg,cached,https://sansad.in/rs/members,2026-08-29T07:57:18.033216+00:00
Rajya Sabha,2568,"Usha, Smt. P. T.",Nominated,NOM.,,Nominated,https://sansad.in/getFile/newmembers/photos/P2568.jpg?source=rajyasabha,/Users/alokkumardalei/Desktop/MPLED/MPLEDs/data/mp_profiles/images/rs_2568.jpg,cached,https://sansad.in/rs/members,2026-08-29T07:57:18.033216+00:00
Rajya Sabha,2524,"Vaddiraju, Shri Ravi Chandra",Bharat Rashtra Samithi,BRS,,Telangana,https://sansad.in/getFile/newmembers/photos/P2524.jpg?source=rajyasabha,/Users/alokkumardalei/Desktop/MPLED/MPLEDs/data/mp_profiles/images/rs_2524.jpg,cached,https://sansad.in/rs/members,2026-08-29T07:57:18.033216+00:00
Rajya Sabha,2425,"Vaishnaw, Shri Ashwini",Bharatiya Janata Party,BJP,,Odisha,https://sansad.in/getFile/newmembers/photos/P2425.jpg?source=rajyasabha,/Users/alokkumardalei/Desktop/MPLED/MPLEDs/data/mp_profiles/images/rs_2425.jpg,cached,https://sansad.in/rs/members,2026-08-29T07:57:18.033216+00:00
Rajya Sabha,2627,"Varma, Shri Pradip Kumar",Bharatiya Janata Party,BJP,,Jharkhand,https://sansad.in/getFile/newmembers/photos/P2627.jpg?source=rajyasabha,/Users/alokkumardalei/Desktop/MPLED/MPLEDs/data/mp_profiles/images/rs_2627.jpg,cached,https://sansad.in/rs/members,2026-08-29T07:57:18.033216+00:00
Rajya Sabha,2491,"Verma, Shri B.L.",Bharatiya Janata Party,BJP,,Uttar Pradesh,https://sansad.in/getFile/newmembers/photos/P2491.jpg?source=rajyasabha,/Users/alokkumardalei/Desktop/MPLED/MPLEDs/data/mp_profiles/images/rs_2491.jpg,cached,https://sansad.in/rs/members,2026-08-29T07:57:18.033216+00:00
Rajya Sabha,2665,"Verma, Smt. Laxmi",Bharatiya Janata Party,BJP,,Chhattisgarh,https://sansad.in/getFile/newmembers/photos/P2665.jpg?source=rajyasabha,/Users/alokkumardalei/Desktop/MPLED/MPLEDs/data/mp_profiles/images/rs_2665.jpg,cached,https://sansad.in/rs/members,2026-08-29T07:57:18.033216+00:00
Rajya Sabha,2670,"Wadkute, Dr. Ramrao Sakharam",Bharatiya Janata Party,BJP,,Maharashtra,https://sansad.in/getFile/newmembers/photos/P2670.jpg?source=rajyasabha,/Users/alokkumardalei/Desktop/MPLED/MPLEDs/data/mp_profiles/images/rs_2670.jpg,cached,https://sansad.in/rs/members,2026-08-29T07:57:18.033216+00:00
Rajya Sabha,2671,"Waghmare, Dr. Jyoti Nagnath",Shiv Sena,SS,,Maharashtra,https://sansad.in/getFile/newmembers/photos/P2671.jpg?source=rajyasabha,/Users/alokkumardalei/Desktop/MPLED/MPLEDs/data/mp_profiles/images/rs_2671.jpg,cached,https://sansad.in/rs/members,2026-08-29T07:57:18.033216+00:00
Rajya Sabha,2549,"Wasnik, Shri Mukul",Indian National Congress,INC,,Rajasthan,https://sansad.in/getFile/newmembers/photos/P2549.jpg?source=rajyasabha,/Users/alokkumardalei/Desktop/MPLED/MPLEDs/data/mp_profiles/images/rs_2549.jpg,cached,https://sansad.in/rs/members,2026-08-29T07:57:18.033216+00:00
Rajya Sabha,2431,"Wilson, Shri P.",Dravida Munnetra Kazhagam,DMK,,Tamil Nadu,https://sansad.in/getFile/newmembers/photos/P2431.jpg?source=rajyasabha,/Users/alokkumardalei/Desktop/MPLED/MPLEDs/data/mp_profiles/images/rs_2431.jpg,cached,https://sansad.in/rs/members,2026-08-29T07:57:18.033216+00:00
Rajya Sabha,109,"Yadav, Prof. Ram Gopal",Samajwadi Party,SP,,Uttar Pradesh,https://sansad.in/getFile/newmembers/photos/P109.jpg?source=rajyasabha,/Users/alokkumardalei/Desktop/MPLED/MPLEDs/data/mp_profiles/images/rs_109.jpg,cached,https://sansad.in/rs/members,2026-08-29T07:57:18.033216+00:00
Rajya Sabha,2592,"Yadav, Shri Sanjay",Rashtriya Janata Dal,RJD,,Bihar,https://sansad.in/getFile/newmembers/photos/P2592.jpg?source=rajyasabha,/Users/alokkumardalei/Desktop/MPLED/MPLEDs/data/mp_profiles/images/rs_2592.jpg,cached,https://sansad.in/rs/members,2026-08-29T07:57:18.033216+00:00
Rajya Sabha,2559,"Yadav, Smt. Sangeeta",Bharatiya Janata Party,BJP,,Uttar Pradesh,https://sansad.in/getFile/newmembers/photos/P2559.jpg?source=rajyasabha,/Users/alokkumardalei/Desktop/MPLED/MPLEDs/data/mp_profiles/images/rs_2559.jpg,cached,https://sansad.in/rs/members,2026-08-29T07:57:18.033216+00:00
